field_id,year,yield_t_ha,harvested_weight_t,completed_area_ha,completed_date,humidity,protein_content,oil_content,operation_id
195,2021,2.022276422764228,248.74,123.0,2021-08-22,0.0,0.0,0.0,7037
195,2022,2.1216260162601626,260.96,123.0,2022-08-10,0.0,0.0,0.0,8710
195,2023,0.8904065040650406,109.52,123.0,2023-08-09,0.0,0.0,0.0,12579
195,2024,2.7365853658536587,336.6,123.0,2024-09-29,0.0,0.0,0.0,31065
195,2025,2.7195121951219514,334.5,123.0,2025-09-18,0.0,0.0,0.0,35707
197,2021,2.5965868263473055,867.26,334.0,2021-08-23,0.0,0.0,0.0,7038
197,2022,1.5206997084548106,521.6,343.0,2022-08-09,0.0,0.0,0.0,8711
197,2023,1.0820991253644316,371.16,343.0,2023-08-20,0.0,0.0,0.0,12580
197,2024,3.2877551020408164,1127.7,343.0,2024-10-02,0.0,0.0,0.0,31066
197,2025,3.779416909620991,1296.34,343.0,2025-08-17,0.0,0.0,0.0,35708
207,2021,3.554181818181818,390.96,110.0,2021-08-24,0.0,0.0,0.0,7039
207,2022,1.9018181818181816,209.2,110.0,2022-08-11,0.0,0.0,0.0,8712
207,2023,1.0778181818181818,118.56,110.0,2023-08-18,19.0,0.0,0.0,12581
207,2024,3.132727272727273,344.6,110.0,2024-09-29,0.0,0.0,0.0,31067
207,2025,2.6312280701754385,149.98,57.0,2025-09-18,0.0,0.0,0.0,35709
208,2021,2.84340206185567,275.81,97.0,2021-10-15,0.0,0.0,0.0,7639
208,2022,2.356923076923077,306.4,130.0,2022-09-05,0.0,0.0,0.0,8780
208,2023,2.018076923076923,262.35,130.0,2023-09-20,20.0,0.0,0.0,12826
208,2024,2.3606153846153846,306.88,130.0,2024-09-26,0.0,0.0,0.0,31068
208,2025,3.8430769230769233,499.6,130.0,2025-10-09,0.0,0.0,0.0,35710
209,2021,2.257953795379538,684.16,303.0,2021-10-25,0.0,0.0,0.0,7640
209,2022,2.6455775577557756,801.61,303.0,2022-08-28,0.0,0.0,0.0,8781
209,2023,1.4815841584158416,448.92,303.0,2023-09-03,0.0,0.0,0.0,12582
209,2024,6.383948598130841,1366.165,214.0,2024-07-30,0.0,0.0,0.0,29949
209,2025,3.287196261682243,703.46,214.0,2025-10-16,0.0,0.0,0.0,35738
210,2021,2.402302631578947,365.15,152.0,2021-10-08,0.0,0.0,0.0,7641
210,2022,3.0906122448979594,757.2,245.0,2022-09-07,0.0,0.0,0.0,8782
210,2023,1.7408163265306122,426.5,245.0,2023-08-05,17.0,0.0,0.0,12608
210,2024,5.519493927125506,1363.315,247.0,2024-07-27,0.0,0.0,0.0,29950
210,2025,3.192550607287449,788.56,247.0,2025-10-18,0.0,0.0,0.0,35739
211,2021,2.1389247311827955,198.92,93.0,2021-10-08,0.0,0.0,0.0,7642
212,2021,3.639212598425197,462.18,127.0,2021-10-09,0.0,0.0,0.0,7643
212,2022,3.1773529411764705,432.12,136.0,2022-09-02,0.0,0.0,0.0,8784
212,2023,2.9445588235294116,400.46,136.0,2023-09-17,24.1,0.0,0.0,13063
212,2024,1.9008823529411762,258.52,136.0,2024-09-27,0.0,0.0,0.0,31069
212,2025,1.7024264705882353,231.53,136.0,2025-09-27,0.0,0.0,0.0,35711
213,2021,1.3155714285714286,18.418,14.0,2021-09-06,0.0,0.0,0.0,7302
213,2022,1.4814285714285713,20.74,14.0,2022-09-09,0.0,0.0,0.0,11097
213,2025,1.53,21.42,14.0,2025-09-22,0.0,0.0,0.0,35580
214,2021,1.5857777777777777,14.272,9.0,2021-09-06,0.0,0.0,0.0,7303
214,2022,1.0022222222222221,9.02,9.0,2022-09-09,0.0,0.0,0.0,11098
214,2025,1.53,13.77,9.0,2025-09-22,0.0,0.0,0.0,35581
215,2021,2.9865822784810128,235.94,79.0,2021-09-26,0.0,0.0,0.0,7644
215,2022,2.858987341772152,225.86,79.0,2022-08-24,0.0,0.0,0.0,8785
215,2023,2.2745063291139243,179.686,79.0,2023-08-22,16.0,0.0,0.0,13064
215,2024,4.476708860759494,353.66,79.0,2024-07-31,0.0,0.0,0.0,29951
215,2025,3.0739240506329115,242.84,79.0,2025-09-26,0.0,0.0,0.0,35740
216,2021,2.925945945945946,108.26,37.0,2021-09-24,0.0,0.0,0.0,7645
216,2022,3.1270270270270273,115.7,37.0,2022-08-24,0.0,0.0,0.0,8786
216,2023,2.696783783783784,99.781,37.0,2023-08-22,0.0,0.0,0.0,13065
216,2024,5.342162162162162,197.66,37.0,2024-07-31,0.0,0.0,0.0,29952
216,2025,2.986756756756757,110.51,37.0,2025-09-26,0.0,0.0,0.0,35741
217,2021,2.6894761904761904,1129.58,420.0,2021-10-11,0.0,0.0,0.0,7646
217,2022,3.0637254901960786,1250.0,408.0,2022-09-04,0.0,0.0,0.0,8787
217,2023,2.021480392156863,824.764,408.0,2023-09-01,18.0,0.0,0.0,13066
217,2024,2.9758823529411766,1214.16,408.0,2024-09-28,0.0,0.0,0.0,31070
217,2025,2.5629901960784314,1045.7,408.0,2025-09-25,0.0,0.0,0.0,35712
218,2021,2.595625,83.06,32.0,2021-10-19,0.0,0.0,0.0,7647
218,2022,2.1723076923076925,84.72,39.0,2022-09-01,0.0,0.0,0.0,8788
218,2023,3.3693589743589745,131.405,39.0,2023-08-26,15.0,0.0,0.0,12829
218,2024,4.027153846153846,157.059,39.0,2024-09-04,0.0,0.0,0.0,30465
218,2025,4.112820512820513,160.4,39.0,2025-09-25,0.0,0.0,0.0,35713
219,2021,2.818952380952381,591.98,210.0,2021-10-16,0.0,0.0,0.0,7648
219,2022,2.827547619047619,593.785,210.0,2022-09-09,0.0,0.0,0.0,8789
219,2023,2.802523809523809,588.53,210.0,2023-10-11,13.0,0.0,0.0,12981
219,2024,3.6718380952380953,771.086,210.0,2024-09-08,0.0,0.0,0.0,30466
219,2025,3.528095238095238,740.9,210.0,2025-09-06,0.0,0.0,0.0,35582
220,2021,2.0263999999999998,50.66,25.0,2021-10-16,0.0,0.0,0.0,7649
220,2022,3.4832,87.08,25.0,2022-09-01,0.0,0.0,0.0,8790
220,2023,3.3728800000000003,84.322,25.0,2023-08-26,0.0,0.0,0.0,13067
220,2024,3.12756,78.189,25.0,2024-09-04,0.0,0.0,0.0,30467
220,2025,3.3072000000000004,82.68,25.0,2025-09-26,0.0,0.0,0.0,35714
221,2021,1.7475,13.98,8.0,2021-09-24,0.0,0.0,0.0,7650
222,2021,2.9396774193548385,182.26,62.0,2021-09-26,0.0,0.0,0.0,7651
222,2022,3.2700483870967743,202.743,62.0,2022-08-31,0.0,0.0,0.0,8792
222,2023,4.5005,279.031,62.0,2023-08-25,15.8,0.0,0.0,12830
222,2024,3.6562580645161287,226.688,62.0,2024-09-03,0.0,0.0,0.0,30468
222,2025,2.972258064516129,184.28,62.0,2025-10-18,0.0,0.0,0.0,35742
223,2021,2.8625714285714285,200.38,70.0,2021-09-27,0.0,0.0,0.0,7652
223,2022,3.2311428571428573,226.18,70.0,2022-09-01,0.0,0.0,0.0,8793
223,2023,2.3584285714285715,165.09,70.0,2023-08-30,19.3,0.0,0.0,12831
223,2024,3.350857142857143,234.56,70.0,2024-08-30,0.0,0.0,0.0,30469
223,2025,3.305142857142857,231.36,70.0,2025-10-18,0.0,0.0,0.0,35743
224,2021,2.1762,217.62,100.0,2021-09-25,0.0,0.0,0.0,7653
224,2022,3.079423076923077,320.26,104.0,2022-08-25,0.0,0.0,0.0,8794
224,2023,2.481451923076923,258.071,104.0,2023-08-23,17.0,0.0,0.0,13068
224,2024,5.0582692307692305,526.06,104.0,2024-08-01,0.0,0.0,0.0,29953
224,2025,3.0742307692307693,319.72,104.0,2025-09-28,0.0,0.0,0.0,35744
225,2021,1.85,7.4,4.0,2021-09-25,0.0,0.0,0.0,7654
226,2021,2.4555,98.22,40.0,2021-09-26,0.0,0.0,0.0,7655
226,2022,1.6934999999999998,67.74,40.0,2022-08-25,0.0,0.0,0.0,8796
226,2023,2.482894736842105,47.175,19.0,2023-08-24,0.0,0.0,0.0,13069
226,2024,4.9315,197.26,40.0,2024-08-02,0.0,0.0,0.0,29954
226,2025,3.0420000000000003,121.68,40.0,2025-09-28,0.0,0.0,0.0,35745
227,2021,2.8022285714285715,980.78,350.0,2021-08-02,0.0,0.0,0.0,6579
227,2022,2.217514450867052,767.26,346.0,2022-08-15,0.0,0.0,0.0,8713
227,2023,2.6015895953757227,900.15,346.0,2023-10-09,18.1,0.0,0.0,12982
227,2024,3.007739884393064,1040.678,346.0,2024-08-16,0.0,0.0,0.0,30130
227,2025,1.5521965317919073,537.06,346.0,2025-08-28,0.0,0.0,0.0,35735
228,2021,2.4169491525423727,142.6,59.0,2021-08-04,0.0,0.0,0.0,6580
228,2022,4.564745762711865,269.32,59.0,2022-08-16,0.0,0.0,0.0,8732
228,2023,1.5016949152542372,88.6,59.0,2023-07-26,18.0,0.0,0.0,12583
228,2024,3.0528813559322034,180.12,59.0,2024-09-20,0.0,0.0,0.0,31071
228,2025,3.004576271186441,177.27,59.0,2025-09-16,0.0,0.0,0.0,35715
229,2021,2.9450000000000003,35.34,12.0,2021-08-04,0.0,0.0,0.0,6581
229,2022,2.841666666666667,34.1,12.0,2022-08-16,0.0,0.0,0.0,8733
229,2023,3.4433333333333334,41.32,12.0,2023-07-26,17.0,0.0,0.0,12584
229,2024,3.2544166666666663,39.053,12.0,2024-09-20,0.0,0.0,0.0,31072
229,2025,3.5050000000000003,42.06,12.0,2025-09-16,0.0,0.0,0.0,35716
230,2021,2.123766816143498,473.6,223.0,2021-09-06,0.0,0.0,0.0,6582
230,2022,3.257219730941704,726.36,223.0,2022-09-27,0.0,0.0,0.0,8746
230,2023,1.1861413043478262,218.25,184.0,2023-09-20,17.9,0.0,0.0,12832
230,2024,3.2521793721973093,725.236,223.0,2024-09-23,0.0,0.0,0.0,31073
230,2025,3.6687443946188343,818.13,223.0,2025-10-07,0.0,0.0,0.0,35717
231,2021,3.5988646288209605,824.14,229.0,2021-08-06,0.0,0.0,0.0,6583
231,2022,1.5712340425531914,369.24,235.0,2022-08-15,0.0,0.0,0.0,8714
231,2023,2.2995063829787235,540.384,235.0,2023-10-04,13.5,0.0,0.0,12983
231,2024,3.8063829787234043,894.5,235.0,2024-09-09,0.0,0.0,0.0,30470
231,2025,1.3324255319148937,313.12,235.0,2025-08-24,0.0,0.0,0.0,35736
232,2021,3.1834437086092713,961.4,302.0,2021-08-09,0.0,0.0,0.0,6584
232,2022,1.847837837837838,546.96,296.0,2022-08-13,0.0,0.0,0.0,8715
232,2023,2.6881993243243243,795.707,296.0,2023-10-05,16.2,0.0,0.0,12984
232,2024,3.330304054054054,985.77,296.0,2024-09-13,0.0,0.0,0.0,30471
232,2025,1.8102027027027028,535.82,296.0,2025-08-27,0.0,0.0,0.0,35737
233,2021,3.6453846153846152,142.17,39.0,2021-08-30,0.0,0.0,0.0,6585
233,2022,4.4169230769230765,172.26,39.0,2022-08-17,0.0,0.0,0.0,10985
234,2021,5.389142857142858,188.62,35.0,2021-08-05,0.0,0.0,0.0,6586
234,2022,3.975428571428571,139.14,35.0,2022-08-17,0.0,0.0,0.0,8734
234,2023,1.7062857142857142,59.72,35.0,2023-09-08,21.0,0.0,0.0,12585
234,2024,3.295057142857143,115.327,35.0,2024-09-21,0.0,0.0,0.0,31074
234,2025,4.494857142857143,157.32,35.0,2025-09-08,0.0,0.0,0.0,35718
235,2021,7.105,28.42,4.0,2021-08-20,0.0,0.0,0.0,6587
235,2023,2.2,8.8,4.0,2023-10-02,31.2,0.0,0.0,12833
235,2024,0.25,1.0,4.0,2024-09-15,0.0,0.0,0.0,30111
235,2025,1.53,6.12,4.0,2025-09-23,0.0,0.0,0.0,35583
236,2021,2.8605,114.42,40.0,2021-08-17,0.0,0.0,0.0,6588
236,2022,3.3475,133.9,40.0,2022-09-27,0.0,0.0,0.0,8748
236,2023,2.520375,100.815,40.0,2023-09-28,21.0,0.0,0.0,12834
236,2024,3.7585,150.34,40.0,2024-08-16,0.0,0.0,0.0,30131
236,2025,3.0025,120.1,40.0,2025-10-09,0.0,0.0,0.0,35746
237,2021,3.2366666666666664,233.04,72.0,2021-08-02,0.0,0.0,0.0,6589
237,2022,2.5155555555555558,181.12,72.0,2022-09-27,0.0,0.0,0.0,8749
237,2023,1.6025,115.38,72.0,2023-09-28,20.0,0.0,0.0,12835
237,2024,4.871138888888889,350.722,72.0,2024-08-16,0.0,0.0,0.0,30132
237,2025,3.3130555555555556,238.54,72.0,2025-10-01,0.0,0.0,0.0,35747
238,2021,3.3530555555555552,241.42,72.0,2021-08-03,0.0,0.0,0.0,6590
238,2022,2.1222222222222222,152.8,72.0,2022-09-29,0.0,0.0,0.0,8750
238,2023,2.198888888888889,158.32,72.0,2023-09-27,23.9,0.0,0.0,12836
238,2024,4.613333333333333,332.16,72.0,2024-08-18,0.0,0.0,0.0,30133
238,2025,1.9090277777777775,137.45,72.0,2025-10-10,0.0,0.0,0.0,35748
239,2021,3.16017094017094,369.74,117.0,2021-08-03,0.0,0.0,0.0,6591
239,2022,1.9928205128205128,233.16,117.0,2022-09-29,0.0,0.0,0.0,8751
239,2023,0.9917948717948718,116.04,117.0,2023-09-28,22.5,0.0,0.0,12837
239,2024,5.670427350427351,663.44,117.0,2024-08-18,0.0,0.0,0.0,30134
239,2025,3.095213675213675,362.14,117.0,2025-10-10,0.0,0.0,0.0,35749
241,2021,1.9516049382716052,158.08,81.0,2021-08-30,0.0,0.0,0.0,6592
241,2022,3.1716049382716047,256.9,81.0,2022-08-22,0.0,0.0,0.0,11099
242,2021,2.205483870967742,136.74,62.0,2021-08-04,0.0,0.0,0.0,6593
242,2022,3.6822580645161294,228.3,62.0,2022-08-16,0.0,0.0,0.0,8735
242,2023,1.7032258064516128,105.6,62.0,2023-09-07,22.0,0.0,0.0,12586
242,2024,2.7984516129032255,173.504,62.0,2024-09-20,0.0,0.0,0.0,31075
242,2025,3.794426229508197,231.46,61.0,2025-09-14,0.0,0.0,0.0,35719
244,2021,2.4169811320754717,128.1,53.0,2021-09-04,0.0,0.0,0.0,6594
244,2022,4.193867924528302,222.275,53.0,2022-09-07,0.0,0.0,0.0,8797
244,2023,1.9418867924528302,102.92,53.0,2023-08-01,14.7,0.0,0.0,12609
244,2024,2.730603773584906,144.722,53.0,2024-09-10,0.0,0.0,0.0,30472
244,2025,4.282264150943396,226.96,53.0,2025-10-18,0.0,0.0,0.0,35750
246,2021,2.612439024390244,214.22,82.0,2021-09-05,0.0,0.0,0.0,6595
246,2022,1.6465853658536587,135.02,82.0,2022-09-07,0.0,0.0,0.0,8798
246,2023,1.784059678052611,136.32,76.41,2023-08-05,0.0,0.0,0.0,12610
246,2024,3.8840731707317078,318.494,82.0,2024-09-10,0.0,0.0,0.0,30473
246,2025,1.26,103.32,82.0,2025-10-17,0.0,0.0,0.0,35751
247,2021,3.5429431438127086,1059.34,299.0,2021-08-17,0.0,0.0,0.0,6596
247,2022,1.5000662251655628,453.02,302.0,2022-08-15,0.0,0.0,0.0,8716
247,2023,2.741453642384106,827.919,302.0,2023-10-07,22.6,0.0,0.0,12985
247,2024,2.6623311258278144,804.024,302.0,2024-09-12,0.0,0.0,0.0,30474
247,2025,4.1251655629139075,1245.8,302.0,2025-08-15,0.0,0.0,0.0,35584
248,2021,2.4291851851851853,655.88,270.0,2021-09-02,0.0,0.0,0.0,6597
248,2022,1.9879259259259259,536.74,270.0,2022-07-26,0.0,0.0,0.0,8811
248,2023,2.141,578.07,270.0,2023-09-05,20.0,0.0,0.0,12587
248,2024,3.441577777777778,929.226,270.0,2024-09-20,0.0,0.0,0.0,31076
248,2025,3.630296296296296,980.18,270.0,2025-09-19,0.0,0.0,0.0,35720
249,2021,2.7772222222222225,199.96,72.0,2021-09-03,0.0,0.0,0.0,6598
250,2021,2.271818181818182,299.88,132.0,2021-09-04,0.0,0.0,0.0,6599
250,2022,3.0933333333333333,631.04,204.0,2022-09-27,0.0,0.0,0.0,8753
250,2023,2.1600980392156863,440.66,204.0,2023-09-19,19.1,0.0,0.0,12838
250,2024,5.983627450980393,1220.66,204.0,2024-08-07,0.0,0.0,0.0,30135
250,2025,2.8207352941176467,575.43,204.0,2025-10-17,0.0,0.0,0.0,35752
251,2021,3.0763779527559056,390.7,127.0,2021-08-20,0.0,0.0,0.0,6600
251,2022,1.2108842105263158,115.034,95.0,2022-08-05,0.0,0.0,0.0,8813
251,2023,2.78692125984252,353.939,127.0,2023-10-17,24.8,0.0,0.0,12986
251,2024,3.6110236220472443,458.6,127.0,2024-09-05,0.0,0.0,0.0,30475
251,2025,2.7562992125984254,350.05,127.0,2025-08-21,0.0,0.0,0.0,35732
252,2021,2.8787951807228915,238.94,83.0,2021-08-19,0.0,0.0,0.0,6601
252,2022,2.358144578313253,195.726,83.0,2022-08-06,0.0,0.0,0.0,8814
252,2023,2.8884457831325303,239.741,83.0,2023-10-17,16.8,0.0,0.0,12987
252,2024,3.254939759036145,270.16,83.0,2024-08-27,0.0,0.0,0.0,30476
252,2025,2.143734939759036,177.93,83.0,2025-08-21,0.0,0.0,0.0,35733
253,2021,2.4343529411764706,413.84,170.0,2021-08-19,0.0,0.0,0.0,6602
253,2022,2.355384615384615,183.72,78.0,2022-08-04,0.0,0.0,0.0,8815
253,2023,2.599529411764706,441.92,170.0,2023-10-18,13.0,0.0,0.0,12988
253,2024,3.8960000000000004,662.32,170.0,2024-08-23,0.0,0.0,0.0,30477
253,2025,2.353764705882353,400.14,170.0,2025-08-21,0.0,0.0,0.0,35734
254,2021,2.1813513513513514,322.84,148.0,2021-09-02,0.0,0.0,0.0,6603
254,2022,2.314054054054054,342.48,148.0,2022-07-27,0.0,0.0,0.0,8812
254,2023,0.5264189189189189,77.91,148.0,2023-09-07,22.0,0.0,0.0,12588
254,2024,3.4018783783783784,503.478,148.0,2024-09-21,0.0,0.0,0.0,31077
254,2025,4.105608108108108,607.63,148.0,2025-09-16,0.0,0.0,0.0,35721
255,2021,3.495357142857143,391.48,112.0,2021-09-09,0.0,0.0,0.0,7304
255,2023,2.5888660714285714,289.953,112.0,2023-10-19,16.0,0.0,0.0,12989
255,2024,4.0148214285714285,449.66,112.0,2024-09-14,0.0,0.0,0.0,30478
255,2025,4.227857142857142,473.52,112.0,2025-08-11,0.0,0.0,0.0,35585
256,2021,3.488928571428571,195.38,56.0,2021-09-09,0.0,0.0,0.0,7305
256,2023,1.0053571428571428,56.3,56.0,2023-08-08,18.0,0.0,0.0,12589
256,2024,5.977232142857143,334.725,56.0,2024-09-14,0.0,0.0,0.0,30479
256,2025,3.738928571428571,209.38,56.0,2025-10-19,0.0,0.0,0.0,35753
257,2021,5.5088888888888885,49.58,9.0,2021-09-08,0.0,0.0,0.0,7306
257,2022,1.7641666666666669,21.17,12.0,2022-09-29,0.0,0.0,0.0,11331
257,2023,2.75025,33.003,12.0,2023-08-21,15.3,0.0,0.0,12839
257,2024,1.4186666666666667,17.024,12.0,2024-08-24,0.0,0.0,0.0,30112
257,2025,1.53,18.36,12.0,2025-09-22,0.0,0.0,0.0,35586
258,2021,3.369101123595506,599.7,178.0,2021-09-17,0.0,0.0,0.0,7307
258,2022,2.0300786516853933,361.354,178.0,2022-09-24,0.0,0.0,0.0,8754
258,2023,1.3868539325842697,246.86,178.0,2023-09-09,13.0,0.0,0.0,12840
258,2024,5.062359550561798,901.1,178.0,2024-09-05,0.0,0.0,0.0,30480
258,2025,3.607977528089888,642.22,178.0,2025-10-19,0.0,0.0,0.0,35754
259,2021,3.2456022408963587,1158.68,357.0,2021-09-15,0.0,0.0,0.0,7308
259,2022,2.027221288515406,723.718,357.0,2022-09-26,0.0,0.0,0.0,8755
259,2023,1.08003081232493,385.571,357.0,2023-09-12,16.5,0.0,0.0,12841
259,2024,2.8320560224089637,1011.044,357.0,2024-09-25,0.0,0.0,0.0,31078
259,2025,2.1594957983193277,770.94,357.0,2025-10-09,0.0,0.0,0.0,35722
260,2021,4.1022,410.22,100.0,2021-09-11,0.0,0.0,0.0,7309
260,2022,3.7374,373.74,100.0,2022-08-21,0.0,0.0,0.0,8739
260,2023,1.8446,184.46,100.0,2023-10-10,10.0,0.0,0.0,12990
260,2024,3.2132,321.32,100.0,2024-09-11,0.0,0.0,0.0,30481
260,2025,4.0914,204.57,50.0,2025-08-07,0.0,0.0,0.0,35587
261,2021,5.387428571428572,377.12,70.0,2021-09-10,0.0,0.0,0.0,7310
261,2022,4.008571428571429,280.6,70.0,2022-08-26,0.0,0.0,0.0,8740
261,2023,2.853857142857143,199.77,70.0,2023-10-10,11.0,0.0,0.0,12991
261,2024,4.122771428571428,288.594,70.0,2024-08-27,0.0,0.0,0.0,30482
261,2025,4.780285714285714,334.62,70.0,2025-08-08,0.0,0.0,0.0,35588
262,2021,4.116052631578947,312.82,76.0,2021-09-15,0.0,0.0,0.0,7311
262,2022,2.0516842105263158,155.928,76.0,2022-09-25,0.0,0.0,0.0,8756
262,2023,1.9040657894736843,144.709,76.0,2023-09-10,15.2,0.0,0.0,12842
262,2024,4.339473684210526,329.8,76.0,2024-09-05,0.0,0.0,0.0,30483
263,2021,3.779,15.116,4.0,2021-09-09,0.0,0.0,0.0,7312
263,2022,2.1305,8.522,4.0,2022-09-29,0.0,0.0,0.0,8757
263,2023,1.15425,4.617,4.0,2023-08-21,0.0,0.0,0.0,12843
263,2024,2.317,9.268,4.0,2024-08-24,0.0,0.0,0.0,30113
263,2025,1.53,6.12,4.0,2025-09-22,0.0,0.0,0.0,35589
264,2021,3.725,14.9,4.0,2021-09-09,0.0,0.0,0.0,7313
264,2022,4.337,17.348,4.0,2022-09-29,0.0,0.0,0.0,8758
264,2023,3.37975,13.519,4.0,2023-08-21,0.0,0.0,0.0,12844
264,2024,0.25,1.0,4.0,2024-08-24,0.0,0.0,0.0,30114
264,2025,1.53,6.12,4.0,2025-09-22,0.0,0.0,0.0,35590
265,2021,3.063,6.126,2.0,2021-09-06,0.0,0.0,0.0,7314
265,2023,1.308,2.616,2.0,2023-10-02,21.7,0.0,0.0,12845
265,2024,0.5,1.0,2.0,2024-09-15,0.0,0.0,0.0,30115
265,2025,1.53,3.06,2.0,2025-09-23,0.0,0.0,0.0,35591
266,2021,3.4250000000000003,41.1,12.0,2021-09-09,0.0,0.0,0.0,7315
266,2023,1.1466666666666667,13.76,12.0,2023-08-20,0.0,0.0,0.0,12846
266,2024,0.7010000000000001,8.412,12.0,2024-08-27,0.0,0.0,0.0,30116
266,2025,1.53,18.36,12.0,2025-09-22,0.0,0.0,0.0,35592
267,2021,3.725,14.9,4.0,2021-09-07,0.0,0.0,0.0,7316
267,2024,0.175,0.7,4.0,2024-09-15,0.0,0.0,0.0,30117
267,2025,1.53,6.12,4.0,2025-09-22,0.0,0.0,0.0,35593
268,2021,3.504,35.04,10.0,2021-09-01,0.0,0.0,0.0,6996
268,2023,2.2885,22.885,10.0,2023-09-28,19.3,0.0,0.0,12848
268,2024,4.772,47.72,10.0,2024-08-18,0.0,0.0,0.0,30136
268,2025,1.8559999999999999,18.56,10.0,2025-10-10,0.0,0.0,0.0,35755
269,2021,3.465045045045045,384.62,111.0,2021-09-16,0.0,0.0,0.0,7318
269,2022,2.086126126126126,231.56,111.0,2022-09-23,0.0,0.0,0.0,8763
269,2023,1.7825225225225227,197.86,111.0,2023-09-09,20.0,0.0,0.0,12849
269,2024,4.250810810810811,471.84,111.0,2024-08-28,0.0,0.0,0.0,30484
269,2025,3.00081981981982,333.091,111.0,2025-10-19,0.0,0.0,0.0,35756
270,2021,4.891379310344828,283.7,58.0,2021-09-10,0.0,0.0,0.0,7319
270,2022,3.61751724137931,209.816,58.0,2022-08-26,0.0,0.0,0.0,8741
270,2023,2.901551724137931,168.29,58.0,2023-10-10,10.2,0.0,0.0,12992
270,2024,4.382758620689655,254.2,58.0,2024-09-10,0.0,0.0,0.0,30485
270,2025,5.528620689655173,320.66,58.0,2025-08-07,0.0,0.0,0.0,35594
271,2021,4.884745762711864,288.2,59.0,2021-09-10,0.0,0.0,0.0,7320
271,2022,2.6278644067796613,155.044,59.0,2022-08-26,0.0,0.0,0.0,8742
271,2023,2.458762711864407,145.067,59.0,2023-10-19,17.0,0.0,0.0,12993
271,2024,3.931627118644068,231.966,59.0,2024-09-10,0.0,0.0,0.0,30486
271,2025,4.394915254237288,259.3,59.0,2025-08-07,0.0,0.0,0.0,35595
272,2021,1.6323529411764706,55.5,34.0,2021-10-21,0.0,0.0,0.0,7656
272,2022,3.301764705882353,112.26,34.0,2022-09-05,0.0,0.0,0.0,10986
272,2023,1.4075,33.78,24.0,2023-10-10,0.0,0.0,0.0,16419
272,2024,4.2312,105.78,25.0,2024-09-06,0.0,0.0,0.0,30325
272,2025,3.1792000000000002,79.48,25.0,2025-09-07,0.0,0.0,0.0,35769
273,2021,3.0677777777777777,165.66,54.0,2021-08-22,0.0,0.0,0.0,7040
273,2022,2.052962962962963,110.86,54.0,2022-08-10,0.0,0.0,0.0,8717
273,2023,1.0088888888888887,54.48,54.0,2023-08-09,0.0,0.0,0.0,12590
273,2024,3.591851851851852,193.96,54.0,2024-09-29,0.0,0.0,0.0,31079
273,2025,4.41962962962963,238.66,54.0,2025-09-19,0.0,0.0,0.0,35723
274,2021,5.857807017543859,1335.58,228.0,2021-08-21,0.0,0.0,0.0,7041
274,2022,2.5334061135371178,580.15,229.0,2022-08-07,0.0,0.0,0.0,8718
274,2023,1.0836363636363637,178.8,165.0,2023-07-25,19.0,0.0,0.0,12591
274,2024,3.426468571428571,599.632,175.0,2024-09-22,0.0,0.0,0.0,31080
274,2025,4.091004366812228,936.84,229.0,2025-09-21,0.0,0.0,0.0,35724
276,2021,3.422096774193548,212.17,62.0,2021-10-24,0.0,0.0,0.0,7657
276,2022,2.9274193548387095,181.5,62.0,2022-08-30,0.0,0.0,0.0,8800
276,2023,2.634193548387097,163.32,62.0,2023-10-18,18.2,0.0,0.0,12994
276,2024,3.63741935483871,225.52,62.0,2024-08-19,0.0,0.0,0.0,30487
276,2025,1.4903225806451614,92.4,62.0,2025-09-15,0.0,0.0,0.0,35725
277,2021,3.3421333333333334,250.66,75.0,2021-10-24,0.0,0.0,0.0,7658
277,2022,1.5733333333333333,118.0,75.0,2022-08-30,0.0,0.0,0.0,8801
277,2023,2.6744000000000003,200.58,75.0,2023-10-18,20.0,0.0,0.0,12995
277,2024,4.257866666666667,319.34,75.0,2024-08-21,0.0,0.0,0.0,30488
277,2025,1.9090666666666667,143.18,75.0,2025-09-16,0.0,0.0,0.0,35726
278,2021,5.365869565217392,493.66,92.0,2021-08-24,0.0,0.0,0.0,7042
278,2022,2.907608695652174,267.5,92.0,2022-09-21,0.0,0.0,0.0,8764
278,2023,1.7219565217391304,158.42,92.0,2023-09-28,15.1,0.0,0.0,12850
278,2024,2.430869565217391,223.64,92.0,2024-08-06,0.0,0.0,0.0,30118
278,2025,3.899173913043478,358.724,92.0,2025-07-22,0.0,0.0,0.0,35205
279,2021,4.9775,278.74,56.0,2021-08-24,0.0,0.0,0.0,7043
279,2023,1.069090909090909,35.28,33.0,2023-10-01,17.0,0.0,0.0,12851
279,2024,1.87,61.71,33.0,2024-08-14,0.0,0.0,0.0,30119
279,2025,4.40060606060606,145.22,33.0,2025-07-21,0.0,0.0,0.0,35206
280,2021,3.253586956521739,299.33,92.0,2021-08-28,0.0,0.0,0.0,7044
280,2023,1.953478260869565,179.72,92.0,2023-10-02,29.2,0.0,0.0,12852
280,2025,4.019456521739131,369.79,92.0,2025-10-20,0.0,0.0,0.0,35757
282,2021,3.4048936170212767,160.03,47.0,2021-08-28,0.0,0.0,0.0,7045
282,2022,1.2691489361702126,59.65,47.0,2022-09-18,0.0,0.0,0.0,8767
282,2023,1.9701702127659575,92.598,47.0,2023-10-02,25.8,0.0,0.0,12853
282,2025,3.9023404255319147,183.41,47.0,2025-10-20,0.0,0.0,0.0,35758
283,2021,5.287594936708861,835.44,158.0,2021-08-27,0.0,0.0,0.0,7046
283,2022,3.713924050632911,586.8,158.0,2022-09-20,0.0,0.0,0.0,8768
283,2023,1.430253164556962,225.98,158.0,2023-10-01,17.0,0.0,0.0,12854
283,2025,4.0171455696202525,634.709,158.0,2025-10-20,0.0,0.0,0.0,35759
284,2021,3.5273333333333334,21.164,6.0,2021-09-08,0.0,0.0,0.0,7321
284,2022,2.223333333333333,13.34,6.0,2022-09-29,0.0,0.0,0.0,8769
284,2024,1.328,7.968,6.0,2024-08-24,0.0,0.0,0.0,30120
284,2025,1.53,9.18,6.0,2025-09-22,0.0,0.0,0.0,35596
286,2021,3.971888888888889,35.747,9.0,2021-09-07,0.0,0.0,0.0,7322
286,2023,1.291111111111111,11.62,9.0,2023-10-02,23.5,0.0,0.0,12856
286,2024,0.1111111111111111,1.0,9.0,2024-09-15,0.0,0.0,0.0,30121
286,2025,1.53,13.77,9.0,2025-09-24,0.0,0.0,0.0,35597
287,2021,5.6,11.2,2.0,2021-08-24,0.0,0.0,0.0,7047
287,2024,0.5,1.0,2.0,2024-09-15,0.0,0.0,0.0,30122
287,2025,1.53,3.06,2.0,2025-09-24,0.0,0.0,0.0,35598
288,2021,3.5825,14.33,4.0,2021-09-06,0.0,0.0,0.0,7323
288,2023,1.445,5.78,4.0,2023-10-02,34.0,0.0,0.0,12858
288,2024,0.25,1.0,4.0,2024-09-15,0.0,0.0,0.0,30123
288,2025,1.53,6.12,4.0,2025-09-23,0.0,0.0,0.0,35599
289,2021,3.8523529411764703,65.49,17.0,2021-09-07,0.0,0.0,0.0,7324
289,2023,1.2705882352941178,21.6,17.0,2023-08-20,0.0,0.0,0.0,12859
289,2024,0.5310588235294118,9.028,17.0,2024-09-15,0.0,0.0,0.0,30124
289,2025,1.53,26.01,17.0,2025-09-22,0.0,0.0,0.0,35600
291,2021,3.172833333333333,19.037,6.0,2021-09-07,0.0,0.0,0.0,7325
291,2023,1.5506666666666666,9.304,6.0,2023-10-02,21.7,0.0,0.0,12860
291,2024,0.16666666666666666,1.0,6.0,2024-09-15,0.0,0.0,0.0,30125
291,2025,1.53,9.18,6.0,2025-09-24,0.0,0.0,0.0,35601
292,2021,2.0100000000000002,40.2,20.0,2021-09-27,0.0,0.0,0.0,7659
292,2022,2.2251000000000003,44.502,20.0,2022-09-01,0.0,0.0,0.0,8802
292,2023,3.2198,64.396,20.0,2023-08-25,0.0,0.0,0.0,12861
292,2024,4.2,84.0,20.0,2024-09-03,0.0,0.0,0.0,30489
292,2025,2.718,54.36,20.0,2025-10-17,0.0,0.0,0.0,35760
293,2021,2.3242696629213486,206.86,89.0,2021-10-19,0.0,0.0,0.0,7660
293,2022,2.6255842696629212,233.677,89.0,2022-08-31,0.0,0.0,0.0,8803
293,2023,2.1575280898876406,192.02,89.0,2023-08-27,0.0,0.0,0.0,12862
293,2024,3.62561797752809,322.68,89.0,2024-09-03,0.0,0.0,0.0,30490
293,2025,3.067640449438202,273.02,89.0,2025-10-18,0.0,0.0,0.0,35761
295,2021,4.090206896551725,593.08,145.0,2021-08-25,0.0,0.0,0.0,7048
295,2022,1.9825241379310345,287.466,145.0,2022-09-19,0.0,0.0,0.0,8775
295,2023,0.4579,36.632,80.0,2023-10-01,22.8,0.0,0.0,12863
295,2024,1.4772413793103447,214.2,145.0,2024-08-14,0.0,0.0,0.0,30126
295,2025,4.596137931034483,666.44,145.0,2025-09-10,0.0,0.0,0.0,35727
296,2021,3.33792349726776,610.84,183.0,2021-08-29,0.0,0.0,0.0,7049
296,2022,1.4684699453551913,268.73,183.0,2022-09-18,0.0,0.0,0.0,8776
296,2023,0.7210928961748634,131.96,183.0,2023-10-01,17.5,0.0,0.0,12864
296,2024,2.87103825136612,525.4,183.0,2024-08-08,0.0,0.0,0.0,30127
296,2025,4.57658947368421,434.776,95.0,2025-07-22,0.0,0.0,0.0,35207
297,2021,3.6759999999999997,18.38,5.0,2021-09-06,0.0,0.0,0.0,7326
297,2023,2.572,12.86,5.0,2023-10-02,27.0,0.0,0.0,12865
297,2024,0.2,1.0,5.0,2024-09-15,0.0,0.0,0.0,30128
297,2025,1.53,7.65,5.0,2025-09-24,0.0,0.0,0.0,35602
298,2021,8.829758333333332,2119.142,240.0,2021-10-10,0.0,0.0,0.0,7731
298,2022,3.4287916666666667,822.91,240.0,2022-08-09,0.0,0.0,0.0,10595
298,2023,2.0416666666666665,490.0,240.0,2023-10-11,0.0,0.0,0.0,15810
298,2024,3.408333333333333,818.0,240.0,2024-09-10,0.0,0.0,0.0,30420
298,2025,2.2106666666666666,530.56,240.0,2025-08-01,0.0,0.0,0.0,35211
299,2021,3.2053456221198156,695.56,217.0,2021-07-28,0.0,0.0,0.0,6353
299,2022,4.0,868.0,217.0,2022-07-19,0.0,0.0,0.0,10596
299,2023,3.345622119815668,726.0,217.0,2023-10-03,0.0,0.0,0.0,15811
299,2024,3.7202764976958522,807.3,217.0,2024-08-13,0.0,0.0,0.0,30179
299,2025,2.5146082949308752,545.67,217.0,2025-08-23,0.0,0.0,0.0,35212
300,2021,2.8021818181818183,154.12,55.0,2021-07-31,0.0,0.0,0.0,6354
300,2022,2.810545454545455,154.58,55.0,2022-07-25,0.0,0.0,0.0,10597
300,2023,3.5636363636363635,196.0,55.0,2023-10-05,0.0,0.0,0.0,15812
300,2024,4.142545454545455,227.84,55.0,2024-08-06,0.0,0.0,0.0,30180
300,2025,3.1365454545454545,172.51,55.0,2025-09-26,0.0,0.0,0.0,35250
301,2021,2.3384115523465705,647.74,277.0,2021-07-31,0.0,0.0,0.0,6355
301,2022,3.303068592057762,914.95,277.0,2022-07-24,0.0,0.0,0.0,10598
301,2023,2.6101083032490973,723.0,277.0,2023-10-07,0.0,0.0,0.0,15813
301,2024,2.888086642599278,800.0,277.0,2024-08-29,0.0,0.0,0.0,30421
301,2025,2.495162454873646,691.16,277.0,2025-09-20,0.0,0.0,0.0,35251
302,2021,2.160754716981132,114.52,53.0,2021-08-30,0.0,0.0,0.0,6356
302,2022,3.147777777777778,283.3,90.0,2022-09-19,0.0,0.0,0.0,10599
302,2023,2.0,180.0,90.0,2023-09-09,0.0,0.0,0.0,15814
302,2024,4.384615384615385,228.0,52.0,2024-08-23,0.0,0.0,0.0,30431
302,2025,2.7764444444444445,249.88,90.0,2025-09-22,0.0,0.0,0.0,35252
303,2021,3.5212499999999998,140.85,40.0,2021-08-02,0.0,0.0,0.0,6357
303,2022,3.539,141.56,40.0,2022-09-20,0.0,0.0,0.0,10600
303,2023,1.6280000000000001,65.12,40.0,2023-08-09,0.0,0.0,0.0,15815
303,2024,3.313,132.52,40.0,2024-08-09,0.0,0.0,0.0,30109
303,2025,5.6745,226.98,40.0,2025-07-19,0.0,0.0,0.0,35209
304,2021,2.693311688311688,414.77,154.0,2021-08-04,0.0,0.0,0.0,6358
304,2022,3.0357142857142856,467.5,154.0,2022-09-17,0.0,0.0,0.0,10601
304,2023,2.142857142857143,330.0,154.0,2023-09-10,0.0,0.0,0.0,15816
304,2024,4.071428571428571,627.0,154.0,2024-08-28,0.0,0.0,0.0,30422
304,2025,2.1645454545454546,333.34,154.0,2025-09-21,0.0,0.0,0.0,35253
305,2021,3.164368932038835,651.86,206.0,2021-09-27,0.0,0.0,0.0,7585
305,2022,3.257047619047619,683.98,210.0,2022-08-26,0.0,0.0,0.0,10602
305,2023,2.9109359605911327,590.92,203.0,2023-08-06,0.0,0.0,0.0,15817
305,2024,5.032571428571428,1056.84,210.0,2024-07-31,0.0,0.0,0.0,29873
305,2025,2.768857142857143,581.46,210.0,2025-10-09,0.0,0.0,0.0,35254
306,2021,2.5819574468085107,606.76,235.0,2021-10-11,0.0,0.0,0.0,6360
306,2022,3.6619574468085103,860.56,235.0,2022-08-17,0.0,0.0,0.0,10603
306,2023,2.523404255319149,593.0,235.0,2023-07-24,0.0,0.0,0.0,15818
306,2024,3.538212765957447,831.48,235.0,2024-10-02,0.0,0.0,0.0,31179
306,2025,4.320425531914894,1015.3,235.0,2025-08-29,0.0,0.0,0.0,35226
307,2021,1.828235294117647,31.08,17.0,2021-08-04,0.0,0.0,0.0,6361
307,2022,2.614705882352941,44.45,17.0,2022-08-31,0.0,0.0,0.0,11142
307,2023,1.6470588235294117,28.0,17.0,2023-10-20,0.0,0.0,0.0,15819
308,2021,3.211111111111111,635.8,198.0,2021-10-17,0.0,0.0,0.0,6362
308,2022,2.0782828282828283,411.5,198.0,2022-08-27,0.0,0.0,0.0,10604
308,2023,0.775064935064935,119.36,154.0,2023-08-02,0.0,0.0,0.0,15820
308,2024,6.613961038961039,1018.55,154.0,2024-07-25,0.0,0.0,0.0,29874
308,2025,3.56038961038961,548.3,154.0,2025-09-28,0.0,0.0,0.0,35255
309,2021,2.949066666666667,221.18,75.0,2021-09-22,0.0,0.0,0.0,6363
310,2021,2.9762564102564104,580.37,195.0,2021-09-24,0.0,0.0,0.0,6364
310,2022,4.9725,1312.74,264.0,2022-08-31,0.0,0.0,0.0,10605
310,2023,2.6650943396226414,565.0,212.0,2023-10-12,0.0,0.0,0.0,15821
310,2024,3.7636363636363637,1242.0,330.0,2024-09-06,0.0,0.0,0.0,30423
310,2025,6.152151515151515,2030.21,330.0,2025-08-11,0.0,0.0,0.0,35214
311,2021,4.765069124423963,1034.02,217.0,2021-08-23,0.0,0.0,0.0,6365
311,2022,3.1785470085470084,743.78,234.0,2022-07-28,0.0,0.0,0.0,10606
311,2023,3.220833333333333,773.0,240.0,2023-10-05,0.0,0.0,0.0,15822
311,2024,3.9819827586206897,923.82,232.0,2024-09-12,0.0,0.0,0.0,30424
311,2025,1.4650632911392407,347.22,237.0,2025-10-16,0.0,0.0,0.0,35247
312,2021,3.995789473684211,75.92,19.0,2021-08-26,0.0,0.0,0.0,6366
312,2022,2.5855555555555556,46.54,18.0,2022-09-21,0.0,0.0,0.0,10607
312,2023,1.8715789473684212,35.56,19.0,2023-08-21,0.0,0.0,0.0,15823
312,2024,1.5944444444444443,28.7,18.0,2024-09-28,0.0,0.0,0.0,31180
312,2025,3.900555555555555,70.21,18.0,2025-08-24,0.0,0.0,0.0,35215
313,2021,3.737326203208556,698.88,187.0,2021-10-19,0.0,0.0,0.0,6367
313,2022,3.3391818181818183,734.62,220.0,2022-08-23,0.0,0.0,0.0,10608
313,2023,2.5366818181818185,558.07,220.0,2023-08-09,0.0,0.0,0.0,15824
313,2024,2.8992727272727272,637.84,220.0,2024-08-09,0.0,0.0,0.0,30110
313,2025,5.320641711229947,994.96,187.0,2025-07-21,0.0,0.0,0.0,35210
314,2021,2.99763440860215,278.78,93.0,2021-09-25,0.0,0.0,0.0,6368
314,2022,3.765161290322581,350.16,93.0,2022-08-27,0.0,0.0,0.0,10609
314,2023,0.8548387096774194,79.5,93.0,2023-08-02,0.0,0.0,0.0,15825
314,2024,5.3133067729083665,1333.64,251.0,2024-07-27,0.0,0.0,0.0,29875
314,2025,3.19804780876494,802.71,251.0,2025-09-28,0.0,0.0,0.0,35256
315,2021,2.3563157894736846,89.54,38.0,2021-09-21,0.0,0.0,0.0,6369
315,2022,3.067894736842105,116.58,38.0,2022-08-21,0.0,0.0,0.0,10610
315,2023,2.289473684210526,87.0,38.0,2023-08-20,0.0,0.0,0.0,15826
315,2024,0.8542105263157895,32.46,38.0,2024-10-03,0.0,0.0,0.0,31181
315,2025,4.822105263157895,183.24,38.0,2025-08-16,0.0,0.0,0.0,35216
316,2021,3.35448275862069,97.28,29.0,2021-09-20,0.0,0.0,0.0,6370
316,2022,2.176896551724138,63.13,29.0,2022-08-05,0.0,0.0,0.0,10611
316,2023,2.6882758620689655,77.96,29.0,2023-07-27,0.0,0.0,0.0,15827
317,2021,2.4812716763005778,429.26,173.0,2021-09-28,0.0,0.0,0.0,6371
317,2022,3.5861271676300577,620.4,173.0,2022-08-24,0.0,0.0,0.0,10612
317,2023,2.690967741935484,417.1,155.0,2023-08-04,0.0,0.0,0.0,15828
317,2024,4.679032258064516,725.25,155.0,2024-08-01,0.0,0.0,0.0,29876
317,2025,3.2478823529411764,552.14,170.0,2025-10-08,0.0,0.0,0.0,35257
318,2021,2.5535622317596567,594.98,233.0,2021-10-15,0.0,0.0,0.0,6372
318,2022,4.166502057613169,1012.46,243.0,2022-08-21,0.0,0.0,0.0,10613
318,2023,2.1609876543209876,525.12,243.0,2023-07-25,0.0,0.0,0.0,15829
318,2024,3.366416666666667,807.94,240.0,2024-09-30,0.0,0.0,0.0,31182
318,2025,4.45625,1069.5,240.0,2025-08-29,0.0,0.0,0.0,35227
319,2021,3.1226666666666665,327.88,105.0,2021-09-24,0.0,0.0,0.0,6373
319,2022,3.020842105263158,286.98,95.0,2022-08-07,0.0,0.0,0.0,10614
319,2023,1.892156862745098,193.0,102.0,2023-07-27,0.0,0.0,0.0,15830
319,2024,3.1522105263157894,299.46,95.0,2024-09-26,0.0,0.0,0.0,31183
319,2025,4.713333333333333,480.76,102.0,2025-08-27,0.0,0.0,0.0,35228
320,2021,3.9986666666666664,119.96,30.0,2021-09-06,0.0,0.0,0.0,6374
320,2022,3.664,109.92,30.0,2022-08-05,0.0,0.0,0.0,10615
320,2023,1.4966666666666666,44.9,30.0,2023-07-26,0.0,0.0,0.0,15831
320,2024,2.272666666666667,68.18,30.0,2024-09-26,0.0,0.0,0.0,31184
320,2025,5.241333333333333,157.24,30.0,2025-08-28,0.0,0.0,0.0,35229
321,2021,3.118865979381443,605.06,194.0,2021-09-07,0.0,0.0,0.0,6375
321,2022,3.7207216494845365,721.82,194.0,2022-08-06,0.0,0.0,0.0,10616
321,2023,2.4504123711340204,475.38,194.0,2023-08-03,0.0,0.0,0.0,15832
321,2024,2.982783505154639,578.66,194.0,2024-09-25,0.0,0.0,0.0,31185
321,2025,5.011076923076923,651.44,130.0,2025-08-27,0.0,0.0,0.0,35230
322,2021,3.403835616438356,496.96,146.0,2021-09-10,0.0,0.0,0.0,6376
322,2022,2.8527397260273974,416.5,146.0,2022-09-24,0.0,0.0,0.0,10617
322,2023,3.1232876712328768,456.0,146.0,2023-08-27,0.0,0.0,0.0,15833
322,2024,2.7725,388.15,140.0,2024-09-24,0.0,0.0,0.0,31186
322,2025,5.317428571428572,744.44,140.0,2025-08-18,0.0,0.0,0.0,35217
323,2021,2.7504545454545455,423.57,154.0,2021-09-14,0.0,0.0,0.0,6377
323,2022,3.4059090909090908,524.51,154.0,2022-09-15,0.0,0.0,0.0,10618
323,2023,2.987012987012987,460.0,154.0,2023-08-24,0.0,0.0,0.0,15834
323,2024,4.966298701298701,764.81,154.0,2024-08-02,0.0,0.0,0.0,29877
323,2025,3.7001298701298704,569.82,154.0,2025-10-10,0.0,0.0,0.0,35258
324,2021,3.4877777777777776,188.34,54.0,2021-08-28,0.0,0.0,0.0,6378
324,2022,3.049259259259259,164.66,54.0,2022-09-21,0.0,0.0,0.0,10619
324,2023,2.1296296296296298,115.0,54.0,2023-08-21,0.0,0.0,0.0,15835
324,2024,4.074074074074074,220.0,54.0,2024-08-14,0.0,0.0,0.0,30181
324,2025,3.123333333333333,168.66,54.0,2025-09-26,0.0,0.0,0.0,35259
325,2021,3.5964705882352943,61.14,17.0,2021-08-20,0.0,0.0,0.0,6379
325,2022,2.885882352941177,49.06,17.0,2022-09-20,0.0,0.0,0.0,10620
325,2023,2.1070588235294117,35.82,17.0,2023-08-10,0.0,0.0,0.0,15836
325,2024,5.431764705882353,92.34,17.0,2024-08-04,0.0,0.0,0.0,30182
325,2025,3.9029411764705877,66.35,17.0,2025-09-26,0.0,0.0,0.0,35260
327,2021,4.412475247524752,445.66,101.0,2021-08-21,0.0,0.0,0.0,6380
327,2022,3.0487128712871288,307.92,101.0,2022-09-20,0.0,0.0,0.0,10621
327,2023,3.0089108910891085,303.9,101.0,2023-08-08,0.0,0.0,0.0,15837
327,2024,4.303030303030303,284.0,66.0,2024-08-30,0.0,0.0,0.0,30425
327,2025,2.7849504950495048,281.28,101.0,2025-09-25,0.0,0.0,0.0,35261
328,2021,1.515294117647059,25.76,17.0,2021-08-28,0.0,0.0,0.0,6381
328,2022,2.5023529411764707,42.54,17.0,2022-07-24,0.0,0.0,0.0,10622
328,2023,2.764705882352941,47.0,17.0,2023-10-07,0.0,0.0,0.0,15838
329,2021,3.485,41.82,12.0,2021-08-19,0.0,0.0,0.0,6382
330,2021,3.468137931034483,1005.76,290.0,2021-09-05,0.0,0.0,0.0,6383
330,2022,4.183068965517241,1213.09,290.0,2022-08-15,0.0,0.0,0.0,10623
330,2023,3.167247386759582,909.0,287.0,2023-10-20,0.0,0.0,0.0,15839
330,2024,3.373384030418251,887.2,263.0,2024-09-12,0.0,0.0,0.0,30426
330,2025,1.6517562724014336,460.84,279.0,2025-08-23,0.0,0.0,0.0,35213
331,2021,3.196,447.44,140.0,2021-08-30,0.0,0.0,0.0,6384
331,2022,2.234714285714286,312.86,140.0,2022-07-29,0.0,0.0,0.0,10624
331,2023,3.1901408450704225,453.0,142.0,2023-10-13,0.0,0.0,0.0,15840
331,2024,4.017571428571429,562.46,140.0,2024-09-14,0.0,0.0,0.0,30427
331,2025,2.805285714285714,392.74,140.0,2025-09-27,0.0,0.0,0.0,35262
332,2021,2.784181034482758,645.93,232.0,2021-09-03,0.0,0.0,0.0,6385
332,2022,3.1269827586206898,725.46,232.0,2022-09-18,0.0,0.0,0.0,10625
332,2023,2.2198275862068964,515.0,232.0,2023-09-09,0.0,0.0,0.0,15841
332,2024,4.475387931034483,1038.29,232.0,2024-08-21,0.0,0.0,0.0,30432
332,2025,2.7096982758620687,628.65,232.0,2025-09-25,0.0,0.0,0.0,35263
333,2021,3.365379746835443,531.73,158.0,2021-09-11,0.0,0.0,0.0,6386
333,2022,3.009367088607595,475.48,158.0,2022-09-14,0.0,0.0,0.0,10626
333,2023,2.329113924050633,368.0,158.0,2023-08-23,0.0,0.0,0.0,15842
334,2021,3.1403749999999997,502.46,160.0,2021-09-08,0.0,0.0,0.0,6387
334,2022,3.3138125,530.21,160.0,2022-09-25,0.0,0.0,0.0,10627
334,2023,3.24375,519.0,160.0,2023-08-26,0.0,0.0,0.0,15843
334,2024,2.83575,453.72,160.0,2024-09-23,0.0,0.0,0.0,31187
334,2025,4.383125,701.3,160.0,2025-08-20,0.0,0.0,0.0,35218
335,2021,3.134623655913978,291.52,93.0,2021-09-08,0.0,0.0,0.0,6388
335,2022,3.5048387096774194,325.95,93.0,2022-09-26,0.0,0.0,0.0,10628
335,2023,3.01980198019802,305.0,101.0,2023-08-31,0.0,0.0,0.0,15844
335,2024,2.762772277227723,279.04,101.0,2024-09-22,0.0,0.0,0.0,31188
335,2025,5.654851485148515,571.14,101.0,2025-08-12,0.0,0.0,0.0,35219
336,2021,3.555333333333333,106.66,30.0,2021-09-11,0.0,0.0,0.0,6389
336,2022,3.0290000000000004,90.87,30.0,2022-09-26,0.0,0.0,0.0,10629
336,2023,3.5246666666666666,105.74,30.0,2023-08-24,0.0,0.0,0.0,15845
336,2024,2.679333333333333,80.38,30.0,2024-09-24,0.0,0.0,0.0,31189
336,2025,5.271333333333333,158.14,30.0,2025-08-18,0.0,0.0,0.0,35220
337,2021,3.2880000000000003,131.52,40.0,2021-08-19,0.0,0.0,0.0,6390
337,2022,3.2695,130.78,40.0,2022-09-20,0.0,0.0,0.0,10630
337,2023,1.825,73.0,40.0,2023-08-21,0.0,0.0,0.0,15846
338,2021,2.9725,95.12,32.0,2021-08-20,0.0,0.0,0.0,6391
338,2022,2.849375,91.18,32.0,2022-09-21,0.0,0.0,0.0,10631
338,2023,1.30125,41.64,32.0,2023-08-10,0.0,0.0,0.0,15847
338,2024,5.055,161.76,32.0,2024-08-13,0.0,0.0,0.0,30183
338,2025,3.5034375,112.11,32.0,2025-09-26,0.0,0.0,0.0,35264
339,2021,4.1225,98.94,24.0,2021-09-15,0.0,0.0,0.0,6392
339,2022,3.1950000000000003,76.68,24.0,2022-09-23,0.0,0.0,0.0,10632
339,2023,1.4583333333333333,35.0,24.0,2023-09-11,0.0,0.0,0.0,15848
339,2024,3.623333333333333,86.96,24.0,2024-09-12,0.0,0.0,0.0,30428
339,2025,5.5616666666666665,133.48,24.0,2025-09-06,0.0,0.0,0.0,35231
340,2021,1.3229508196721311,80.7,61.0,2021-08-27,0.0,0.0,0.0,6393
340,2022,3.700081967213115,225.705,61.0,2022-09-22,0.0,0.0,0.0,10633
340,2023,3.4262295081967213,209.0,61.0,2023-09-02,0.0,0.0,0.0,15849
340,2024,2.2950819672131146,140.0,61.0,2024-09-27,0.0,0.0,0.0,31190
340,2025,5.233934426229508,319.27,61.0,2025-08-25,0.0,0.0,0.0,35221
341,2021,3.3516666666666666,80.44,24.0,2021-08-26,0.0,0.0,0.0,6394
341,2022,2.8089583333333334,67.415,24.0,2022-09-21,0.0,0.0,0.0,10634
341,2023,1.7916666666666667,43.0,24.0,2023-09-02,0.0,0.0,0.0,15850
341,2024,1.5833333333333333,38.0,24.0,2024-09-27,0.0,0.0,0.0,31191
341,2025,5.078333333333333,121.88,24.0,2025-08-24,0.0,0.0,0.0,35222
342,2021,1.9413636363636364,85.42,44.0,2021-07-24,0.0,0.0,0.0,6395
342,2022,3.7125,163.35,44.0,2022-09-22,0.0,0.0,0.0,10635
342,2023,2.340909090909091,103.0,44.0,2023-09-01,0.0,0.0,0.0,15851
342,2024,2.0454545454545454,90.0,44.0,2024-09-27,0.0,0.0,0.0,31192
342,2025,4.873181818181818,214.42,44.0,2025-08-24,0.0,0.0,0.0,35223
343,2021,4.0285714285714285,197.4,49.0,2021-08-25,0.0,0.0,0.0,6396
343,2022,3.422857142857143,167.72,49.0,2022-07-25,0.0,0.0,0.0,10636
343,2023,2.317142857142857,113.54,49.0,2023-10-10,0.0,0.0,0.0,15852
344,2021,2.1748453608247424,210.96,97.0,2021-10-22,0.0,0.0,0.0,7613
344,2022,4.158762886597938,403.4,97.0,2022-09-02,0.0,0.0,0.0,9375
344,2023,2.0016494845360824,194.16,97.0,2023-08-05,17.0,0.0,0.0,16111
344,2024,5.747422680412371,557.5,97.0,2024-07-30,0.0,0.0,0.0,29957
344,2025,3.7732835820895523,505.62,134.0,2025-10-11,0.0,0.0,0.0,36403
345,2021,2.6784,133.92,50.0,2021-10-21,0.0,0.0,0.0,7614
345,2022,4.4988,224.94,50.0,2022-08-31,0.0,0.0,0.0,9376
345,2023,1.6133333333333333,72.6,45.0,2023-10-04,0.0,0.0,0.0,16420
345,2024,3.306666666666667,148.8,45.0,2024-08-23,0.0,0.0,0.0,30326
346,2021,1.9183783783783785,70.98,37.0,2021-10-22,0.0,0.0,0.0,7615
346,2022,4.4437837837837835,164.42,37.0,2022-08-27,0.0,0.0,0.0,9377
346,2023,3.323783783783784,122.98,37.0,2023-08-02,19.7,0.0,0.0,16112
346,2024,7.144324324324324,264.34,37.0,2024-07-28,0.0,0.0,0.0,29958
347,2022,2.773898305084746,163.66,59.0,2022-07-27,0.0,0.0,0.0,9378
347,2023,1.3714285714285714,76.8,56.0,2023-09-27,0.0,0.0,0.0,16376
347,2024,2.6532203389830507,156.54,59.0,2024-09-25,0.0,0.0,0.0,31102
347,2025,4.076491228070176,232.36,57.0,2025-08-17,0.0,0.0,0.0,35770
349,2021,3.348414634146341,549.14,164.0,2021-10-20,0.0,0.0,0.0,7616
349,2022,3.5331707317073175,579.44,164.0,2022-09-01,0.0,0.0,0.0,9379
349,2023,3.0681707317073172,503.18,164.0,2023-08-25,0.0,0.0,0.0,16410
349,2024,3.0159756097560977,494.62,164.0,2024-09-20,0.0,0.0,0.0,31103
349,2025,4.080487804878049,669.2,164.0,2025-09-17,0.0,0.0,0.0,35771
350,2021,2.6869291338582677,341.24,127.0,2021-10-21,0.0,0.0,0.0,7617
350,2022,3.551338582677165,451.02,127.0,2022-08-26,0.0,0.0,0.0,9380
350,2023,2.5440944881889767,323.1,127.0,2023-10-20,0.0,0.0,0.0,16421
350,2024,4.731968503937008,600.96,127.0,2024-08-14,0.0,0.0,0.0,30327
350,2025,3.9763779527559056,505.0,127.0,2025-07-27,0.0,0.0,0.0,35420
351,2021,4.5,13.5,3.0,2021-09-17,0.0,0.0,0.0,7129
351,2022,4.04,12.12,3.0,2022-08-17,0.0,0.0,0.0,10987
352,2021,2.075492957746479,147.36,71.0,2021-10-17,0.0,0.0,0.0,7618
352,2022,4.080747663551402,436.64,107.0,2022-08-31,0.0,0.0,0.0,9381
352,2023,2.1001869158878503,224.72,107.0,2023-08-02,16.0,0.0,0.0,16113
352,2024,6.125981308411215,655.48,107.0,2024-07-26,0.0,0.0,0.0,29959
352,2025,3.5908411214953273,384.22,107.0,2025-10-09,0.0,0.0,0.0,36404
353,2021,2.0749999999999997,199.2,96.0,2021-10-24,0.0,0.0,0.0,7619
353,2022,3.905208333333333,374.9,96.0,2022-09-06,0.0,0.0,0.0,9382
354,2021,2.2144303797468354,174.94,79.0,2021-10-24,0.0,0.0,0.0,7620
354,2022,3.8073417721518985,300.78,79.0,2022-09-06,0.0,0.0,0.0,9383
354,2023,2.659493670886076,210.1,79.0,2023-08-26,0.0,0.0,0.0,16411
355,2021,3.3528571428571428,46.94,14.0,2021-10-24,0.0,0.0,0.0,7621
355,2022,4.668571428571428,65.36,14.0,2022-09-07,0.0,0.0,0.0,9384
355,2023,3.1621428571428574,44.27,14.0,2023-08-26,0.0,0.0,0.0,16412
356,2021,2.6103448275862067,454.2,174.0,2021-10-22,0.0,0.0,0.0,7622
356,2022,3.2897701149425287,572.42,174.0,2022-08-29,0.0,0.0,0.0,9385
356,2023,2.1677011494252874,377.18,174.0,2023-10-18,0.0,0.0,0.0,16422
356,2024,3.905747126436782,679.6,174.0,2024-08-27,0.0,0.0,0.0,30328
356,2025,3.081954022988506,536.26,174.0,2025-10-11,0.0,0.0,0.0,36405
357,2021,3.1505555555555556,113.42,36.0,2021-10-17,0.0,0.0,0.0,7623
358,2021,3.3279000000000005,266.232,80.0,2021-10-20,0.0,0.0,0.0,7624
358,2022,3.6284337349397595,301.16,83.0,2022-09-02,0.0,0.0,0.0,9387
358,2023,2.936867469879518,243.76,83.0,2023-08-24,0.0,0.0,0.0,16413
358,2024,3.3918072289156624,281.52,83.0,2024-09-21,0.0,0.0,0.0,31104
358,2025,4.909156626506024,407.46,83.0,2025-09-10,0.0,0.0,0.0,35772
359,2021,2.9375,446.5,152.0,2021-10-19,0.0,0.0,0.0,7625
359,2022,3.3601315789473687,510.74,152.0,2022-09-01,0.0,0.0,0.0,9388
359,2023,3.0155263157894736,458.36,152.0,2023-08-25,0.0,0.0,0.0,16414
359,2024,4.423552631578947,672.38,152.0,2024-07-27,0.0,0.0,0.0,29960
359,2025,3.789473684210526,576.0,152.0,2025-10-08,0.0,0.0,0.0,36406
360,2021,2.314375,74.06,32.0,2021-10-21,0.0,0.0,0.0,7626
360,2022,2.936875,93.98,32.0,2022-08-29,0.0,0.0,0.0,9389
360,2023,2.17,69.44,32.0,2023-10-04,0.0,0.0,0.0,16423
361,2021,3.5955,143.82,40.0,2021-10-20,0.0,0.0,0.0,7627
361,2022,4.357,174.28,40.0,2022-08-25,0.0,0.0,0.0,9390
361,2023,2.302,92.08,40.0,2023-10-18,0.0,0.0,0.0,16424
361,2024,4.7005,188.02,40.0,2024-08-14,0.0,0.0,0.0,30329
361,2025,4.492380952380953,188.68,42.0,2025-08-06,0.0,0.0,0.0,35421
362,2021,2.774871794871795,324.66,117.0,2021-10-21,0.0,0.0,0.0,7628
362,2022,3.5694017094017094,417.62,117.0,2022-09-03,0.0,0.0,0.0,9391
362,2023,3.3333333333333335,390.0,117.0,2023-09-12,0.0,0.0,0.0,16378
362,2024,3.491965811965812,408.56,117.0,2024-09-22,0.0,0.0,0.0,31105
362,2025,3.5128205128205128,411.0,117.0,2025-09-19,0.0,0.0,0.0,35773
363,2021,2.518181818181818,193.9,77.0,2021-10-22,0.0,0.0,0.0,7629
363,2022,4.46025974025974,343.44,77.0,2022-08-25,0.0,0.0,0.0,9392
363,2023,2.303896103896104,177.4,77.0,2023-10-11,0.0,0.0,0.0,16425
363,2024,3.9771428571428573,306.24,77.0,2024-08-24,0.0,0.0,0.0,30330
363,2025,3.0779220779220777,237.0,77.0,2025-10-10,0.0,0.0,0.0,36407
364,2021,2.8564166666666666,137.108,48.0,2021-10-20,0.0,0.0,0.0,7630
364,2022,4.104166666666667,197.0,48.0,2022-09-02,0.0,0.0,0.0,9393
364,2023,3.08,147.84,48.0,2023-08-24,0.0,0.0,0.0,16415
364,2024,3.2274999999999996,154.92,48.0,2024-09-21,0.0,0.0,0.0,31106
364,2025,5.088333333333334,244.24,48.0,2025-09-08,0.0,0.0,0.0,35774
365,2021,3.129,187.74,60.0,2021-10-16,0.0,0.0,0.0,7631
365,2022,3.8606666666666665,231.64,60.0,2022-08-30,0.0,0.0,0.0,9394
365,2023,1.223103448275862,70.94,58.0,2023-10-12,0.0,0.0,0.0,17642
365,2024,3.216666666666667,193.0,60.0,2024-09-21,0.0,0.0,0.0,31107
365,2025,4.023333333333333,241.4,60.0,2025-09-14,0.0,0.0,0.0,35775
366,2021,3.3985714285714286,47.58,14.0,2021-07-30,0.0,0.0,0.0,6498
367,2021,3.9545454545454546,174.0,44.0,2021-07-29,0.0,0.0,0.0,6499
367,2022,2.5854545454545454,113.76,44.0,2022-08-24,0.0,0.0,0.0,9396
367,2023,2.6066666666666665,86.02,33.0,2023-10-07,0.0,0.0,0.0,16426
367,2024,3.9521212121212117,130.42,33.0,2024-08-20,0.0,0.0,0.0,30331
367,2025,5.483529411764706,186.44,34.0,2025-08-16,0.0,0.0,0.0,35550
368,2021,3.623850267379679,677.66,187.0,2021-07-31,0.0,0.0,0.0,6500
368,2022,2.872727272727273,537.2,187.0,2022-09-21,0.0,0.0,0.0,9397
368,2023,2.5308108108108107,468.2,185.0,2023-09-03,0.0,0.0,0.0,16379
368,2024,3.976042780748663,743.52,187.0,2024-08-13,0.0,0.0,0.0,30152
368,2025,2.9998913043478264,551.98,184.0,2025-10-16,0.0,0.0,0.0,36408
369,2021,4.096243093922651,741.42,181.0,2021-07-31,0.0,0.0,0.0,6501
369,2022,2.6805594405594406,766.64,286.0,2022-09-20,0.0,0.0,0.0,11174
369,2023,2.2557597173144877,638.38,283.0,2023-09-01,0.0,0.0,0.0,16380
369,2024,3.8210877192982458,1089.01,285.0,2024-08-03,0.0,0.0,0.0,30099
369,2025,3.581451612903226,888.2,248.0,2025-09-25,0.0,0.0,0.0,36409
370,2021,1.752,26.28,15.0,2021-08-07,0.0,0.0,0.0,6502
370,2022,3.428,51.42,15.0,2022-09-20,0.0,0.0,0.0,9399
370,2023,1.709230769230769,22.22,13.0,2023-09-01,0.0,0.0,0.0,16381
370,2024,4.274615384615385,55.57,13.0,2024-08-02,0.0,0.0,0.0,30100
370,2025,3.573846153846154,46.46,13.0,2025-07-18,0.0,0.0,0.0,35132
371,2021,2.0984615384615384,27.28,13.0,2021-07-29,0.0,0.0,0.0,6503
371,2022,3.946153846153846,51.3,13.0,2022-08-22,0.0,0.0,0.0,9400
371,2023,3.2169230769230768,41.82,13.0,2023-10-07,0.0,0.0,0.0,16427
371,2024,5.176923076923076,67.3,13.0,2024-08-19,0.0,0.0,0.0,30332
371,2025,5.615384615384615,73.0,13.0,2025-08-16,0.0,0.0,0.0,35551
372,2021,1.01,60.6,60.0,2021-08-06,0.0,0.0,0.0,6504
372,2022,3.702222222222222,399.84,108.0,2022-09-08,0.0,0.0,0.0,9401
372,2023,1.6725999999999999,167.26,100.0,2023-08-27,0.0,0.0,0.0,16416
372,2024,2.254423076923077,234.46,104.0,2024-10-01,0.0,0.0,0.0,31108
372,2025,4.016923076923077,417.76,104.0,2025-08-22,0.0,0.0,0.0,35552
373,2021,3.087433628318584,697.76,226.0,2021-08-07,0.0,0.0,0.0,6505
373,2022,2.2598326359832637,540.1,239.0,2022-08-22,0.0,0.0,0.0,9402
373,2023,2.3375330396475773,530.62,227.0,2023-10-07,0.0,0.0,0.0,16428
373,2024,3.9784140969162998,903.1,227.0,2024-08-19,0.0,0.0,0.0,30333
373,2025,3.1368888888888886,705.8,225.0,2025-09-27,0.0,0.0,0.0,36410
374,2021,4.776071428571428,267.46,56.0,2021-08-07,0.0,0.0,0.0,6506
374,2022,3.8834615384615385,201.94,52.0,2022-08-22,0.0,0.0,0.0,9403
374,2023,2.316923076923077,120.48,52.0,2023-10-07,0.0,0.0,0.0,16429
374,2024,4.47921568627451,228.44,51.0,2024-08-19,0.0,0.0,0.0,30334
374,2025,5.3494117647058825,272.82,51.0,2025-08-15,0.0,0.0,0.0,35553
375,2021,2.206153846153846,28.68,13.0,2021-08-06,0.0,0.0,0.0,6507
375,2022,4.341538461538462,56.44,13.0,2022-09-08,0.0,0.0,0.0,9404
375,2023,4.08,53.04,13.0,2023-10-07,0.0,0.0,0.0,16430
375,2024,4.658461538461538,60.56,13.0,2024-08-19,0.0,0.0,0.0,30335
375,2025,5.226153846153846,67.94,13.0,2025-08-15,0.0,0.0,0.0,35554
376,2021,3.2995604395604397,300.26,91.0,2021-07-31,0.0,0.0,0.0,6508
377,2021,3.4756521739130433,159.88,46.0,2021-07-29,0.0,0.0,0.0,6509
377,2022,2.7578260869565216,126.86,46.0,2022-08-05,0.0,0.0,0.0,9406
377,2023,2.367391304347826,108.9,46.0,2023-10-06,0.0,0.0,0.0,16431
377,2024,3.7969565217391303,174.66,46.0,2024-08-17,0.0,0.0,0.0,30336
377,2025,3.0659574468085107,144.1,47.0,2025-09-27,0.0,0.0,0.0,36411
378,2021,3.5507692307692307,138.48,39.0,2021-09-17,0.0,0.0,0.0,7130
378,2022,4.207179487179488,164.08,39.0,2022-09-07,0.0,0.0,0.0,9407
378,2023,2.0811111111111114,74.92,36.0,2023-08-27,0.0,0.0,0.0,16417
378,2024,2.6641025641025644,103.9,39.0,2024-10-01,0.0,0.0,0.0,31109
378,2025,5.536410256410256,215.92,39.0,2025-08-16,0.0,0.0,0.0,35555
379,2021,2.15444976076555,450.28,209.0,2021-08-08,0.0,0.0,0.0,6510
379,2022,2.0983574879227054,434.36,207.0,2022-08-24,0.0,0.0,0.0,9408
379,2023,2.722512077294686,563.56,207.0,2023-10-05,0.0,0.0,0.0,16432
379,2024,3.8770334928229664,810.3,209.0,2024-08-22,0.0,0.0,0.0,30337
379,2025,4.470873786407767,921.0,206.0,2025-08-08,0.0,0.0,0.0,35556
380,2021,1.9683333333333335,23.62,12.0,2021-08-07,0.0,0.0,0.0,6511
381,2021,2.6253333333333333,157.52,60.0,2021-09-04,0.0,0.0,0.0,7131
381,2022,3.2013333333333334,192.08,60.0,2022-08-21,0.0,0.0,0.0,9410
381,2023,2.8489999999999998,170.94,60.0,2023-09-20,0.0,0.0,0.0,16382
381,2024,1.9669999999999999,118.02,60.0,2024-08-23,0.0,0.0,0.0,30574
381,2025,4.402295081967213,268.54,61.0,2025-08-20,0.0,0.0,0.0,35776
382,2021,3.1325984251968504,397.84,127.0,2021-09-10,0.0,0.0,0.0,7132
382,2022,3.9132283464566933,496.98,127.0,2022-08-17,0.0,0.0,0.0,9411
382,2023,1.8373228346456694,233.34,127.0,2023-09-27,0.0,0.0,0.0,16383
382,2024,3.635968992248062,469.04,129.0,2024-09-27,0.0,0.0,0.0,31110
382,2025,5.214573643410852,672.68,129.0,2025-09-07,0.0,0.0,0.0,35777
383,2021,3.1752631578947366,60.33,19.0,2021-08-29,0.0,0.0,0.0,7133
384,2021,2.359225806451613,365.68,155.0,2021-09-06,0.0,0.0,0.0,7134
384,2022,3.8010322580645157,589.16,155.0,2022-08-20,0.0,0.0,0.0,9413
384,2023,1.383483870967742,214.44,155.0,2023-09-12,0.0,0.0,0.0,16384
384,2024,3.3430573248407645,524.86,157.0,2024-09-26,0.0,0.0,0.0,31111
384,2025,3.9028025477707007,612.74,157.0,2025-09-18,0.0,0.0,0.0,35778
386,2021,3.405688073394496,371.22,109.0,2021-08-30,0.0,0.0,0.0,7135
386,2022,2.417614678899082,263.52,109.0,2022-09-18,0.0,0.0,0.0,9414
386,2023,2.941467889908257,320.62,109.0,2023-08-21,0.0,0.0,0.0,16385
386,2024,5.172844036697248,563.84,109.0,2024-07-31,0.0,0.0,0.0,29961
386,2025,2.9811009174311924,324.94,109.0,2025-10-16,0.0,0.0,0.0,36412
387,2021,2.964625,237.17,80.0,2021-08-29,0.0,0.0,0.0,7136
387,2022,2.201020408163265,215.7,98.0,2022-08-08,0.0,0.0,0.0,9415
387,2023,3.2834693877551016,321.78,98.0,2023-10-03,0.0,0.0,0.0,16433
387,2024,4.1988,419.88,100.0,2024-09-05,0.0,0.0,0.0,30338
387,2025,4.1764,417.64,100.0,2025-08-11,0.0,0.0,0.0,35557
388,2022,3.2359999999999998,64.72,20.0,2022-07-26,0.0,0.0,0.0,9416
388,2023,2.2079999999999997,44.16,20.0,2023-09-04,0.0,0.0,0.0,16386
388,2024,2.803,56.06,20.0,2024-10-01,0.0,0.0,0.0,31112
388,2025,5.218999999999999,104.38,20.0,2025-08-18,0.0,0.0,0.0,35779
389,2022,3.742857142857143,26.2,7.0,2022-09-22,0.0,0.0,0.0,9417
389,2023,3.525714285714286,24.68,7.0,2023-09-08,0.0,0.0,0.0,16387
389,2024,4.4775,35.82,8.0,2024-09-06,0.0,0.0,0.0,30339
389,2025,5.1225,40.98,8.0,2025-09-28,0.0,0.0,0.0,36413
390,2021,3.203928571428571,179.42,56.0,2021-08-26,0.0,0.0,0.0,7137
390,2022,2.420714285714286,135.56,56.0,2022-07-27,0.0,0.0,0.0,9418
390,2023,2.6717857142857144,149.62,56.0,2023-08-21,0.0,0.0,0.0,16388
390,2024,4.0285714285714285,225.6,56.0,2024-09-25,0.0,0.0,0.0,31113
390,2025,4.868214285714286,272.62,56.0,2025-08-17,0.0,0.0,0.0,35780
391,2021,2.1729032258064516,67.36,31.0,2021-09-07,0.0,0.0,0.0,7138
391,2022,3.0354838709677416,94.1,31.0,2022-09-23,0.0,0.0,0.0,9419
391,2023,2.02,62.62,31.0,2023-09-18,0.0,0.0,0.0,16389
391,2024,4.624375,147.98,32.0,2024-08-28,0.0,0.0,0.0,30340
391,2025,4.1,131.2,32.0,2025-10-09,0.0,0.0,0.0,36414
392,2021,4.514594594594595,167.04,37.0,2021-09-07,0.0,0.0,0.0,7139
392,2022,2.7394594594594595,101.36,37.0,2022-09-23,0.0,0.0,0.0,9420
392,2023,1.2345945945945946,45.68,37.0,2023-09-19,0.0,0.0,0.0,16390
392,2024,4.623783783783784,171.08,37.0,2024-08-28,0.0,0.0,0.0,30341
392,2025,3.5,129.5,37.0,2025-10-09,0.0,0.0,0.0,36415
393,2021,2.9732142857142856,333.0,112.0,2021-09-05,0.0,0.0,0.0,7140
393,2022,2.641276595744681,372.42,141.0,2022-09-26,0.0,0.0,0.0,11175
393,2023,2.8076595744680852,395.88,141.0,2023-09-17,0.0,0.0,0.0,16391
393,2024,3.0976223776223777,442.96,143.0,2024-10-02,0.0,0.0,0.0,31114
393,2025,4.924335664335664,704.18,143.0,2025-08-24,0.0,0.0,0.0,35781
394,2021,3.00875,240.7,80.0,2021-09-03,0.0,0.0,0.0,7141
395,2021,2.7353125,175.06,64.0,2021-09-15,0.0,0.0,0.0,7142
395,2022,2.9053125,185.94,64.0,2022-08-22,0.0,0.0,0.0,9423
395,2023,2.4253125,155.22,64.0,2023-10-20,0.0,0.0,0.0,16434
395,2024,3.98,254.72,64.0,2024-08-20,0.0,0.0,0.0,30342
395,2025,4.1759375,267.26,64.0,2025-09-21,0.0,0.0,0.0,35782
396,2021,4.163125,133.22,32.0,2021-09-07,0.0,0.0,0.0,7143
396,2022,1.316875,42.14,32.0,2022-09-23,0.0,0.0,0.0,9424
396,2023,1.9825,63.44,32.0,2023-09-18,0.0,0.0,0.0,16392
396,2024,4.926060606060606,162.56,33.0,2024-08-27,0.0,0.0,0.0,30343
396,2025,3.272727272727273,108.0,33.0,2025-10-09,0.0,0.0,0.0,36416
397,2021,2.062452830188679,218.62,106.0,2021-08-28,0.0,0.0,0.0,7144
397,2022,2.837948717948718,332.04,117.0,2022-09-17,0.0,0.0,0.0,11176
397,2023,2.456410256410256,287.4,117.0,2023-09-04,0.0,0.0,0.0,16393
397,2024,4.936896551724137,572.68,116.0,2024-08-05,0.0,0.0,0.0,30153
397,2025,2.1965,263.58,120.0,2025-07-18,0.0,0.0,0.0,35133
398,2021,4.766666666666667,28.6,6.0,2021-09-17,0.0,0.0,0.0,7145
398,2022,3.92,11.76,3.0,2022-08-17,0.0,0.0,0.0,10988
400,2021,3.56,64.08,18.0,2021-09-17,0.0,0.0,0.0,7146
400,2022,0.6366666666666667,11.46,18.0,2022-08-20,0.0,0.0,0.0,10989
401,2021,4.2733333333333325,64.1,15.0,2021-09-17,0.0,0.0,0.0,7147
401,2022,7.492,112.38,15.0,2022-08-20,0.0,0.0,0.0,10990
402,2022,2.7027027027027026,100.0,37.0,2022-07-24,0.0,0.0,0.0,9426
402,2023,1.6199999999999999,59.94,37.0,2023-08-08,0.0,0.0,0.0,16394
402,2024,3.6572972972972972,135.32,37.0,2024-10-01,0.0,0.0,0.0,31115
402,2025,5.235135135135135,193.7,37.0,2025-08-18,0.0,0.0,0.0,35783
403,2021,3.3825581395348836,290.9,86.0,2021-09-11,0.0,0.0,0.0,7148
403,2022,3.9586046511627906,340.44,86.0,2022-08-05,0.0,0.0,0.0,9427
403,2023,2.048604651162791,176.18,86.0,2023-08-10,0.0,0.0,0.0,16395
403,2024,3.8331764705882354,325.82,85.0,2024-09-28,0.0,0.0,0.0,31116
403,2025,5.734117647058823,487.4,85.0,2025-09-21,0.0,0.0,0.0,35784
405,2021,3.4904093567251464,596.86,171.0,2021-08-27,0.0,0.0,0.0,7149
405,2022,2.3405847953216377,400.24,171.0,2022-08-06,0.0,0.0,0.0,9428
405,2023,2.1315789473684212,364.5,171.0,2023-08-22,0.0,0.0,0.0,16396
405,2024,2.2403508771929825,383.1,171.0,2024-09-23,0.0,0.0,0.0,30812
405,2025,1.9138596491228068,327.27,171.0,2025-08-28,0.0,0.0,0.0,35952
406,2021,2.9400000000000004,64.68,22.0,2021-08-30,0.0,0.0,0.0,7150
406,2022,1.9827272727272727,43.62,22.0,2022-08-08,0.0,0.0,0.0,9429
406,2023,2.6836363636363636,59.04,22.0,2023-10-02,0.0,0.0,0.0,16435
406,2024,3.263478260869565,75.06,23.0,2024-09-05,0.0,0.0,0.0,30344
406,2025,3.891304347826087,89.5,23.0,2025-08-14,0.0,0.0,0.0,35558
407,2022,2.7733333333333334,24.96,9.0,2022-07-26,0.0,0.0,0.0,9430
407,2023,2.304444444444444,20.74,9.0,2023-09-27,0.0,0.0,0.0,16397
407,2024,2.7555555555555555,24.8,9.0,2024-09-25,0.0,0.0,0.0,31117
408,2021,3.4680701754385965,197.68,57.0,2021-09-07,0.0,0.0,0.0,7151
408,2022,2.6842105263157894,153.0,57.0,2022-09-23,0.0,0.0,0.0,9431
408,2023,1.656140350877193,94.4,57.0,2023-09-19,0.0,0.0,0.0,16398
408,2024,4.508070175438596,256.96,57.0,2024-08-28,0.0,0.0,0.0,30345
408,2025,3.5336842105263155,201.42,57.0,2025-10-09,0.0,0.0,0.0,36417
409,2021,2.427906976744186,104.4,43.0,2021-09-06,0.0,0.0,0.0,7152
409,2022,2.6706976744186046,114.84,43.0,2022-09-26,0.0,0.0,0.0,11177
409,2023,2.5293023255813956,108.76,43.0,2023-09-18,0.0,0.0,0.0,16399
409,2024,4.935348837209302,212.22,43.0,2024-08-27,0.0,0.0,0.0,30346
409,2025,2.956279069767442,127.12,43.0,2025-09-28,0.0,0.0,0.0,36418
410,2021,3.5784,89.46,25.0,2021-09-06,0.0,0.0,0.0,7153
410,2022,2.7344,68.36,25.0,2022-09-23,0.0,0.0,0.0,9433
410,2023,2.0831999999999997,52.08,25.0,2023-09-18,0.0,0.0,0.0,16400
410,2024,5.5360000000000005,138.4,25.0,2024-08-27,0.0,0.0,0.0,30347
410,2025,3.5672,89.18,25.0,2025-10-10,0.0,0.0,0.0,36419
411,2021,3.3794202898550725,466.36,138.0,2021-09-01,0.0,0.0,0.0,7154
411,2022,2.331159420289855,321.7,138.0,2022-09-22,0.0,0.0,0.0,9434
411,2023,2.796521739130435,385.92,138.0,2023-09-09,0.0,0.0,0.0,16401
411,2024,2.626714285714286,367.74,140.0,2024-09-06,0.0,0.0,0.0,30348
411,2025,2.8207142857142857,394.9,140.0,2025-09-28,0.0,0.0,0.0,36420
412,2021,3.440727272727273,189.24,55.0,2021-08-27,0.0,0.0,0.0,7155
412,2022,2.478909090909091,136.34,55.0,2022-07-28,0.0,0.0,0.0,9435
412,2023,3.3007272727272725,181.54,55.0,2023-08-21,0.0,0.0,0.0,16402
412,2024,4.356727272727273,239.62,55.0,2024-09-25,0.0,0.0,0.0,31118
412,2025,4.6632727272727275,256.48,55.0,2025-08-17,0.0,0.0,0.0,35785
414,2021,3.512465753424658,512.82,146.0,2021-09-11,0.0,0.0,0.0,7156
414,2022,3.1254794520547944,456.32,146.0,2022-09-24,0.0,0.0,0.0,9436
414,2023,2.6454794520547944,386.24,146.0,2023-08-09,19.0,0.0,0.0,16403
414,2024,5.663586206896552,821.22,145.0,2024-08-07,0.0,0.0,0.0,30154
414,2025,4.15848275862069,602.98,145.0,2025-07-29,0.0,0.0,0.0,35422
415,2021,2.8478125,182.26,64.0,2021-08-27,0.0,0.0,0.0,7157
415,2022,2.0121875,128.78,64.0,2022-08-07,0.0,0.0,0.0,9437
415,2023,3.02875,193.84,64.0,2023-10-03,0.0,0.0,0.0,16436
415,2024,4.59875,294.32,64.0,2024-09-05,0.0,0.0,0.0,30349
415,2025,4.1290625,264.26,64.0,2025-08-12,0.0,0.0,0.0,35559
416,2021,3.7137254901960786,757.6,204.0,2021-09-03,0.0,0.0,0.0,7158
416,2022,2.4264788732394367,689.12,284.0,2022-09-26,0.0,0.0,0.0,11178
416,2023,2.5889605734767027,722.32,279.0,2023-09-08,0.0,0.0,0.0,16404
416,2024,3.101259259259259,837.34,270.0,2024-10-03,0.0,0.0,0.0,31119
416,2025,5.082081784386617,1367.08,269.0,2025-08-23,0.0,0.0,0.0,35786
418,2021,2.963111111111111,266.68,90.0,2021-09-16,0.0,0.0,0.0,7159
418,2022,2.713777777777778,244.24,90.0,2022-09-21,0.0,0.0,0.0,9439
418,2023,3.197777777777778,287.8,90.0,2023-09-03,0.0,0.0,0.0,16405
418,2024,4.445777777777778,400.12,90.0,2024-08-08,0.0,0.0,0.0,30155
418,2025,3.5744444444444445,321.7,90.0,2025-07-30,0.0,0.0,0.0,35423
419,2021,2.869818181818182,157.84,55.0,2021-09-15,0.0,0.0,0.0,7160
419,2022,4.033818181818182,221.86,55.0,2022-08-21,0.0,0.0,0.0,9440
419,2023,2.256727272727273,124.12,55.0,2023-08-10,0.0,0.0,0.0,16406
419,2024,3.5854545454545454,197.2,55.0,2024-09-28,0.0,0.0,0.0,31120
419,2025,4.669090909090909,256.8,55.0,2025-09-19,0.0,0.0,0.0,35787
420,2021,2.3181818181818183,25.5,11.0,2021-08-27,0.0,0.0,0.0,7161
421,2021,2.9441818181818182,647.72,220.0,2021-09-03,0.0,0.0,0.0,6604
421,2023,1.007259259259259,271.96,270.0,2023-09-28,23.9,0.0,0.0,12866
421,2024,5.80725925925926,1567.96,270.0,2024-08-13,0.0,0.0,0.0,30137
421,2025,3.202592592592593,864.7,270.0,2025-10-11,0.0,0.0,0.0,35762
422,2021,2.0193846153846153,131.26,65.0,2021-09-25,0.0,0.0,0.0,7661
422,2022,3.4,248.2,73.0,2022-08-25,0.0,0.0,0.0,8804
422,2023,2.3816438356164387,173.86,73.0,2023-08-24,0.0,0.0,0.0,13070
422,2024,5.087671232876712,371.4,73.0,2024-08-02,0.0,0.0,0.0,29955
422,2025,3.063150684931507,223.61,73.0,2025-09-27,0.0,0.0,0.0,35763
423,2021,3.1824719101123597,283.24,89.0,2021-10-11,0.0,0.0,0.0,7662
423,2022,3.2240449438202248,286.94,89.0,2022-09-04,0.0,0.0,0.0,8805
423,2023,2.8031460674157302,249.48,89.0,2023-08-27,0.0,0.0,0.0,13071
423,2024,3.914067415730337,348.352,89.0,2024-09-04,0.0,0.0,0.0,30491
423,2025,3.147415730337079,280.12,89.0,2025-10-18,0.0,0.0,0.0,35764
424,2021,2.652475247524752,267.9,101.0,2021-09-14,0.0,0.0,0.0,7162
424,2022,4.119009900990099,416.02,101.0,2022-08-15,0.0,0.0,0.0,9442
424,2023,2.082970297029703,210.38,101.0,2023-08-19,0.0,0.0,0.0,16407
424,2024,4.063564356435644,410.42,101.0,2024-09-29,0.0,0.0,0.0,31121
424,2025,4.860784313725491,495.8,102.0,2025-09-20,0.0,0.0,0.0,35788
425,2021,2.7649462365591395,257.14,93.0,2021-08-31,0.0,0.0,0.0,7163
425,2022,2.363010752688172,219.76,93.0,2022-09-18,0.0,0.0,0.0,9443
425,2023,2.559784946236559,238.06,93.0,2023-09-10,0.0,0.0,0.0,16408
425,2024,3.920430107526882,364.6,93.0,2024-08-07,0.0,0.0,0.0,30156
425,2025,3.2565591397849465,302.86,93.0,2025-09-28,0.0,0.0,0.0,36421
426,2021,4.262711864406779,251.5,59.0,2021-07-29,0.0,0.0,0.0,6512
426,2022,2.5298305084745762,149.26,59.0,2022-09-19,0.0,0.0,0.0,11179
426,2023,2.0303389830508474,119.79,59.0,2023-09-10,0.0,0.0,0.0,16409
426,2024,4.6440677966101696,274.0,59.0,2024-08-09,0.0,0.0,0.0,30157
426,2025,2.6094915254237288,153.96,59.0,2025-09-26,0.0,0.0,0.0,36422
427,2021,2.4951612903225806,154.7,62.0,2021-10-20,0.0,0.0,0.0,7632
427,2022,4.195806451612903,260.14,62.0,2022-08-29,0.0,0.0,0.0,9445
427,2023,2.577611940298507,172.7,67.0,2023-10-04,0.0,0.0,0.0,16437
427,2024,3.6002985074626865,241.22,67.0,2024-08-23,0.0,0.0,0.0,30350
427,2025,2.448928571428571,274.28,112.0,2025-09-16,0.0,0.0,0.0,36297
428,2021,1.572303664921466,600.62,382.0,2021-10-21,0.0,0.0,0.0,7633
428,2022,3.5535393258426966,1265.06,356.0,2022-09-05,0.0,0.0,0.0,9446
428,2023,2.4957865168539324,888.5,356.0,2023-10-10,0.0,0.0,0.0,16438
428,2024,4.379558011049724,1585.4,362.0,2024-09-06,0.0,0.0,0.0,30351
428,2025,1.48990099009901,451.44,303.0,2025-09-08,0.0,0.0,0.0,35953
429,2021,1.5118181818181817,66.52,44.0,2021-08-27,0.0,0.0,0.0,6397
429,2022,3.0915909090909093,136.03,44.0,2022-09-22,0.0,0.0,0.0,10637
429,2023,3.1136363636363638,137.0,44.0,2023-09-03,0.0,0.0,0.0,15853
429,2024,2.159090909090909,95.0,44.0,2024-09-27,0.0,0.0,0.0,31193
429,2025,4.738863636363636,208.51,44.0,2025-08-26,0.0,0.0,0.0,35224
430,2021,2.408648648648649,89.12,37.0,2021-08-01,0.0,0.0,0.0,6398
431,2021,2.472,37.08,15.0,2021-08-04,0.0,0.0,0.0,6399
431,2022,1.5333333333333334,23.0,15.0,2022-08-31,0.0,0.0,0.0,11143
431,2023,2.6,39.0,15.0,2023-10-20,0.0,0.0,0.0,15854
432,2021,2.851818181818182,125.48,44.0,2021-09-08,0.0,0.0,0.0,7327
432,2023,0.9977272727272727,43.9,44.0,2023-08-08,18.0,0.0,0.0,12592
432,2024,3.8786363636363634,170.66,44.0,2024-09-14,0.0,0.0,0.0,30492
432,2025,2.9768181818181816,130.98,44.0,2025-10-19,0.0,0.0,0.0,35765
433,2021,3.65,182.5,50.0,2021-09-03,0.0,0.0,0.0,6605
434,2021,2.7960000000000003,27.96,10.0,2021-09-08,0.0,0.0,0.0,7164
435,2021,3.1944444444444446,287.5,90.0,2021-09-08,0.0,0.0,0.0,7165
435,2022,4.0846,408.46,100.0,2022-08-30,0.0,0.0,0.0,9448
435,2023,1.916,220.34,115.0,2023-10-11,0.0,0.0,0.0,16439
435,2024,3.000848484848485,495.14,165.0,2024-08-16,0.0,0.0,0.0,30352
435,2025,2.6112048192771082,433.46,166.0,2025-09-16,0.0,0.0,0.0,36298
436,2021,3.0220689655172412,87.64,29.0,2021-09-04,0.0,0.0,0.0,7166
437,2021,1.5114285714285713,10.58,7.0,2021-08-23,0.0,0.0,0.0,7050
438,2021,4.436875,141.98,32.0,2021-10-23,0.0,0.0,0.0,7634
438,2022,4.486875,143.58,32.0,2022-09-07,0.0,0.0,0.0,9450
439,2021,2.128888888888889,19.16,9.0,2021-10-09,0.0,0.0,0.0,7663
440,2021,2.965813953488372,382.59,129.0,2021-10-15,0.0,0.0,0.0,7664
440,2022,3.4393548387096775,533.1,155.0,2022-09-09,0.0,0.0,0.0,8807
440,2023,2.905483870967742,450.35,155.0,2023-10-12,15.0,0.0,0.0,12996
440,2024,3.290574193548387,510.039,155.0,2024-09-08,0.0,0.0,0.0,30493
440,2025,3.6193548387096772,561.0,155.0,2025-09-07,0.0,0.0,0.0,35603
441,2021,4.001818181818182,132.06,33.0,2021-08-21,0.0,0.0,0.0,6400
441,2025,3.986666666666667,131.56,33.0,2025-09-17,0.0,0.0,0.0,35232
443,2021,2.4699999999999998,64.22,26.0,2021-10-15,0.0,0.0,0.0,7665
444,2021,3.512631578947368,66.74,19.0,2021-08-30,0.0,0.0,0.0,6401
444,2022,3.331578947368421,63.3,19.0,2022-08-16,0.0,0.0,0.0,10638
444,2023,2.8421052631578947,54.0,19.0,2023-10-12,0.0,0.0,0.0,15855
444,2024,5.806666666666667,104.52,18.0,2024-08-18,0.0,0.0,0.0,30184
445,2021,1.8866666666666667,5.66,3.0,2021-09-15,0.0,0.0,0.0,6402
446,2021,2.02,14.14,7.0,2021-09-15,0.0,0.0,0.0,6403
447,2021,2.646666666666667,15.88,6.0,2021-09-03,0.0,0.0,0.0,6404
448,2021,1.8946153846153846,49.26,26.0,2021-08-30,0.0,0.0,0.0,6296
451,2021,7.875,31.5,4.0,2021-07-22,0.0,0.0,0.0,6299
455,2021,5.973529411764706,101.55,17.0,2021-07-18,0.0,0.0,0.0,6321
456,2021,1.738709677419355,107.8,62.0,2021-08-09,0.0,0.0,0.0,6274
456,2023,1.3370731707317074,109.64,82.0,2023-07-12,0.0,0.0,0.0,15641
457,2021,1.295,31.08,24.0,2021-07-18,0.0,0.0,0.0,6275
457,2023,1.4166666666666667,34.0,24.0,2023-10-07,0.0,0.0,0.0,15856
457,2024,2.8333333333333335,68.0,24.0,2024-08-29,0.0,0.0,0.0,30429
457,2025,3.44,82.56,24.0,2025-09-17,0.0,0.0,0.0,35233
458,2021,2.139122807017544,121.93,57.0,2021-07-17,0.0,0.0,0.0,6276
460,2021,1.2569411764705882,106.84,85.0,2021-07-08,0.0,0.0,0.0,6303
461,2021,1.8042857142857145,25.26,14.0,2021-07-20,0.0,0.0,0.0,6304
461,2023,1.8928571428571428,26.5,14.0,2023-07-02,0.0,0.0,0.0,15434
463,2021,4.3342857142857145,60.68,14.0,2021-07-09,0.0,0.0,0.0,6306
464,2021,1.451111111111111,39.18,27.0,2021-07-22,0.0,0.0,0.0,6307
464,2023,0.7222222222222222,19.5,27.0,2023-06-30,0.0,0.0,0.0,15436
465,2021,4.528125,144.9,32.0,2021-07-31,0.0,0.0,0.0,6322
467,2021,2.8866666666666667,60.62,21.0,2021-07-24,0.0,0.0,0.0,6409
467,2023,0.588076923076923,15.29,26.0,2023-08-02,0.0,0.0,0.0,15643
468,2021,2.649655172413793,76.84,29.0,2021-07-30,0.0,0.0,0.0,6433
468,2022,4.644827586206896,134.7,29.0,2022-07-29,0.0,0.0,0.0,10482
469,2021,1.24,4.96,4.0,2021-07-31,0.0,0.0,0.0,6558
469,2022,3.0136842105263155,57.26,19.0,2022-09-09,0.0,0.0,0.0,11100
470,2021,3.1884444444444444,143.48,45.0,2021-08-24,0.0,0.0,0.0,6623
471,2021,3.0327272727272727,33.36,11.0,2021-07-25,0.0,0.0,0.0,6410
471,2023,1.2741666666666667,15.29,12.0,2023-07-25,0.0,0.0,0.0,15644
472,2021,1.3179411764705884,89.62,68.0,2021-08-02,0.0,0.0,0.0,6411
474,2021,0.25,1.0,4.0,2021-08-04,0.0,0.0,0.0,6635
475,2021,4.801333333333333,72.02,15.0,2021-08-17,0.0,0.0,0.0,6578
477,2021,1.7879999999999998,8.94,5.0,2021-08-07,0.0,0.0,0.0,6631
479,2023,4.408571428571428,30.86,7.0,2023-07-13,0.0,0.0,0.0,15646
480,2021,1.0266666666666666,3.08,3.0,2021-08-23,0.0,0.0,0.0,6937
481,2021,3.5430769230769235,46.06,13.0,2021-08-21,0.0,0.0,0.0,6940
482,2021,4.663636363636363,51.3,11.0,2021-08-20,0.0,0.0,0.0,6945
482,2023,1.4048333333333334,33.716,24.0,2023-07-15,0.0,0.0,0.0,15647
483,2021,3.334285714285714,46.68,14.0,2021-08-28,0.0,0.0,0.0,7169
484,2021,1.2895238095238095,27.08,21.0,2021-08-29,0.0,0.0,0.0,7211
485,2021,0.3333333333333333,1.0,3.0,2021-07-31,0.0,0.0,0.0,7823
486,2021,2.8973333333333335,43.46,15.0,2021-08-26,0.0,0.0,0.0,7094
487,2021,2.4669230769230768,64.14,26.0,2021-09-02,0.0,0.0,0.0,7236
488,2021,1.002,20.04,20.0,2021-09-07,0.0,0.0,0.0,7240
491,2021,2.153636363636364,47.38,22.0,2021-09-11,0.0,0.0,0.0,7351
493,2021,1.055,8.44,8.0,2021-10-22,0.0,0.0,0.0,7817
494,2021,1.74,59.16,34.0,2021-09-28,0.0,0.0,0.0,7819
505,2022,3.466521739130435,318.92,92.0,2022-08-29,0.0,0.0,0.0,8809
506,2022,2.916875,93.34,32.0,2022-08-29,0.0,0.0,0.0,8810
510,2022,4.543333333333334,54.52,12.0,2022-09-07,0.0,0.0,0.0,10057
510,2023,2.3091666666666666,27.71,12.0,2023-08-26,0.0,0.0,0.0,16418
512,2022,1.7232222222222222,31.018,18.0,2022-09-01,0.0,0.0,0.0,11144
512,2023,3.52,63.36,18.0,2023-08-25,14.0,0.0,0.0,12867
512,2024,3.609692307692308,93.852,26.0,2024-09-04,0.0,0.0,0.0,30494
512,2025,3.7007692307692306,96.22,26.0,2025-09-26,0.0,0.0,0.0,35728
513,2023,1.501304347826087,34.53,23.0,2023-10-01,22.1,0.0,0.0,12868
513,2024,1.8699999999999999,43.01,23.0,2024-08-14,0.0,0.0,0.0,30129
513,2025,4.506086956521739,103.64,23.0,2025-07-21,0.0,0.0,0.0,35208
514,2023,2.0454545454545454,90.0,44.0,2023-08-21,0.0,0.0,0.0,15857
514,2024,3.17,139.48,44.0,2024-09-24,0.0,0.0,0.0,31194
514,2025,4.836363636363637,212.8,44.0,2025-08-20,0.0,0.0,0.0,35225
588,2023,1.6065384615384617,83.54,52.0,2023-08-03,0.0,0.0,0.0,15858
599,2023,1.186388888888889,21.355,18.0,2023-07-24,0.0,0.0,0.0,15649
602,2023,0.64,2.56,4.0,2023-07-15,0.0,0.0,0.0,15651
604,2023,2.1067846153846155,136.941,65.0,2023-08-21,15.3,0.0,0.0,13072
612,2023,0.23636363636363636,26.0,110.0,2023-07-22,0.0,0.0,0.0,15860
628,2023,1.7109375,383.25,224.0,2023-08-01,15.0,0.0,0.0,16159
628,2024,3.6475862068965514,1057.8,290.0,2024-09-18,0.0,0.0,0.0,30749
628,2025,1.835298245614035,523.06,285.0,2025-10-11,0.0,0.0,0.0,36147
630,2023,1.2423529411764707,21.12,17.0,2023-09-09,0.0,0.0,0.0,16699
630,2024,2.7423529411764704,46.62,17.0,2024-09-09,0.0,0.0,0.0,30750
630,2025,1.588235294117647,27.0,17.0,2025-10-11,0.0,0.0,0.0,36148
632,2023,1.8230952380952379,76.57,42.0,2023-10-02,0.0,0.0,0.0,17425
632,2024,0.5004761904761905,21.02,42.0,2024-09-16,0.0,0.0,0.0,30751
632,2025,1.8557142857142856,77.94,42.0,2025-10-11,0.0,0.0,0.0,36149
633,2023,1.6493749999999998,131.95,80.0,2023-08-15,0.0,0.0,0.0,16645
633,2024,2.7215499999999997,217.724,80.0,2024-08-21,0.0,0.0,0.0,30277
633,2025,3.7351351351351347,276.4,74.0,2025-07-22,0.0,0.0,0.0,35306
634,2023,1.194047619047619,50.15,42.0,2023-09-08,0.0,0.0,0.0,16646
634,2024,3.7985714285714285,159.54,42.0,2024-10-07,0.0,0.0,0.0,30641
634,2025,3.736,168.12,45.0,2025-09-21,0.0,0.0,0.0,36150
635,2023,2.004705882352941,102.24,51.0,2023-09-12,0.0,0.0,0.0,16700
635,2024,2.4098039215686278,122.9,51.0,2024-10-07,0.0,0.0,0.0,31376
635,2025,3.4548,172.74,50.0,2025-10-10,0.0,0.0,0.0,36151
636,2023,2.0064912280701757,114.37,57.0,2023-09-12,0.0,0.0,0.0,16701
636,2024,4.390175438596492,250.24,57.0,2024-11-08,0.0,0.0,0.0,31488
636,2025,2.5898245614035087,147.62,57.0,2025-10-10,0.0,0.0,0.0,36152
640,2023,1.0916666666666668,124.45,114.0,2023-09-08,0.0,0.0,0.0,16647
640,2024,2.7085714285714286,303.36,112.0,2024-08-21,0.0,0.0,0.0,30278
640,2025,0.4794915254237288,28.29,59.0,2025-09-21,0.0,0.0,0.0,36153
643,2023,1.622241379310345,94.09,58.0,2023-09-13,0.0,0.0,0.0,16702
643,2024,1.3826573426573427,197.72,143.0,2024-09-03,0.0,0.0,0.0,30770
643,2025,3.3000000000000003,435.6,132.0,2025-07-24,0.0,0.0,0.0,35307
644,2023,1.736,26.04,15.0,2023-08-27,0.0,0.0,0.0,16703
644,2024,2.470666666666667,37.06,15.0,2024-10-07,0.0,0.0,0.0,30642
649,2023,1.71,18.81,11.0,2023-08-01,15.3,0.0,0.0,16160
650,2023,2.649016393442623,161.59,61.0,2023-09-15,0.0,0.0,0.0,16704
650,2024,3.417966101694915,201.66,59.0,2024-10-09,0.0,0.0,0.0,30643
652,2023,1.71,97.47,57.0,2023-08-01,15.3,0.0,0.0,16161
653,2023,1.125925925925926,152.0,135.0,2023-09-08,0.0,0.0,0.0,16648
653,2024,2.499111111111111,337.38,135.0,2024-09-02,0.0,0.0,0.0,30279
653,2025,4.073504273504274,476.6,117.0,2025-07-23,0.0,0.0,0.0,35308
654,2023,2.6425,21.14,8.0,2023-09-17,0.0,0.0,0.0,16705
655,2023,1.28,48.64,38.0,2023-08-12,0.0,0.0,0.0,16498
655,2024,2.415263157894737,91.78,38.0,2024-09-29,0.0,0.0,0.0,30644
657,2024,1.2758620689655173,37.0,29.0,2024-10-04,0.0,0.0,0.0,29739
659,2024,2.440571428571429,85.42,35.0,2024-10-06,0.0,0.0,0.0,30645
660,2023,1.762,26.43,15.0,2023-09-18,0.0,0.0,0.0,16706
661,2023,1.274561403508772,72.65,57.0,2023-08-13,0.0,0.0,0.0,16499
661,2024,3.6691228070175437,209.14,57.0,2024-09-29,0.0,0.0,0.0,30646
662,2023,1.7616666666666667,21.14,12.0,2023-09-18,0.0,0.0,0.0,16707
663,2023,2.649107142857143,148.35,56.0,2023-09-15,0.0,0.0,0.0,16708
663,2024,3.4639285714285712,193.98,56.0,2024-10-09,0.0,0.0,0.0,30647
663,2025,1.3196825396825398,166.28,126.0,2025-11-14,0.0,0.0,0.0,36842
665,2023,1.625,48.75,30.0,2023-09-12,0.0,0.0,0.0,16709
666,2023,1.6253191489361702,76.39,47.0,2023-09-12,0.0,0.0,0.0,16710
667,2023,1.2873529411764706,175.08,136.0,2023-08-13,12.5,0.0,0.0,16500
667,2024,3.158260869565217,435.84,138.0,2024-08-01,0.0,0.0,0.0,30106
667,2025,1.8325991189427313,416.0,227.0,2025-09-26,0.0,0.0,0.0,36134
668,2023,1.5998675496688743,241.58,151.0,2023-09-18,0.0,0.0,0.0,16711
668,2024,1.3128169014084505,186.42,142.0,2024-10-03,0.0,0.0,0.0,31373
668,2025,3.354501347708895,1244.52,371.0,2025-10-05,0.0,0.0,0.0,36154
669,2023,1.5975471698113208,84.67,53.0,2023-08-19,14.7,0.0,0.0,16712
669,2024,3.322641509433962,176.1,53.0,2024-10-07,0.0,0.0,0.0,30648
669,2025,1.069056603773585,56.66,53.0,2025-10-30,0.0,0.0,0.0,36843
670,2023,0.7734285714285715,108.28,140.0,2023-09-22,0.0,0.0,0.0,17349
670,2025,1.0,35.0,35.0,2025-09-25,0.0,0.0,0.0,34984
671,2023,1.7734375,56.75,32.0,2023-08-26,0.0,0.0,0.0,16713
671,2025,1.2733333333333332,26.74,21.0,2025-10-30,0.0,0.0,0.0,36844
672,2023,1.8552173913043477,213.35,115.0,2023-10-01,0.0,0.0,0.0,17426
672,2024,2.367652173913043,272.28,115.0,2024-09-10,0.0,0.0,0.0,30752
672,2025,1.7893167701863353,288.08,161.0,2025-09-06,0.0,0.0,0.0,36045
674,2023,1.2578205128205127,294.33,234.0,2023-08-18,0.0,0.0,0.0,16501
674,2024,4.6898425196850395,1191.22,254.0,2024-09-30,0.0,0.0,0.0,30650
674,2025,1.6521739130434783,380.0,230.0,2025-09-25,0.0,0.0,0.0,36135
675,2023,2.008974358974359,78.35,39.0,2023-09-12,0.0,0.0,0.0,16714
675,2024,4.904761904761905,515.0,105.0,2024-11-09,0.0,0.0,0.0,31489
675,2025,2.8633540372670807,461.0,161.0,2025-10-11,0.0,0.0,0.0,36155
677,2023,2.2621428571428575,31.67,14.0,2023-09-21,0.0,0.0,0.0,16715
677,2024,1.6400000000000001,22.96,14.0,2024-09-13,0.0,0.0,0.0,30771
678,2023,2.0062686567164176,134.42,67.0,2023-09-12,0.0,0.0,0.0,16716
680,2023,2.511463414634146,102.97,41.0,2023-09-09,0.0,0.0,0.0,16717
680,2024,5.002926829268293,205.12,41.0,2024-11-06,0.0,0.0,0.0,31490
685,2023,3.021012658227848,238.66,79.0,2023-09-16,0.0,0.0,0.0,16718
685,2024,3.188607594936709,251.9,79.0,2024-10-14,0.0,0.0,0.0,30651
685,2025,1.2593197278911565,185.12,147.0,2025-11-15,0.0,0.0,0.0,36845
689,2023,1.1930769230769231,31.02,26.0,2023-09-08,0.0,0.0,0.0,16650
689,2024,1.1392307692307693,29.62,26.0,2024-10-08,0.0,0.0,0.0,30652
689,2025,1.192,29.8,25.0,2025-10-15,0.0,0.0,0.0,36156
690,2023,3.1429411764705883,53.43,17.0,2023-09-16,0.0,0.0,0.0,16719
693,2023,1.819387755102041,178.3,98.0,2023-09-19,0.0,0.0,0.0,16720
693,2024,0.49371428571428577,51.84,105.0,2024-09-14,0.0,0.0,0.0,30772
693,2025,4.149532710280374,444.0,107.0,2025-10-13,0.0,0.0,0.0,36157
694,2023,1.8193939393939393,60.04,33.0,2023-09-19,0.0,0.0,0.0,16721
694,2024,1.9284848484848485,63.64,33.0,2024-10-07,0.0,0.0,0.0,30653
694,2025,3.8374193548387097,118.96,31.0,2025-10-11,0.0,0.0,0.0,36158
695,2023,1.8190000000000002,18.19,10.0,2023-09-19,0.0,0.0,0.0,16722
696,2023,1.7727777777777778,31.91,18.0,2023-08-26,0.0,0.0,0.0,16723
696,2024,4.205263157894737,79.9,19.0,2024-10-07,0.0,0.0,0.0,30654
698,2023,1.06,147.34,139.0,2023-08-08,15.5,0.0,0.0,16162
698,2024,3.18863309352518,443.22,139.0,2024-10-08,0.0,0.0,0.0,30655
698,2025,3.1444444444444444,424.5,135.0,2025-10-12,0.0,0.0,0.0,36159
699,2023,3.144354838709677,194.95,62.0,2023-09-16,0.0,0.0,0.0,16724
699,2024,1.9542857142857144,232.56,119.0,2024-10-14,0.0,0.0,0.0,30656
699,2025,0.864406779661017,51.0,59.0,2025-11-13,0.0,0.0,0.0,36846
700,2023,1.771777777777778,79.73,45.0,2023-08-27,0.0,0.0,0.0,16725
700,2024,3.1551111111111108,141.98,45.0,2024-10-06,0.0,0.0,0.0,30657
701,2023,2.263571428571429,31.69,14.0,2023-09-20,0.0,0.0,0.0,16726
705,2024,1.4625,23.4,16.0,2024-08-10,0.0,0.0,0.0,29740
706,2023,2.0191666666666666,48.46,24.0,2023-09-21,0.0,0.0,0.0,16727
706,2024,0.735072463768116,50.72,69.0,2024-09-15,0.0,0.0,0.0,30773
706,2025,0.828641975308642,67.12,81.0,2025-10-15,0.0,0.0,0.0,36160
710,2023,2.016111111111111,36.29,18.0,2023-09-13,0.0,0.0,0.0,16728
711,2023,1.737764705882353,147.71,85.0,2023-09-21,0.0,0.0,0.0,16729
711,2024,0.6596296296296296,71.24,108.0,2024-09-16,0.0,0.0,0.0,30774
711,2025,2.0722222222222224,223.8,108.0,2025-10-14,0.0,0.0,0.0,36161
712,2023,2.155,137.92,64.0,2023-08-16,0.0,0.0,0.0,16163
712,2024,2.481875,158.84,64.0,2024-09-26,0.0,0.0,0.0,30658
713,2023,1.738235294117647,29.55,17.0,2023-09-21,0.0,0.0,0.0,16730
715,2023,1.8202684563758391,271.22,149.0,2023-10-04,0.0,0.0,0.0,17427
715,2024,3.2449664429530203,483.5,149.0,2024-09-26,0.0,0.0,0.0,30659
715,2025,2.3115254237288134,272.76,118.0,2025-09-08,0.0,0.0,0.0,36046
716,2023,1.8917857142857142,52.97,28.0,2023-08-14,0.0,0.0,0.0,16652
716,2024,2.867857142857143,80.3,28.0,2024-11-05,0.0,0.0,0.0,31491
717,2023,2.425675675675676,359.0,148.0,2023-10-04,0.0,0.0,0.0,17428
717,2024,2.1251315789473684,323.02,152.0,2024-09-28,0.0,0.0,0.0,30660
717,2025,2.4324,243.24,100.0,2025-09-08,0.0,0.0,0.0,36047
718,2023,1.7971698113207548,95.25,53.0,2023-08-19,0.0,0.0,0.0,16731
718,2024,3.907924528301887,207.12,53.0,2024-11-05,0.0,0.0,0.0,31492
719,2023,2.43,4.86,2.0,2023-10-03,0.0,0.0,0.0,17429
722,2023,2.345357142857143,65.67,28.0,2023-10-04,0.0,0.0,0.0,17430
722,2024,3.1435714285714282,88.02,28.0,2024-09-28,0.0,0.0,0.0,30661
722,2025,1.9607407407407407,52.94,27.0,2025-10-13,0.0,0.0,0.0,36162
725,2023,1.89,241.92,128.0,2023-08-14,0.0,0.0,0.0,16653
725,2024,4.84875,620.64,128.0,2024-11-05,0.0,0.0,0.0,31493
725,2025,2.7949848942598186,925.14,331.0,2025-10-10,0.0,0.0,0.0,36163
726,2023,0.7297058823529411,99.24,136.0,2023-10-05,0.0,0.0,0.0,17518
726,2024,2.481029411764706,337.42,136.0,2024-08-30,0.0,0.0,0.0,30768
727,2023,1.3795238095238094,28.97,21.0,2023-08-21,0.0,0.0,0.0,16502
727,2024,2.8123809523809524,59.06,21.0,2024-10-01,0.0,0.0,0.0,30662
728,2023,2.0159649122807015,114.91,57.0,2023-09-13,0.0,0.0,0.0,16732
728,2024,1.4098245614035088,80.36,57.0,2024-09-01,0.0,0.0,0.0,30775
728,2025,3.3735849056603775,178.8,53.0,2025-07-21,0.0,0.0,0.0,35309
729,2023,1.8895744680851065,88.81,47.0,2023-09-13,0.0,0.0,0.0,16733
729,2024,4.0217777777777775,180.98,45.0,2024-09-08,0.0,0.0,0.0,30753
729,2025,1.2093023255813953,52.0,43.0,2025-09-09,0.0,0.0,0.0,36048
730,2023,1.38,60.72,44.0,2023-08-21,0.0,0.0,0.0,16503
730,2024,3.438636363636364,151.3,44.0,2024-10-01,0.0,0.0,0.0,30663
733,2023,1.7423448275862068,252.64,145.0,2023-08-26,0.0,0.0,0.0,16734
733,2024,1.2295180722891565,204.1,166.0,2024-10-03,0.0,0.0,0.0,31374
735,2023,2.44,73.2,30.0,2023-08-26,0.0,0.0,0.0,16735
736,2023,2.1700925925925927,234.37,108.0,2023-08-22,0.0,0.0,0.0,16736
736,2024,1.1806896551724138,136.96,116.0,2024-09-02,0.0,0.0,0.0,30776
736,2025,3.522429906542056,376.9,107.0,2025-07-22,0.0,0.0,0.0,35310
737,2023,2.440300751879699,649.12,266.0,2023-08-22,0.0,0.0,0.0,16737
737,2024,1.3083458646616541,348.02,266.0,2024-10-21,0.0,0.0,0.0,31494
737,2025,3.047698113207547,807.64,265.0,2025-10-04,0.0,0.0,0.0,36164
738,2023,1.2567320261437909,192.28,153.0,2023-08-21,0.0,0.0,0.0,16504
738,2024,6.303508771929825,718.6,114.0,2024-10-01,0.0,0.0,0.0,30664
738,2025,1.7206896551724138,499.0,290.0,2025-09-24,0.0,0.0,0.0,36136
741,2023,1.904864864864865,70.48,37.0,2023-08-25,0.0,0.0,0.0,16738
742,2023,1.904873949579832,226.68,119.0,2023-08-25,0.0,0.0,0.0,16739
742,2024,3.900256410256411,608.44,156.0,2024-10-04,0.0,0.0,0.0,30665
742,2025,1.6852222222222222,303.34,180.0,2025-08-26,0.0,0.0,0.0,35631
743,2023,2.480392156862745,253.0,102.0,2023-08-20,0.0,0.0,0.0,16740
743,2024,3.086470588235294,314.82,102.0,2024-09-08,0.0,0.0,0.0,30754
743,2025,2.7562745098039216,281.14,102.0,2025-08-29,0.0,0.0,0.0,36050
744,2023,0.9978217821782178,100.78,101.0,2023-08-04,15.0,0.0,0.0,16164
744,2024,3.433069306930693,346.74,101.0,2024-10-04,0.0,0.0,0.0,30666
744,2025,2.404190476190476,252.44,105.0,2025-11-01,0.0,0.0,0.0,36847
745,2023,1.03,16.48,16.0,2023-08-04,15.5,0.0,0.0,16165
745,2024,1.665,26.64,16.0,2024-10-05,0.0,0.0,0.0,30667
746,2023,1.8734782608695653,86.18,46.0,2023-08-20,0.0,0.0,0.0,16741
746,2024,1.9434782608695653,89.4,46.0,2024-10-05,0.0,0.0,0.0,30668
746,2025,2.351063829787234,442.0,188.0,2025-11-01,0.0,0.0,0.0,36848
747,2023,1.0,50.0,50.0,2023-08-07,16.2,0.0,0.0,16166
749,2023,1.280135135135135,189.46,148.0,2023-08-05,15.8,0.0,0.0,16167
749,2024,1.9632432432432432,290.56,148.0,2024-08-30,0.0,0.0,0.0,30769
749,2025,3.6557575757575758,482.56,132.0,2025-10-09,0.0,0.0,0.0,36165
750,2023,1.1019148936170213,51.79,47.0,2023-08-05,15.6,0.0,0.0,16168
750,2024,4.912765957446808,230.9,47.0,2024-10-02,0.0,0.0,0.0,30669
750,2025,2.2961702127659573,107.92,47.0,2025-11-02,0.0,0.0,0.0,36849
751,2024,1.0693548387096774,66.3,62.0,2024-08-11,0.0,0.0,0.0,29747
751,2025,1.6935483870967742,52.5,31.0,2025-09-30,0.0,0.0,0.0,36730
752,2023,1.9104761904761904,120.36,63.0,2023-08-13,0.0,0.0,0.0,16655
752,2024,5.047936507936508,318.02,63.0,2024-10-22,0.0,0.0,0.0,31495
753,2023,1.4910294117647058,101.39,68.0,2023-09-09,0.0,0.0,0.0,16656
753,2024,3.743076923076923,243.3,65.0,2024-09-15,0.0,0.0,0.0,30755
753,2025,1.8231746031746032,114.86,63.0,2025-09-05,0.0,0.0,0.0,36051
754,2023,3.142777777777778,56.57,18.0,2023-09-16,0.0,0.0,0.0,16742
755,2023,2.6428205128205127,206.14,78.0,2023-09-17,0.0,0.0,0.0,16743
756,2023,3.143035714285714,176.01,56.0,2023-09-16,0.0,0.0,0.0,16744
757,2023,2.6775,10.71,4.0,2023-09-13,0.0,0.0,0.0,16657
758,2023,2.4257142857142857,33.96,14.0,2023-09-15,0.0,0.0,0.0,16658
759,2024,0.95625,15.3,16.0,2024-08-04,0.0,0.0,0.0,29748
759,2025,1.7,17.0,10.0,2025-09-30,0.0,0.0,0.0,36731
760,2024,1.0,13.0,13.0,2024-08-11,0.0,0.0,0.0,29749
760,2025,1.7692307692307692,23.0,13.0,2025-09-30,0.0,0.0,0.0,36732
764,2023,3.1446774193548386,194.97,62.0,2023-09-16,0.0,0.0,0.0,16745
764,2024,3.882903225806452,240.74,62.0,2024-10-14,0.0,0.0,0.0,30670
766,2023,2.63,181.47,69.0,2023-09-15,0.0,0.0,0.0,16659
766,2024,1.13123595505618,100.68,89.0,2024-09-13,0.0,0.0,0.0,30777
766,2025,3.126904761904762,262.66,84.0,2025-10-14,0.0,0.0,0.0,36166
767,2023,1.6358536585365853,67.07,41.0,2023-09-14,0.0,0.0,0.0,16746
767,2024,1.4495,57.98,40.0,2024-09-26,0.0,0.0,0.0,30671
768,2023,1.9517391304347826,44.89,23.0,2023-09-14,0.0,0.0,0.0,16747
768,2024,2.5218181818181815,55.48,22.0,2024-09-25,0.0,0.0,0.0,30672
769,2023,1.636,114.52,70.0,2023-09-14,0.0,0.0,0.0,16748
769,2024,5.470144927536232,377.44,69.0,2024-09-26,0.0,0.0,0.0,30673
770,2023,2.5348507462686567,339.67,134.0,2023-09-14,0.0,0.0,0.0,16749
770,2024,1.6740298507462685,224.32,134.0,2024-08-28,0.0,0.0,0.0,30640
770,2025,3.468955223880597,464.84,134.0,2025-10-08,0.0,0.0,0.0,36167
771,2023,2.154166666666667,77.55,36.0,2023-09-14,0.0,0.0,0.0,16750
771,2024,4.969142857142857,173.92,35.0,2024-09-26,0.0,0.0,0.0,30674
772,2023,2.643050847457627,155.94,59.0,2023-09-17,0.0,0.0,0.0,16751
772,2024,1.297313432835821,86.92,67.0,2024-10-02,0.0,0.0,0.0,31375
773,2023,0.6194029850746269,41.5,67.0,2023-08-12,0.0,0.0,0.0,16169
773,2024,1.5847761194029852,106.18,67.0,2024-10-15,0.0,0.0,0.0,30675
773,2025,0.9616129032258064,59.62,62.0,2025-11-13,0.0,0.0,0.0,36850
774,2023,2.6488888888888886,71.52,27.0,2023-09-15,0.0,0.0,0.0,16752
774,2024,4.308571428571429,90.48,21.0,2024-10-09,0.0,0.0,0.0,30676
775,2023,2.6489830508474577,156.29,59.0,2023-09-15,0.0,0.0,0.0,16753
775,2024,3.02089552238806,202.4,67.0,2024-10-14,0.0,0.0,0.0,30677
776,2023,1.0157575757575759,33.52,33.0,2023-08-04,14.8,0.0,0.0,16170
776,2024,2.5763265306122447,126.24,49.0,2024-10-04,0.0,0.0,0.0,30678
777,2023,1.736,199.64,115.0,2023-08-27,0.0,0.0,0.0,16754
777,2024,3.336229508196721,407.02,122.0,2024-10-07,0.0,0.0,0.0,30679
777,2025,1.4358125,459.46,320.0,2025-10-30,0.0,0.0,0.0,36851
778,2023,1.7359090909090908,76.38,44.0,2023-08-27,0.0,0.0,0.0,16755
778,2024,4.464090909090909,196.42,44.0,2024-10-08,0.0,0.0,0.0,30680
779,2023,1.7360714285714285,48.61,28.0,2023-08-27,0.0,0.0,0.0,16756
779,2024,3.148,125.92,40.0,2024-10-08,0.0,0.0,0.0,30681
780,2023,1.735769230769231,45.13,26.0,2023-08-27,0.0,0.0,0.0,16757
780,2024,4.034666666666667,121.04,30.0,2024-10-08,0.0,0.0,0.0,30682
781,2023,1.736056338028169,123.26,71.0,2023-08-27,0.0,0.0,0.0,16758
782,2023,3.1433333333333335,66.01,21.0,2023-09-16,0.0,0.0,0.0,16759
782,2024,0.7968421052631579,30.28,38.0,2024-10-15,0.0,0.0,0.0,30684
782,2025,0.5294117647058824,18.0,34.0,2025-11-14,0.0,0.0,0.0,36852
783,2023,1.8232291666666667,175.03,96.0,2023-10-02,0.0,0.0,0.0,17432
783,2024,3.8222916666666666,366.94,96.0,2024-09-16,0.0,0.0,0.0,30756
783,2025,1.942826086956522,178.74,92.0,2025-09-07,0.0,0.0,0.0,36052
784,2023,1.7746153846153845,115.35,65.0,2023-08-26,0.0,0.0,0.0,16760
784,2024,1.1116417910447762,74.48,67.0,2024-10-07,0.0,0.0,0.0,30685
784,2025,1.182948717948718,184.54,156.0,2025-10-30,0.0,0.0,0.0,36853
785,2023,1.838187134502924,314.33,171.0,2023-10-01,0.0,0.0,0.0,17433
785,2024,3.4239766081871346,585.5,171.0,2024-09-10,0.0,0.0,0.0,30757
785,2025,2.541294117647059,432.02,170.0,2025-09-03,0.0,0.0,0.0,36053
786,2023,1.4060416666666666,67.49,48.0,2023-09-09,0.0,0.0,0.0,16761
786,2024,4.355714285714286,182.94,42.0,2024-10-08,0.0,0.0,0.0,30686
786,2025,1.8527272727272726,81.52,44.0,2025-10-15,0.0,0.0,0.0,36168
787,2023,1.379857142857143,96.59,70.0,2023-08-21,0.0,0.0,0.0,16505
787,2024,3.1833333333333336,248.3,78.0,2024-10-01,0.0,0.0,0.0,30687
788,2023,1.9351612903225808,119.98,62.0,2023-09-09,17.5,0.0,0.0,16661
788,2024,1.9296774193548387,119.64,62.0,2024-09-28,0.0,0.0,0.0,30688
788,2025,3.813379310344828,552.94,145.0,2025-10-14,0.0,0.0,0.0,36169
789,2023,1.91046511627907,164.3,86.0,2023-09-09,0.0,0.0,0.0,16662
789,2024,3.867674418604651,332.62,86.0,2024-09-29,0.0,0.0,0.0,30689
790,2023,1.8870833333333332,181.16,96.0,2023-10-01,0.0,0.0,0.0,17434
790,2024,0.94125,90.36,96.0,2024-09-17,0.0,0.0,0.0,30758
790,2025,2.9851111111111113,268.66,90.0,2025-09-06,0.0,0.0,0.0,36054
791,2023,1.8553846153846154,24.12,13.0,2023-10-01,0.0,0.0,0.0,17435
792,2023,1.42275,113.82,80.0,2023-08-21,0.0,0.0,0.0,16762
792,2024,2.9635000000000002,237.08,80.0,2024-10-22,0.0,0.0,0.0,31496
793,2023,1.7799999999999998,158.42,89.0,2023-09-19,0.0,0.0,0.0,16763
793,2024,4.363820224719101,388.38,89.0,2024-10-07,0.0,0.0,0.0,30690
793,2025,2.2246511627906975,191.32,86.0,2025-10-11,0.0,0.0,0.0,36170
794,2023,1.0431818181818182,45.9,44.0,2023-08-06,16.0,0.0,0.0,16171
794,2024,8.434545454545455,371.12,44.0,2024-10-06,0.0,0.0,0.0,30691
795,2023,0.8206493506493506,63.19,77.0,2023-08-06,15.3,0.0,0.0,16172
795,2024,3.521284403669725,383.82,109.0,2024-10-06,0.0,0.0,0.0,30692
795,2025,1.2457471264367816,325.14,261.0,2025-09-27,0.0,0.0,0.0,36138
796,2023,1.1148387096774195,34.56,31.0,2023-08-05,0.0,0.0,0.0,16173
797,2023,1.7378260869565216,39.97,23.0,2023-09-21,0.0,0.0,0.0,16764
797,2024,1.5504347826086955,35.66,23.0,2024-09-16,0.0,0.0,0.0,30778
797,2025,4.511304347826087,103.76,23.0,2025-10-13,0.0,0.0,0.0,36171
798,2023,2.006153846153846,52.16,26.0,2023-09-12,0.0,0.0,0.0,16765
798,2024,2.709230769230769,70.44,26.0,2024-11-08,0.0,0.0,0.0,31497
799,2024,0.8559183673469387,41.94,49.0,2024-09-10,0.0,0.0,0.0,30759
800,2023,1.85,38.85,21.0,2023-09-09,0.0,0.0,0.0,16663
800,2024,2.493333333333333,52.36,21.0,2024-09-28,0.0,0.0,0.0,30693
800,2025,1.907,38.14,20.0,2025-10-15,0.0,0.0,0.0,36172
801,2023,1.8197272727272726,200.17,110.0,2023-09-21,0.0,0.0,0.0,16766
801,2024,0.8103703703703704,109.4,135.0,2024-09-14,0.0,0.0,0.0,30779
801,2025,3.800724637681159,524.5,138.0,2025-10-12,0.0,0.0,0.0,36173
802,2023,2.345833333333333,56.3,24.0,2023-10-04,0.0,0.0,0.0,17436
802,2024,0.3558333333333333,8.54,24.0,2024-09-14,0.0,0.0,0.0,30780
802,2025,2.8191666666666664,67.66,24.0,2025-10-13,0.0,0.0,0.0,36174
803,2023,1.8186206896551724,52.74,29.0,2023-09-21,0.0,0.0,0.0,16767
803,2024,0.8068965517241379,23.4,29.0,2024-09-14,0.0,0.0,0.0,30781
803,2025,5.01103448275862,145.32,29.0,2025-10-13,0.0,0.0,0.0,36175
804,2023,1.818888888888889,16.37,9.0,2023-09-21,0.0,0.0,0.0,16768
805,2023,1.8189473684210526,34.56,19.0,2023-09-21,0.0,0.0,0.0,16769
806,2023,2.2642857142857142,31.7,14.0,2023-09-20,0.0,0.0,0.0,16770
807,2023,3.141052631578947,179.04,57.0,2023-09-17,0.0,0.0,0.0,16771
807,2024,2.4712280701754388,140.86,57.0,2024-10-14,0.0,0.0,0.0,30694
808,2023,2.64275,211.42,80.0,2023-09-17,0.0,0.0,0.0,16772
808,2024,2.3962499999999998,191.7,80.0,2024-10-14,0.0,0.0,0.0,30695
808,2025,1.6854054054054055,311.8,185.0,2025-11-13,0.0,0.0,0.0,36854
809,2023,1.1082758620689654,64.28,58.0,2023-08-05,15.9,0.0,0.0,16174
809,2024,3.171551724137931,183.95,58.0,2024-10-05,0.0,0.0,0.0,30696
809,2025,2.2703846153846152,118.06,52.0,2025-10-09,0.0,0.0,0.0,36176
810,2023,1.032,72.24,70.0,2023-08-06,15.0,0.0,0.0,16175
810,2024,3.8034285714285714,266.24,70.0,2024-10-06,0.0,0.0,0.0,30697
810,2025,1.2085185185185185,65.26,54.0,2025-11-02,0.0,0.0,0.0,36855
811,2023,1.8688888888888888,33.64,18.0,2023-08-20,0.0,0.0,0.0,16773
811,2024,4.6866666666666665,84.36,18.0,2024-10-05,0.0,0.0,0.0,30698
812,2023,1.7378947368421054,99.06,57.0,2023-09-10,0.0,0.0,0.0,16774
812,2024,3.591578947368421,204.72,57.0,2024-10-07,0.0,0.0,0.0,30699
812,2025,1.1764285714285714,32.94,28.0,2025-10-30,0.0,0.0,0.0,36856
813,2023,1.738,17.38,10.0,2023-09-21,0.0,0.0,0.0,16775
814,2023,1.7621621621621621,65.2,37.0,2023-09-18,0.0,0.0,0.0,16776
814,2024,0.9753658536585367,79.98,82.0,2024-09-18,0.0,0.0,0.0,30760
814,2025,1.2434375,79.58,64.0,2025-09-07,0.0,0.0,0.0,36055
815,2023,1.7622222222222221,31.72,18.0,2023-09-18,0.0,0.0,0.0,16777
818,2023,0.9972972972972972,36.9,37.0,2023-08-07,16.0,0.0,0.0,16176
818,2024,3.3494252873563215,291.4,87.0,2024-10-05,0.0,0.0,0.0,30700
819,2023,1.90125,30.42,16.0,2023-08-25,0.0,0.0,0.0,16778
820,2023,2.425,4.85,2.0,2023-10-03,0.0,0.0,0.0,17437
821,2023,2.642857142857143,129.5,49.0,2023-09-17,0.0,0.0,0.0,16779
821,2024,4.94,498.94,101.0,2024-10-14,0.0,0.0,0.0,30701
821,2025,1.898989898989899,188.0,99.0,2025-10-01,0.0,0.0,0.0,36177
823,2024,2.443404255319149,114.84,47.0,2024-10-05,0.0,0.0,0.0,30702
824,2023,2.648888888888889,47.68,18.0,2023-09-15,0.0,0.0,0.0,16780
824,2024,2.8755555555555556,51.76,18.0,2024-10-09,0.0,0.0,0.0,30703
828,2023,1.28,2.56,2.0,2023-08-05,15.5,0.0,0.0,16177
829,2023,1.28,2.56,2.0,2023-08-05,15.0,0.0,0.0,16178
830,2023,1.71,5.13,3.0,2023-08-01,15.2,0.0,0.0,16179
831,2024,2.517297297297297,93.14,37.0,2024-10-05,0.0,0.0,0.0,30704
832,2023,4.2,63.0,15.0,2023-08-31,0.0,0.0,0.0,15862
832,2024,5.508,82.62,15.0,2024-08-23,0.0,0.0,0.0,30185
832,2025,1.68,25.2,15.0,2025-09-17,0.0,0.0,0.0,35248
833,2023,1.843010752688172,171.4,93.0,2023-09-15,0.0,0.0,0.0,16664
833,2024,2.3731182795698924,220.7,93.0,2024-09-28,0.0,0.0,0.0,30705
833,2025,1.8564864864864865,274.76,148.0,2025-10-15,0.0,0.0,0.0,36178
834,2023,1.0,9.0,9.0,2023-08-08,15.7,0.0,0.0,16180
834,2024,2.2088888888888887,19.88,9.0,2024-09-16,0.0,0.0,0.0,30761
834,2025,5.086666666666667,30.52,6.0,2025-10-11,0.0,0.0,0.0,36179
835,2023,2.280952380952381,47.9,21.0,2023-09-08,0.0,0.0,0.0,17090
836,2023,1.6984761904761905,178.34,105.0,2023-09-22,0.0,0.0,0.0,16781
836,2024,0.9763809523809523,102.52,105.0,2024-09-10,0.0,0.0,0.0,30782
836,2025,3.076571428571429,323.04,105.0,2025-10-13,0.0,0.0,0.0,36180
837,2023,1.3793333333333335,20.69,15.0,2023-08-21,0.0,0.0,0.0,16506
837,2024,4.956,74.34,15.0,2024-10-01,0.0,0.0,0.0,30706
837,2025,2.8573333333333335,42.86,15.0,2025-08-28,0.0,0.0,0.0,36056
838,2023,1.88,22.56,12.0,2023-08-20,0.0,0.0,0.0,16782
838,2024,2.9166666666666665,35.0,12.0,2024-10-01,0.0,0.0,0.0,30707
838,2025,1.2683333333333333,15.22,12.0,2025-08-28,0.0,0.0,0.0,36057
839,2023,1.8755555555555556,168.8,90.0,2023-08-20,0.0,0.0,0.0,16783
839,2024,3.4351111111111114,309.16,90.0,2024-10-01,0.0,0.0,0.0,30708
839,2025,2.138888888888889,192.5,90.0,2025-08-29,0.0,0.0,0.0,36058
845,2023,1.7780487804878051,72.9,41.0,2023-09-02,0.0,0.0,0.0,17024
846,2024,3.489130434782609,321.0,92.0,2024-10-09,0.0,0.0,0.0,30709
846,2025,1.7005333333333335,127.54,75.0,2025-10-15,0.0,0.0,0.0,36181
847,2024,3.613,216.78,60.0,2024-10-09,0.0,0.0,0.0,30710
847,2025,2.8442622950819674,173.5,61.0,2025-10-15,0.0,0.0,0.0,36182
848,2024,1.2253846153846153,31.86,26.0,2024-10-09,0.0,0.0,0.0,30711
848,2025,4.95,29.7,6.0,2025-10-15,0.0,0.0,0.0,36183
849,2024,1.128,28.2,25.0,2024-10-09,0.0,0.0,0.0,30712
849,2025,0.9632,24.08,25.0,2025-10-15,0.0,0.0,0.0,36184
850,2024,3.928421052631579,149.28,38.0,2024-10-08,0.0,0.0,0.0,30713
850,2025,1.5674285714285714,54.86,35.0,2025-10-15,0.0,0.0,0.0,36185
851,2024,5.851578947368421,222.36,38.0,2024-10-08,0.0,0.0,0.0,30714
851,2025,3.2888235294117645,111.82,34.0,2025-10-14,0.0,0.0,0.0,36186
852,2024,3.902549019607843,398.06,102.0,2024-10-15,0.0,0.0,0.0,30715
852,2025,1.2906666666666666,19.36,15.0,2025-11-14,0.0,0.0,0.0,36857
853,2024,1.5,60.0,40.0,2024-08-10,0.0,0.0,0.0,29750
867,2024,1.697142857142857,118.8,70.0,2024-08-26,0.0,0.0,0.0,30186
867,2025,4.0767741935483865,252.76,62.0,2025-09-16,0.0,0.0,0.0,35234
868,2024,0.9375,15.0,16.0,2024-07-17,0.0,0.0,0.0,29751
871,2024,2.369950248756219,476.36,201.0,2024-09-22,0.0,0.0,0.0,31195
871,2025,4.996119402985075,1004.22,201.0,2025-09-08,0.0,0.0,0.0,35235
872,2024,3.234567901234568,786.0,243.0,2024-08-17,0.0,0.0,0.0,30187
872,2025,4.573056994818653,882.6,193.0,2025-09-15,0.0,0.0,0.0,35236
873,2024,2.669166086444218,498.36,186.71,2024-09-21,0.0,0.0,0.0,31196
873,2025,4.136898395721925,773.6,187.0,2025-09-14,0.0,0.0,0.0,35237
874,2024,2.8904109589041096,211.0,73.0,2024-08-21,0.0,0.0,0.0,30188
874,2025,5.187123287671233,378.66,73.0,2025-09-07,0.0,0.0,0.0,35238
875,2024,2.96,100.64,34.0,2024-08-22,0.0,0.0,0.0,30189
875,2025,4.700588235294117,159.82,34.0,2025-09-15,0.0,0.0,0.0,35239
879,2024,3.631333333333333,326.82,90.0,2024-09-10,0.0,0.0,0.0,30495
879,2025,3.7103333333333333,111.31,30.0,2025-10-16,0.0,0.0,0.0,35766
881,2024,3.596666666666667,140.27,39.0,2024-10-03,0.0,0.0,0.0,31197
881,2025,5.271794871794872,205.6,39.0,2025-08-30,0.0,0.0,0.0,35240
882,2024,3.2781451612903227,406.49,124.0,2024-08-24,0.0,0.0,0.0,30190
882,2025,1.5272580645161289,189.38,124.0,2025-09-17,0.0,0.0,0.0,35249
892,2024,4.21,269.44,64.0,2024-09-19,0.0,0.0,0.0,30716
893,2024,4.1664814814814815,449.98,108.0,2024-09-21,0.0,0.0,0.0,30717
894,2024,1.8546268656716418,248.52,134.0,2024-09-20,0.0,0.0,0.0,30718
896,2024,1.9372727272727273,85.24,44.0,2024-09-12,0.0,0.0,0.0,30783
897,2024,1.83,91.5,50.0,2024-10-19,0.0,0.0,0.0,31498
897,2025,3.038695652173913,838.68,276.0,2025-09-20,0.0,0.0,0.0,36187
899,2024,2.7888,139.44,50.0,2024-09-19,0.0,0.0,0.0,30719
900,2024,0.4117647058823529,21.0,51.0,2024-09-12,0.0,0.0,0.0,30784
901,2024,3.643777777777778,655.88,180.0,2024-09-19,0.0,0.0,0.0,30720
901,2025,4.134157303370786,367.94,89.0,2025-10-06,0.0,0.0,0.0,36188
903,2024,5.332903225806452,330.64,62.0,2024-09-19,0.0,0.0,0.0,30721
903,2025,3.5993478260869565,662.28,184.0,2025-09-17,0.0,0.0,0.0,36142
904,2024,1.4166326530612245,138.83,98.0,2024-09-12,0.0,0.0,0.0,30785
904,2025,3.433193717277487,655.74,191.0,2025-10-06,0.0,0.0,0.0,36189
905,2024,2.072857142857143,87.06,42.0,2024-09-22,0.0,0.0,0.0,30722
906,2024,8.456578947368422,642.7,76.0,2024-09-22,0.0,0.0,0.0,30723
906,2025,3.249441340782123,1163.3,358.0,2025-09-16,0.0,0.0,0.0,36143
907,2024,3.0887755102040817,302.7,98.0,2024-09-22,0.0,0.0,0.0,30724
908,2024,1.41,42.3,30.0,2024-09-11,0.0,0.0,0.0,30786
909,2024,1.2875999999999999,64.38,50.0,2024-09-12,0.0,0.0,0.0,30787
910,2024,1.0767857142857142,60.3,56.0,2024-09-12,0.0,0.0,0.0,30788
910,2025,4.576904761904761,384.46,84.0,2025-10-07,0.0,0.0,0.0,36190
911,2024,2.995941176470588,509.31,170.0,2024-09-20,0.0,0.0,0.0,30725
911,2025,1.967337278106509,332.48,169.0,2025-08-22,0.0,0.0,0.0,35625
912,2024,1.9226470588235296,196.11,102.0,2024-10-18,0.0,0.0,0.0,31499
913,2024,2.9798058252427184,306.92,103.0,2024-08-13,0.0,0.0,0.0,30280
913,2025,3.5802139037433154,1339.0,374.0,2025-10-08,0.0,0.0,0.0,36191
914,2024,2.8274999999999997,226.2,80.0,2024-08-12,0.0,0.0,0.0,30281
918,2024,1.7719540229885058,154.16,87.0,2024-09-25,0.0,0.0,0.0,30726
918,2025,1.28472,321.18,250.0,2025-08-27,0.0,0.0,0.0,35626
921,2024,1.9077966101694916,112.56,59.0,2024-08-12,0.0,0.0,0.0,30282
922,2024,0.5885714285714286,8.24,14.0,2024-08-11,0.0,0.0,0.0,30283
923,2024,2.0810526315789475,118.62,57.0,2024-08-11,0.0,0.0,0.0,30284
924,2024,2.1640963855421687,179.62,83.0,2024-09-21,0.0,0.0,0.0,30727
925,2024,2.0,98.0,49.0,2024-09-24,0.0,0.0,0.0,30728
925,2025,0.9564417177914111,155.9,163.0,2025-08-27,0.0,0.0,0.0,36098
926,2024,1.75375,56.12,32.0,2024-09-25,0.0,0.0,0.0,30729
929,2024,2.677674418604651,115.14,43.0,2024-09-24,0.0,0.0,0.0,30730
930,2024,2.829375,90.54,32.0,2024-09-24,0.0,0.0,0.0,30731
931,2024,1.9646666666666666,176.82,90.0,2024-10-17,0.0,0.0,0.0,31500
932,2024,2.475,29.7,12.0,2024-09-24,0.0,0.0,0.0,30732
933,2024,1.999285714285714,111.96,56.0,2024-09-24,0.0,0.0,0.0,30733
934,2024,2.2073972602739724,161.14,73.0,2024-09-25,0.0,0.0,0.0,30734
936,2024,0.7842553191489362,36.86,47.0,2024-10-17,0.0,0.0,0.0,31501
937,2024,0.6639130434782609,30.54,46.0,2024-10-08,0.0,0.0,0.0,31377
938,2024,1.465090909090909,80.58,55.0,2024-09-24,0.0,0.0,0.0,30735
939,2024,1.9653846153846155,102.2,52.0,2024-09-24,0.0,0.0,0.0,30736
941,2024,1.6503937007874014,209.6,127.0,2024-10-16,0.0,0.0,0.0,31502
942,2024,2.0663247863247864,241.76,117.0,2024-10-18,0.0,0.0,0.0,31503
942,2025,3.8574757281553396,794.64,206.0,2025-10-08,0.0,0.0,0.0,36192
943,2024,1.6295049504950496,164.58,101.0,2024-10-17,0.0,0.0,0.0,31504
943,2025,2.4547457627118647,579.32,236.0,2025-09-20,0.0,0.0,0.0,36193
944,2024,2.8648000000000002,71.62,25.0,2024-08-11,0.0,0.0,0.0,30285
946,2024,3.4056790123456793,275.86,81.0,2024-08-28,0.0,0.0,0.0,30762
946,2025,1.3159322033898304,310.56,236.0,2025-08-28,0.0,0.0,0.0,35628
947,2024,1.328421052631579,50.48,38.0,2024-10-08,0.0,0.0,0.0,31378
949,2024,3.2488421052631575,617.28,190.0,2024-09-23,0.0,0.0,0.0,30737
949,2025,1.6103664921465968,307.58,191.0,2025-08-24,0.0,0.0,0.0,35629
951,2024,4.6412,232.06,50.0,2024-10-16,0.0,0.0,0.0,31505
954,2024,1.0767441860465115,46.3,43.0,2024-07-16,0.0,0.0,0.0,29859
956,2024,3.273238380809595,174.66,53.36,2024-08-19,0.0,0.0,0.0,30191
956,2025,4.296603773584906,227.72,53.0,2025-09-14,0.0,0.0,0.0,35241
957,2024,4.786470588235295,325.48,68.0,2024-08-23,0.0,0.0,0.0,30353
957,2025,3.8161764705882355,259.5,68.0,2025-07-23,0.0,0.0,0.0,35424
963,2024,3.208181818181818,70.58,22.0,2024-08-18,0.0,0.0,0.0,30192
963,2025,4.9848888888888885,224.32,45.0,2025-09-10,0.0,0.0,0.0,35242
964,2024,2.1013333333333333,31.52,15.0,2024-09-10,0.0,0.0,0.0,30430
966,2024,4.406052631578947,167.43,38.0,2024-08-21,0.0,0.0,0.0,30433
968,2024,2.4633333333333334,133.02,54.0,2024-08-23,0.0,0.0,0.0,30578
969,2024,1.970909090909091,43.36,22.0,2024-09-11,0.0,0.0,0.0,30789
970,2024,3.3984615384615386,88.36,26.0,2024-10-09,0.0,0.0,0.0,30738
973,2024,5.3428571428571425,187.0,35.0,2024-08-22,0.0,0.0,0.0,30434
974,2024,1.0,11.0,11.0,2024-08-01,0.0,0.0,0.0,30098
976,2025,6.3880952380952385,268.3,42.0,2025-07-23,0.0,0.0,0.0,35311
977,2025,4.826666666666667,289.6,60.0,2025-09-07,0.0,0.0,0.0,35789
978,2025,4.130434782608695,95.0,23.0,2025-09-17,0.0,0.0,0.0,35243
979,2025,1.9913253012048193,165.28,83.0,2025-09-21,0.0,0.0,0.0,35265
983,2025,4.609999999999999,336.53,73.0,2025-09-18,0.0,0.0,0.0,36144
989,2025,0.750943396226415,39.8,53.0,2025-09-27,0.0,0.0,0.0,36662
991,2025,0.5636,28.18,50.0,2025-09-25,0.0,0.0,0.0,35767
993,2025,2.9006779661016946,171.14,59.0,2025-09-16,0.0,0.0,0.0,35729
994,2025,3.8666666666666667,58.0,15.0,2025-10-15,0.0,0.0,0.0,36194
998,2025,4.7056818181818185,414.1,88.0,2025-09-15,0.0,0.0,0.0,35730
1000,2025,3.4231818181818183,150.62,44.0,2025-07-18,0.0,0.0,0.0,35134
1005,2025,1.7463636363636363,115.26,66.0,2025-08-22,0.0,0.0,0.0,35630
1007,2025,1.46,16.06,11.0,2025-10-30,0.0,0.0,0.0,36858
1008,2025,4.37051948051948,336.53,77.0,2025-09-18,0.0,0.0,0.0,36145
1012,2025,4.305,43.05,10.0,2025-08-26,0.0,0.0,0.0,35244
1014,2025,3.559,35.59,10.0,2025-08-26,0.0,0.0,0.0,35245
1015,2025,3.8295454545454546,168.5,44.0,2025-08-26,0.0,0.0,0.0,35246
1020,2025,2.9516981132075473,156.44,53.0,2025-09-07,0.0,0.0,0.0,35731
1021,2025,1.7027027027027026,63.0,37.0,2025-10-09,0.0,0.0,0.0,36195
1022,2025,3.7833734939759034,314.02,83.0,2025-10-03,0.0,0.0,0.0,36196
1023,2025,2.2638297872340427,106.4,47.0,2025-10-15,0.0,0.0,0.0,36197
1025,2025,1.480952380952381,31.1,21.0,2025-10-10,0.0,0.0,0.0,36198
1026,2025,0.9981818181818181,32.94,33.0,2025-10-13,0.0,0.0,0.0,36199
1027,2025,4.96,29.76,6.0,2025-10-10,0.0,0.0,0.0,36200
1028,2025,3.1060975609756096,127.35,41.0,2025-09-17,0.0,0.0,0.0,36146
