field_id,year,standard_name_x,physical_t_ha,productivity_t_ha,physical_t_ha_raw,productivity_raw,additional_raw,additional_t_ha,additional_crop_id,estimate_raw_max,estimate_t_ha_max,prod_crop_ru,prod_fact_t_ha,prod_forecast_t_ha,yield_map_t_ha,yield_map_n,standard_name_y,factual_target_t_ha,factual_target_source,spread_t_ha,sources_used
213,2020,wheat_spring,,5.78,,5.78,,,,15.964,1.5964,Пшеница яровая,0.5780000000000001,1.5964,,,wheat_spring,5.78,productivity_normalized,5.202,productivity_t_ha;estimate_t_ha_max;prod_fact_t_ha;factual_target_t_ha
209,2020,maize,,5.78,,5.78,,,,28.142,2.8142,Кукуруза,0.5780000000000001,2.8142,,,maize,5.78,productivity_normalized,5.202,productivity_t_ha;estimate_t_ha_max;prod_fact_t_ha;factual_target_t_ha
227,2020,wheat_winter,,5.65,,5.65,,,,22.098,2.2098,Пшеница озимая,0.5650000000000001,2.2098,,,wheat_winter,5.65,productivity_normalized,5.085,productivity_t_ha;estimate_t_ha_max;prod_fact_t_ha;factual_target_t_ha
220,2020,wheat_spring,,5.13,,5.13,,,,17.675,1.7675,Пшеница яровая,0.513,1.7675,,,wheat_spring,5.13,productivity_normalized,4.617,productivity_t_ha;estimate_t_ha_max;prod_fact_t_ha;factual_target_t_ha
208,2020,wheat_spring,,5.05,,5.05,,,,13.906,1.3906,Пшеница яровая,0.505,1.3906,,,wheat_spring,5.05,productivity_normalized,4.545,productivity_t_ha;estimate_t_ha_max;prod_fact_t_ha;factual_target_t_ha
226,2020,wheat_spring,,5.02,,5.02,,,,15.046,1.5046,Пшеница яровая,0.502,1.5046,,,wheat_spring,5.02,productivity_normalized,4.518,productivity_t_ha;estimate_t_ha_max;prod_fact_t_ha;factual_target_t_ha
207,2020,oil_seed_raps_spring,,4.38,,4.38,,,,11.702,1.1702,Рапс яровой,0.438,1.1702,,,oil_seed_raps_spring,4.38,productivity_normalized,3.9419999999999997,productivity_t_ha;estimate_t_ha_max;prod_fact_t_ha;factual_target_t_ha
219,2020,wheat_spring,,4.25,,4.25,,,,11.434,1.1434,Пшеница яровая,0.425,1.1434,,,wheat_spring,4.25,productivity_normalized,3.825,productivity_t_ha;estimate_t_ha_max;prod_fact_t_ha;factual_target_t_ha
221,2020,wheat_spring,,3.8,,3.8,,,,28.632,2.8632,Пшеница яровая,0.38,2.8632,,,wheat_spring,3.8,productivity_normalized,3.42,productivity_t_ha;estimate_t_ha_max;prod_fact_t_ha;factual_target_t_ha
231,2020,oil_seed_raps_winter,,3.62,,3.62,,,,16.897,1.6896999999999998,Рапс озимый,0.362,1.6896999999999998,,,oil_seed_raps_winter,3.62,productivity_normalized,3.258,productivity_t_ha;estimate_t_ha_max;prod_fact_t_ha;factual_target_t_ha
228,2018,maize,,3.312,,33.12,,,,64.855,6.4855,Кукуруза,3.312,6.4855,,,maize,3.312,productivity_normalized,3.1735,productivity_t_ha;estimate_t_ha_max;prod_fact_t_ha;factual_target_t_ha
209,2024,wheat_winter,4.5289739764627885,6.3839486,4.5289739764627885,63.839486,,,,56.417,5.6417,Пшеница озимая,6.3839486,5.6417,3.31,2.0,wheat_winter,4.5289739764627885,physical_harvested_weight,3.0739486,physical_t_ha;productivity_t_ha;estimate_t_ha_max;prod_fact_t_ha;yield_map_t_ha;factual_target_t_ha
217,2020,wheat_spring,,3.37,,3.37,,,,19.61,1.9609999999999999,Пшеница яровая,0.337,1.9609999999999999,,,wheat_spring,3.37,productivity_normalized,3.033,productivity_t_ha;estimate_t_ha_max;prod_fact_t_ha;factual_target_t_ha
211,2020,wheat_winter,,3.19,,3.19,,,,24.044,2.4044,Пшеница озимая,0.319,2.4044,,,wheat_winter,3.19,productivity_normalized,2.871,productivity_t_ha;estimate_t_ha_max;prod_fact_t_ha;factual_target_t_ha
214,2020,wheat_spring,,3.19,,3.19,,,,15.097,1.5097,Пшеница яровая,0.319,1.5097,,,wheat_spring,3.19,productivity_normalized,2.871,productivity_t_ha;estimate_t_ha_max;prod_fact_t_ha;factual_target_t_ha
222,2023,barley_spring,4.5005,4.500500000000001,4.5005,45.005,,,,20.631,2.0631,Ячмень яровой,4.500500000000001,2.0631,,,barley_spring,4.5005,physical_harvested_weight,2.4374000000000007,physical_t_ha;productivity_t_ha;estimate_t_ha_max;prod_fact_t_ha;factual_target_t_ha
213,2021,wheat_spring,1.3155714285714286,1.3155714,1.3155714285714286,13.155714,,,,33.956,3.3956000000000004,Пшеница яровая,1.3155714,3.3956000000000004,1.0774947589098534,1.0,wheat_spring,1.3155714285714286,physical_harvested_weight,2.318105241090147,physical_t_ha;productivity_t_ha;estimate_t_ha_max;prod_fact_t_ha;yield_map_t_ha;factual_target_t_ha
195,2023,wheat_winter,0.8904065040650406,0.8904064999999999,0.8904065040650406,8.904065,,,,18.031,1.8031,Пшеница озимая,0.8904064999999999,1.8031,3.16,4.0,wheat_winter,0.8904065040650406,physical_harvested_weight,2.2695935,physical_t_ha;productivity_t_ha;estimate_t_ha_max;prod_fact_t_ha;yield_map_t_ha;factual_target_t_ha
214,2021,wheat_spring,1.5857777777777777,1.5857778,1.5857777777777777,15.857778,,,,28.408,2.8408,Пшеница яровая,1.5857778,2.8408,0.6312242268041237,1.0,wheat_spring,1.5857777777777775,physical_harvested_weight,2.2095757731958763,physical_t_ha;productivity_t_ha;estimate_t_ha_max;prod_fact_t_ha;yield_map_t_ha;factual_target_t_ha
207,2025,wheat_spring,1.3522676043638986,2.6312281,1.3522676043638986,26.312281,,,,34.044,3.4044,Пшеница яровая,2.6312281,3.4044,,,wheat_spring,1.3522676043638986,physical_harvested_weight,2.052132395636101,physical_t_ha;productivity_t_ha;estimate_t_ha_max;prod_fact_t_ha;factual_target_t_ha
197,2022,wheat_winter,1.5206997084548106,1.5206997,1.5206997084548106,15.206997,,,,32.342,3.2342,Пшеница озимая,1.5206997,3.2342,1.1920785219399537,1.0,wheat_winter,1.5206997084548106,physical_harvested_weight,2.0421214780600465,physical_t_ha;productivity_t_ha;estimate_t_ha_max;prod_fact_t_ha;yield_map_t_ha;factual_target_t_ha
225,2019,sunflower,,3.961,,39.61,,,,19.401,1.9401,Подсолнечник,3.961,1.9401,,,sunflower,3.961,productivity_normalized,2.0209,productivity_t_ha;estimate_t_ha_max;prod_fact_t_ha;factual_target_t_ha
232,2020,oil_seed_raps_winter,,2.23,,2.23,,,,18.421,1.8420999999999998,Рапс озимый,0.223,1.8420999999999998,,,oil_seed_raps_winter,2.23,productivity_normalized,2.007,productivity_t_ha;estimate_t_ha_max;prod_fact_t_ha;factual_target_t_ha
210,2020,wheat_winter,,2.11,,2.11,,,,21.218,2.1218,Пшеница озимая,0.211,2.1218,,,wheat_winter,2.11,productivity_normalized,1.9107999999999998,productivity_t_ha;estimate_t_ha_max;prod_fact_t_ha;factual_target_t_ha
223,2020,wheat_spring,,2.1,,2.1,,,,11.26,1.126,Пшеница яровая,0.21000000000000002,1.126,,,wheat_spring,2.1,productivity_normalized,1.8900000000000001,productivity_t_ha;estimate_t_ha_max;prod_fact_t_ha;factual_target_t_ha
222,2020,wheat_spring,,2.1,,2.1,,,,9.872,0.9872,Пшеница яровая,0.21000000000000002,0.9872,,,wheat_spring,2.1,productivity_normalized,1.8900000000000001,productivity_t_ha;estimate_t_ha_max;prod_fact_t_ha;factual_target_t_ha
207,2022,wheat_winter,1.8862140474258406,1.9018182,1.8862140474258406,19.018182,,,,29.544,2.9544,Пшеница озимая,1.9018182,2.9544,1.094122807017544,1.0,wheat_winter,1.8862140474258409,physical_harvested_weight,1.8602771929824562,physical_t_ha;productivity_t_ha;estimate_t_ha_max;prod_fact_t_ha;yield_map_t_ha;factual_target_t_ha
224,2019,sunflower,,3.961,,39.61,,,,23.3,2.33,Подсолнечник,3.961,2.33,,,sunflower,3.961,productivity_normalized,1.6309999999999998,productivity_t_ha;estimate_t_ha_max;prod_fact_t_ha;factual_target_t_ha
209,2023,wheat_winter,1.4882148184982598,1.4815842,1.4882148184982598,14.815842,,,,30.968,3.0968,Пшеница озимая,1.4815842,3.0968,,,wheat_winter,1.4882148184982598,physical_harvested_weight,1.6152158,physical_t_ha;productivity_t_ha;estimate_t_ha_max;prod_fact_t_ha;factual_target_t_ha
225,2021,sunflower,1.85,1.85,1.85,18.5,,,,21.724,2.1724,Подсолнечник,1.85,2.1724,0.582375,1.0,sunflower,1.85,physical_harvested_weight,1.5900250000000002,physical_t_ha;productivity_t_ha;estimate_t_ha_max;prod_fact_t_ha;yield_map_t_ha;factual_target_t_ha
234,2021,wheat_winter,5.389142857142858,5.3891429,5.389142857142858,53.891429,,,,38.293,3.8293,Пшеница озимая,5.3891429,3.8293,,,wheat_winter,5.389142857142858,physical_harvested_weight,1.5598429000000005,physical_t_ha;productivity_t_ha;estimate_t_ha_max;prod_fact_t_ha;factual_target_t_ha
224,2022,wheat_spring,3.079423076923077,3.0794231,3.079423076923077,30.794231,,,,33.052,3.3052,Пшеница яровая,3.0794231,3.3052,1.753303917832358,2.0,wheat_spring,3.079423076923077,physical_harvested_weight,1.5518960821676422,physical_t_ha;productivity_t_ha;estimate_t_ha_max;prod_fact_t_ha;yield_map_t_ha;factual_target_t_ha
213,2025,barley_spring,1.53,1.53,1.53,15.3,,,,30.796,3.0796,Ячмень яровой,1.53,3.0796,,,barley_spring,1.53,physical_harvested_weight,1.5496,physical_t_ha;productivity_t_ha;estimate_t_ha_max;prod_fact_t_ha;factual_target_t_ha
230,2020,oil_seed_raps_winter,,1.68,,1.68,,,,12.317,1.2317,Рапс озимый,0.16799999999999998,1.2317,,,oil_seed_raps_winter,1.68,productivity_normalized,1.512,productivity_t_ha;estimate_t_ha_max;prod_fact_t_ha;factual_target_t_ha
215,2017,oil_seed_raps_spring,,3.08,,3.08,,,,15.818,1.5817999999999999,,,,,,oil_seed_raps_spring,3.08,productivity_normalized,1.4982000000000002,productivity_t_ha;estimate_t_ha_max;factual_target_t_ha
195,2021,barley_spring,2.022276422764228,2.0222764,2.022276422764228,20.222764,,,,35.18,3.518,Ячмень яровой,2.0222764,3.518,,,barley_spring,2.022276422764228,physical_harvested_weight,1.4957235999999998,physical_t_ha;productivity_t_ha;estimate_t_ha_max;prod_fact_t_ha;factual_target_t_ha
214,2025,barley_spring,1.53,1.53,1.53,15.3,,,,30.119,3.0119,Ячмень яровой,1.53,3.0119,,,barley_spring,1.53,physical_harvested_weight,1.4818999999999998,physical_t_ha;productivity_t_ha;estimate_t_ha_max;prod_fact_t_ha;factual_target_t_ha
218,2025,wheat_spring,4.112820512820513,4.1128205,4.112820512820513,41.128205,,,,26.461,2.6460999999999997,Пшеница яровая,4.1128205,2.6460999999999997,,,wheat_spring,4.112820512820513,physical_harvested_weight,1.4667205128205136,physical_t_ha;productivity_t_ha;estimate_t_ha_max;prod_fact_t_ha;factual_target_t_ha
212,2024,sunflower,1.9008823529411762,1.9008824,1.9008823529411762,19.008824,,,,31.718,3.1718,Подсолнечник,1.9008824,3.1718,1.73,2.0,sunflower,1.900882352941176,physical_harvested_weight,1.4418000000000002,physical_t_ha;productivity_t_ha;estimate_t_ha_max;prod_fact_t_ha;yield_map_t_ha;factual_target_t_ha
210,2021,sunflower,1.4783400809716598,2.4023026,1.4783400809716598,24.023026,,,,29.186,2.9186,Подсолнечник,2.4023026,2.9186,,,sunflower,1.4783400809716598,physical_harvested_weight,1.4402599190283403,physical_t_ha;productivity_t_ha;estimate_t_ha_max;prod_fact_t_ha;factual_target_t_ha
227,2022,wheat_winter,2.217514450867052,2.2175145,2.217514450867052,22.175145,,,,32.383,3.2383,Пшеница озимая,2.2175145,3.2383,1.8283035714285711,1.0,wheat_winter,2.217514450867052,physical_harvested_weight,1.409996428571429,physical_t_ha;productivity_t_ha;estimate_t_ha_max;prod_fact_t_ha;yield_map_t_ha;factual_target_t_ha
225,2017,oil_seed_raps_spring,,0.6639999999999999,,6.64,,,,20.693,2.0693,,,,,,oil_seed_raps_spring,0.6639999999999999,productivity_normalized,1.4053000000000002,productivity_t_ha;estimate_t_ha_max;factual_target_t_ha
213,2022,sunflower,1.4814285714285713,1.4814285999999999,1.4814285714285713,14.814286,,,,23.059,2.3059000000000003,Подсолнечник,1.4814285999999999,2.3059000000000003,0.9052631578947368,1.0,sunflower,1.481428571428571,physical_harvested_weight,1.4006368421052635,physical_t_ha;productivity_t_ha;estimate_t_ha_max;prod_fact_t_ha;yield_map_t_ha;factual_target_t_ha
229,2023,wheat_winter,3.4433333333333334,3.4433333,3.4433333333333334,34.433333,,,,20.76,2.076,Пшеница озимая,3.4433333,2.076,,,wheat_winter,3.443333333333334,physical_harvested_weight,1.3673333333333337,physical_t_ha;productivity_t_ha;estimate_t_ha_max;prod_fact_t_ha;factual_target_t_ha
214,2022,sunflower,1.0022222222222221,1.0022221999999998,1.0022222222222221,10.022222,,,,23.271,2.3271,Подсолнечник,1.0022221999999998,2.3271,1.0914285714285714,1.0,sunflower,1.002222222222222,physical_harvested_weight,1.3248778000000003,physical_t_ha;productivity_t_ha;estimate_t_ha_max;prod_fact_t_ha;yield_map_t_ha;factual_target_t_ha
230,2022,sunflower,3.257219730941704,3.2572197000000003,3.257219730941704,32.572197,,,,31.92,3.192,Подсолнечник,3.2572197000000003,3.192,1.945001251303441,2.0,sunflower,3.257219730941704,physical_harvested_weight,1.3122184796382632,physical_t_ha;productivity_t_ha;estimate_t_ha_max;prod_fact_t_ha;yield_map_t_ha;factual_target_t_ha
226,2023,barley_spring,1.1793749999999998,2.4828947,1.1793749999999998,24.828947,,,,21.623,2.1623,Ячмень яровой,2.4828947,2.1623,,,barley_spring,1.1793749999999998,physical_harvested_weight,1.3035197000000003,physical_t_ha;productivity_t_ha;estimate_t_ha_max;prod_fact_t_ha;factual_target_t_ha
228,2021,wheat_winter,2.4169491525423727,2.4169492000000004,2.4169491525423727,24.169492,,,,37.058,3.7058,Пшеница озимая,2.4169492000000004,3.7058,,,wheat_winter,2.4169491525423727,physical_harvested_weight,1.2888508474576272,physical_t_ha;productivity_t_ha;estimate_t_ha_max;prod_fact_t_ha;factual_target_t_ha
228,2022,wheat_spring,4.564745762711865,4.5647458,4.564745762711865,45.647458,,,,32.991,3.2991,Пшеница яровая,4.5647458,3.2991,3.2843750000000003,1.0,wheat_spring,4.564745762711865,physical_harvested_weight,1.2803707999999996,physical_t_ha;productivity_t_ha;estimate_t_ha_max;prod_fact_t_ha;yield_map_t_ha;factual_target_t_ha
232,2024,wheat_spring,3.330304054054054,3.3303041,3.330304054054054,33.303041,,,,41.416,4.1415999999999995,Пшеница яровая,3.3303041,4.1415999999999995,2.87,2.0,wheat_spring,3.330304054054054,physical_harvested_weight,1.2715999999999994,physical_t_ha;productivity_t_ha;estimate_t_ha_max;prod_fact_t_ha;yield_map_t_ha;factual_target_t_ha
227,2025,pea,1.5521965317919073,1.5521965,1.5521965317919073,15.521965,,,,28.22,2.822,Горох,1.5521965,2.822,,,pea,1.5521965317919073,physical_harvested_weight,1.2698035,physical_t_ha;productivity_t_ha;estimate_t_ha_max;prod_fact_t_ha;factual_target_t_ha
212,2023,wheat_spring,2.9445588235294116,2.9445588000000003,2.9445588235294116,29.445588,,,,16.78,1.6780000000000002,Пшеница яровая,2.9445588000000003,1.6780000000000002,,,wheat_spring,2.9445588235294116,physical_harvested_weight,1.2665588235294114,physical_t_ha;productivity_t_ha;estimate_t_ha_max;prod_fact_t_ha;factual_target_t_ha
233,2022,,4.4169230769230765,4.4169231,4.4169230769230765,44.169231,44.169231,4.4169231,46.0,,,,,,3.159791666666667,1.0,,4.4169230769230765,physical_harvested_weight,1.257131433333333,physical_t_ha;productivity_t_ha;additional_t_ha;yield_map_t_ha;factual_target_t_ha
226,2022,wheat_spring,1.6934999999999998,1.6934999999999998,1.6934999999999998,16.935,,,,29.26,2.926,Пшеница яровая,1.6934999999999998,2.926,,,wheat_spring,1.6934999999999998,physical_harvested_weight,1.2325000000000004,physical_t_ha;productivity_t_ha;estimate_t_ha_max;prod_fact_t_ha;factual_target_t_ha
225,2020,wheat_spring,,2.335,,23.35,,,,35.471,3.5470999999999995,Пшеница яровая,2.335,3.5470999999999995,,,wheat_spring,2.335,productivity_normalized,1.2120999999999995,productivity_t_ha;estimate_t_ha_max;prod_fact_t_ha;factual_target_t_ha
207,2018,sunflower,,3.496,,34.96,,,,22.995,2.2995,Подсолнечник,3.496,2.2995,,,sunflower,3.496,productivity_normalized,1.1965,productivity_t_ha;estimate_t_ha_max;prod_fact_t_ha;factual_target_t_ha
212,2025,wheat_spring,1.7024264705882353,1.7024265,1.7024264705882353,17.024265,,,,28.967,2.8967,Пшеница яровая,1.7024265,2.8967,,,wheat_spring,1.7024264705882353,physical_harvested_weight,1.1942735294117648,physical_t_ha;productivity_t_ha;estimate_t_ha_max;prod_fact_t_ha;factual_target_t_ha
224,2017,oil_seed_raps_spring,,0.6639999999999999,,6.64,,,,18.488,1.8488,,,,,,oil_seed_raps_spring,0.6639999999999999,productivity_normalized,1.1848,productivity_t_ha;estimate_t_ha_max;factual_target_t_ha
197,2021,barley_spring,2.5284548104956266,2.5965868,2.5284548104956266,25.965868,,,,37.068,3.7068,Ячмень яровой,2.5965868,3.7068,,,barley_spring,2.5284548104956266,physical_harvested_weight,1.1783451895043733,physical_t_ha;productivity_t_ha;estimate_t_ha_max;prod_fact_t_ha;factual_target_t_ha
229,2024,sunflower,3.2544166666666663,3.2544167,3.2544166666666663,32.544167,,,,20.838,2.0838,Подсолнечник,3.2544167,2.0838,2.69,2.0,sunflower,3.2544166666666663,physical_harvested_weight,1.1706167,physical_t_ha;productivity_t_ha;estimate_t_ha_max;prod_fact_t_ha;yield_map_t_ha;factual_target_t_ha
219,2017,wheat_winter,,1.873,,18.73,,,,30.346,3.0346,,,,,,wheat_winter,1.873,productivity_normalized,1.1616000000000002,productivity_t_ha;estimate_t_ha_max;factual_target_t_ha
231,2025,pea,1.3324255319148937,1.3324255,1.3324255319148937,13.324255,,,,24.7,2.4699999999999998,Горох,1.3324255,2.4699999999999998,,,pea,1.3324255319148937,physical_harvested_weight,1.1375744999999997,physical_t_ha;productivity_t_ha;estimate_t_ha_max;prod_fact_t_ha;factual_target_t_ha
197,2023,wheat_winter,1.0820991253644316,1.0820991,1.0820991253644316,10.820991,,,,21.737,2.1736999999999997,Пшеница озимая,1.0820991,2.1736999999999997,,,wheat_winter,1.0820991253644316,physical_harvested_weight,1.0916008999999998,physical_t_ha;productivity_t_ha;estimate_t_ha_max;prod_fact_t_ha;factual_target_t_ha
234,2022,wheat_spring,3.975428571428571,3.9754286,3.975428571428571,39.754286,,,,35.318,3.5317999999999996,Пшеница яровая,3.9754286,3.5317999999999996,2.8842857142857143,1.0,wheat_spring,3.975428571428571,physical_harvested_weight,1.0911428857142855,physical_t_ha;productivity_t_ha;estimate_t_ha_max;prod_fact_t_ha;yield_map_t_ha;factual_target_t_ha
207,2023,wheat_winter,1.0689748444684881,1.0778181999999998,1.0689748444684881,10.778182,,,,21.542,2.1542000000000003,Пшеница озимая,1.0778181999999998,2.1542000000000003,,,wheat_winter,1.068974844468488,physical_harvested_weight,1.0852251555315124,physical_t_ha;productivity_t_ha;estimate_t_ha_max;prod_fact_t_ha;factual_target_t_ha
229,2020,wheat_winter,,3.285,,32.85,,,,22.21,2.221,Пшеница озимая,3.285,2.221,,,wheat_winter,3.285,productivity_normalized,1.064,productivity_t_ha;estimate_t_ha_max;prod_fact_t_ha;factual_target_t_ha
208,2022,wheat_spring,2.356923076923077,2.3569231,2.356923076923077,23.569231,,,,34.204,3.4204,Пшеница яровая,2.3569231,3.4204,2.593431952662722,1.0,wheat_spring,2.356923076923077,physical_harvested_weight,1.063476923076923,physical_t_ha;productivity_t_ha;estimate_t_ha_max;prod_fact_t_ha;yield_map_t_ha;factual_target_t_ha
195,2022,wheat_winter,2.1216260162601626,2.121626,2.1216260162601626,21.21626,,,,24.872,2.4872,Пшеница озимая,2.121626,2.4872,1.447265625,1.0,wheat_winter,2.1216260162601626,physical_harvested_weight,1.039934375,physical_t_ha;productivity_t_ha;estimate_t_ha_max;prod_fact_t_ha;yield_map_t_ha;factual_target_t_ha
230,2021,wheat_winter,2.123766816143498,2.1237668,2.123766816143498,21.237668,,,,31.34,3.134,Пшеница озимая,2.1237668,3.134,,,wheat_winter,2.123766816143498,physical_harvested_weight,1.0102332,physical_t_ha;productivity_t_ha;estimate_t_ha_max;prod_fact_t_ha;factual_target_t_ha
