Поле,Регион,year,Культура,урожайность факт ц/га,урожайность прогноз ц/га,active,field_name_norm,field_id,name,lat,long,tillable_area,prod_fact_t_ha,prod_forecast_t_ha,standard_name,target_yield_t_ha,target_source,diff_prod_fact_minus_target,abs_diff
Лесополосы (Козлов увал левый) 05-080-025-182,ВКО,2020,Пшеница яровая,5.78,15.964,True,лесополосы козлов увал левый 05 080 025 182,213,Лесополосы (Козлов увал левый) 05-080-025-182,50.39439495003087,82.4009559934276,14.0,0.5780000000000001,1.5964,wheat_spring,5.78,productivity_normalized,-5.202,5.202
Козлов Увал левый,ВКО,2020,Кукуруза,5.78,28.142,True,козлов увал левый,209,Козлов Увал левый,50.38543507681797,82.40410883603022,301.65,0.5780000000000001,2.8142,maize,5.78,productivity_normalized,-5.202,5.202
Большая Семёниха СК,ВКО,2020,Пшеница озимая,5.65,22.098,True,большая семениха ск,227,Большая Семёниха СК,50.367810427378984,82.46565328214737,346.0,0.5650000000000001,2.2098,wheat_winter,5.65,productivity_normalized,-5.085,5.085
Сапог,ВКО,2020,Пшеница яровая,5.13,17.675,True,сапог,220,Сапог,50.402019209365974,82.33495653415235,25.0,0.513,1.7675,wheat_spring,5.13,productivity_normalized,-4.617,4.617
Карелкино,ВКО,2020,Пшеница яровая,5.05,13.906,True,карелкино,208,Карелкино,50.38399205572653,82.34789025946256,130.0,0.505,1.3906,wheat_spring,5.05,productivity_normalized,-4.545,4.545
Штаны,ВКО,2020,Пшеница яровая,5.02,15.046,True,штаны,226,Штаны,50.43749405831015,82.51870244982703,40.0,0.502,1.5046,wheat_spring,5.02,productivity_normalized,-4.518,4.518
Александров ключ,ВКО,2020,Рапс яровой,4.38,11.702,True,александров ключ,207,Александров ключ,50.41868820400116,82.45505975772673,110.91,0.438,1.1702,oil_seed_raps_spring,4.38,productivity_normalized,-3.9419999999999997,3.9419999999999997
Подхозный увал 1,ВКО,2020,Пшеница яровая,4.25,11.434,True,подхозный увал 1,219,Подхозный увал 1,50.39251145179276,82.37944868952283,210.0,0.425,1.1434,wheat_spring,4.25,productivity_normalized,-3.825,3.825
Сметанина пасека (низ огород) 05-080-025-120,ВКО,2020,Пшеница яровая,3.8,28.632,True,сметанина пасека низ огород 05 080 025 120,221,Сметанина пасека (низ огород) 05-080-025-120,50.45758769417813,82.53181450973824,8.0,0.38,2.8632,wheat_spring,3.8,productivity_normalized,-3.42,3.42
Давыдкин увал левый,ВКО,2020,Рапс озимый,3.62,16.897,True,давыдкин увал левый,231,Давыдкин увал левый,50.39724834002202,82.47347011020577,235.0,0.362,1.6896999999999998,oil_seed_raps_winter,3.62,productivity_normalized,-3.258,3.258
Овчинников увал,ВКО,2020,Пшеница яровая,3.37,19.61,True,овчинников увал,217,Овчинников увал,50.43109339579996,82.33960413919709,408.0,0.337,1.9609999999999999,wheat_spring,3.37,productivity_normalized,-3.033,3.033
Козлов ув.пр(низ) 05-080-025-208,ВКО,2020,Пшеница озимая,3.19,24.044,True,козлов ув пр низ 05 080 025 208,211,Козлов ув.пр(низ) 05-080-025-208,50.4147461642427,82.40217837488487,93.0,0.319,2.4044,wheat_winter,3.19,productivity_normalized,-2.871,2.871
Лесополосы (Козлов увал правый) 05-080-025-208,ВКО,2020,Пшеница яровая,3.19,15.097,True,лесополосы козлов увал правый 05 080 025 208,214,Лесополосы (Козлов увал правый) 05-080-025-208,50.39509947120296,82.40013226517021,9.0,0.319,1.5097,wheat_spring,3.19,productivity_normalized,-2.871,2.871
Давыдкин увал правый,ВКО,2020,Рапс озимый,2.23,18.421,True,давыдкин увал правый,232,Давыдкин увал правый,50.39798984192721,82.45765463681025,296.0,0.223,1.8420999999999998,oil_seed_raps_winter,2.23,productivity_normalized,-2.007,2.007
Козлов увал правый,ВКО,2020,Пшеница озимая,2.11,21.218,True,козлов увал правый,210,Козлов увал правый,50.38689148783278,82.39474357476328,247.0,0.211,2.1218,wheat_winter,2.11,productivity_normalized,-1.8989999999999998,1.8989999999999998
Соколки 2,ВКО,2020,Пшеница яровая,2.1,11.26,True,соколки 2,223,Соколки 2,50.43672170185941,82.32653521086154,70.0,0.21000000000000002,1.126,wheat_spring,2.1,productivity_normalized,-1.8900000000000001,1.8900000000000001
Соколки 1,ВКО,2020,Пшеница яровая,2.1,9.872,True,соколки 1,222,Соколки 1,50.43115826493252,82.3109971881627,62.0,0.21000000000000002,0.9872,wheat_spring,2.1,productivity_normalized,-1.8900000000000001,1.8900000000000001
Козлов Увал левый,ВКО,2024,Пшеница озимая,63.839486,56.417,True,козлов увал левый,209,Козлов Увал левый,50.38543507681797,82.40410883603022,301.65,6.3839486,5.6417,wheat_winter,4.5289739764627885,physical_harvested_weight,1.8549746235372115,1.8549746235372115
Бригадная стрелка,ВКО,2020,Рапс озимый,1.68,12.317,True,бригадная стрелка,230,Бригадная стрелка,50.395122511500006,82.3635248892731,223.0,0.16799999999999998,1.2317,oil_seed_raps_winter,1.68,productivity_normalized,-1.512,1.512
Штаны,ВКО,2023,Ячмень яровой,24.828947,21.623,True,штаны,226,Штаны,50.43749405831015,82.51870244982703,40.0,2.4828947,2.1623,barley_spring,1.1793749999999998,physical_harvested_weight,1.3035197000000003,1.3035197000000003
Александров ключ,ВКО,2025,Пшеница яровая,26.312281,34.044,True,александров ключ,207,Александров ключ,50.41868820400116,82.45505975772673,110.91,2.6312281,3.4044,wheat_spring,1.3522676043638986,physical_harvested_weight,1.2789604956361014,1.2789604956361014
Козлов Увал левый,ВКО,2025,Подсолнечник,32.871963,30.953,True,козлов увал левый,209,Козлов Увал левый,50.38543507681797,82.40410883603022,301.65,3.2871963,3.0953,sunflower,2.332040444223438,physical_harvested_weight,0.955155855776562,0.955155855776562
Козлов увал правый,ВКО,2021,Подсолнечник,24.023026,29.186,True,козлов увал правый,210,Козлов увал правый,50.38689148783278,82.39474357476328,247.0,2.4023026,2.9186,sunflower,1.4783400809716598,physical_harvested_weight,0.9239625190283403,0.9239625190283403
Карелкино,ВКО,2021,Подсолнечник,28.434021,30.769,True,карелкино,208,Карелкино,50.38399205572653,82.34789025946256,130.0,2.8434021,3.0768999999999997,sunflower,2.1216153846153847,physical_harvested_weight,0.7217867153846154,0.7217867153846154
Палатьи,ВКО,2021,Подсолнечник,25.95625,25.34,True,палатьи,218,Палатьи,50.39824303171275,82.31658540563066,39.0,2.595625,2.534,sunflower,2.12974358974359,physical_harvested_weight,0.46588141025641017,0.46588141025641017
Костенькина стрелка,ВКО,2021,Подсолнечник,36.392126,32.197,True,костенькина стрелка,212,Костенькина стрелка,50.42075375796417,82.34016151551197,136.0,3.6392125999999996,3.2197000000000005,sunflower,3.3983823529411765,physical_harvested_weight,0.24083024705882305,0.24083024705882305
Бригадная стрелка,ВКО,2023,Пшеница яровая,11.861413,15.378,True,бригадная стрелка,230,Бригадная стрелка,50.395122511500006,82.3635248892731,223.0,1.1861413,1.5378,wheat_spring,0.9786995515695068,physical_harvested_weight,0.20744174843049323,0.20744174843049323
Давыдкин увал левый,ВКО,2021,Пшеница озимая,35.988646,34.016,True,давыдкин увал левый,231,Давыдкин увал левый,50.39724834002202,82.47347011020577,235.0,3.5988646,3.4015999999999997,wheat_winter,3.5069787234042553,physical_harvested_weight,0.09188587659574488,0.09188587659574488
Холодный ключ,ВКО,2021,Подсолнечник,21.762,24.671,True,холодный ключ,224,Холодный ключ,50.46114160184362,82.52865210168042,104.0,2.1762,2.4671,sunflower,2.0925,physical_harvested_weight,0.08370000000000033,0.08370000000000033
Овчинников увал,ВКО,2021,Подсолнечник,26.894762,31.133,True,овчинников увал,217,Овчинников увал,50.43109339579996,82.33960413919709,408.0,2.6894762,3.1132999999999997,sunflower,2.768578431372549,physical_harvested_weight,-0.0791022313725489,0.0791022313725489
Казачий увал,ВКО,2021,Ячмень яровой,25.965868,37.068,True,казачий увал,197,Казачий увал,50.43149523573457,82.4485335081973,343.0,2.5965868,3.7068,barley_spring,2.5284548104956266,physical_harvested_weight,0.06813198950437327,0.06813198950437327
Давыдкин увал правый,ВКО,2021,Пшеница озимая,31.834437,29.818,True,давыдкин увал правый,232,Давыдкин увал правый,50.39798984192721,82.45765463681025,296.0,3.1834437,2.9818000000000002,wheat_winter,3.2479729729729727,physical_harvested_weight,-0.0645292729729725,0.0645292729729725
Большая Семёниха СК,ВКО,2021,Пшеница озимая,28.022286,35.711,True,большая семениха ск,227,Большая Семёниха СК,50.367810427378984,82.46565328214737,346.0,2.8022286000000003,3.5711,wheat_winter,2.8346242774566472,physical_harvested_weight,-0.032395677456646954,0.032395677456646954
Александров ключ,ВКО,2021,Ячмень яровой,35.541818,31.641,True,александров ключ,207,Александров ключ,50.41868820400116,82.45505975772673,110.91,3.5541818,3.1641,barley_spring,3.525020286718961,physical_harvested_weight,0.029161513281038776,0.029161513281038776
Александров ключ,ВКО,2024,Подсолнечник,31.327273,30.323,True,александров ключ,207,Александров ключ,50.41868820400116,82.45505975772673,110.91,3.1327273,3.0323,sunflower,3.107023712920386,physical_harvested_weight,0.025703587079613843,0.025703587079613843
Козлов увал правый,ВКО,2022,Пшеница яровая,30.906122,34.1,True,козлов увал правый,210,Козлов увал правый,50.38689148783278,82.39474357476328,247.0,3.0906122,3.41,wheat_spring,3.0655870445344133,physical_harvested_weight,0.02502515546558648,0.02502515546558648
Александров ключ,ВКО,2022,Пшеница озимая,19.018182,29.544,True,александров ключ,207,Александров ключ,50.41868820400116,82.45505975772673,110.91,1.9018182,2.9544,wheat_winter,1.8862140474258409,physical_harvested_weight,0.015604152574159036,0.015604152574159036
Козлов увал правый,ВКО,2023,Горох,17.408163,16.518,True,козлов увал правый,210,Козлов увал правый,50.38689148783278,82.39474357476328,247.0,1.7408162999999999,1.6518000000000002,pea,1.7267206477732793,physical_harvested_weight,0.0140956522267206,0.0140956522267206
Козлов Увал левый,ВКО,2022,Пшеница яровая,26.455776,34.979,True,козлов увал левый,209,Козлов Увал левый,50.38543507681797,82.40410883603022,301.65,2.6455776,3.4979,wheat_spring,2.657417536880491,physical_harvested_weight,-0.011839936880490676,0.011839936880490676
Козлов Увал левый,ВКО,2021,Подсолнечник,22.579538,23.811,True,козлов увал левый,209,Козлов Увал левый,50.38543507681797,82.40410883603022,301.65,2.2579538,2.3811,sunflower,2.268059008785016,physical_harvested_weight,-0.010105208785015751,0.010105208785015751
Александров ключ,ВКО,2023,Пшеница озимая,10.778182,21.542,True,александров ключ,207,Александров ключ,50.41868820400116,82.45505975772673,110.91,1.0778181999999998,2.1542000000000003,wheat_winter,1.068974844468488,physical_harvested_weight,0.008843355531511943,0.008843355531511943
Козлов Увал левый,ВКО,2023,Пшеница озимая,14.815842,30.968,True,козлов увал левый,209,Козлов Увал левый,50.38543507681797,82.40410883603022,301.65,1.4815842,3.0968,wheat_winter,1.4882148184982598,physical_harvested_weight,-0.006630618498259855,0.006630618498259855
Лоскутиха,ВКО,2025,Подсолнечник,30.739241,25.924,True,лоскутиха,215,Лоскутиха,50.481633621513765,82.55476060472243,79.0,3.0739241,2.5924,sunflower,3.0739240506329115,physical_harvested_weight,4.936708863922945e-08,4.936708863922945e-08
Большая Семёниха СК,ВКО,2022,Пшеница озимая,22.175145,32.383,True,большая семениха ск,227,Большая Семёниха СК,50.367810427378984,82.46565328214737,346.0,2.2175145,3.2383,wheat_winter,2.217514450867052,physical_harvested_weight,4.913294793240652e-08,4.913294793240652e-08
Бонн 1,ВКО,2021,Пшеница озимая,24.169492,37.058,True,бонн 1,228,Бонн 1,50.50213709474497,82.49442911808288,59.0,2.4169492000000004,3.7058,wheat_winter,2.4169491525423727,physical_harvested_weight,4.74576276054961e-08,4.74576276054961e-08
Костенькина стрелка,ВКО,2024,Подсолнечник,19.008824,31.718,True,костенькина стрелка,212,Костенькина стрелка,50.42075375796417,82.34016151551197,136.0,1.9008824,3.1718,sunflower,1.900882352941176,physical_harvested_weight,4.705882394873129e-08,4.705882394873129e-08
Овчинников увал,ВКО,2024,Подсолнечник,29.758824,33.542,True,овчинников увал,217,Овчинников увал,50.43109339579996,82.33960413919709,408.0,2.9758824,3.3542,sunflower,2.9758823529411766,physical_harvested_weight,4.705882350464208e-08,4.705882350464208e-08
Палатьи,ВКО,2024,Пшеница яровая,40.271538,34.0,True,палатьи,218,Палатьи,50.39824303171275,82.31658540563066,39.0,4.0271538,3.4,wheat_spring,4.027153846153846,physical_harvested_weight,-4.6153846078311744e-08,4.6153846078311744e-08
Давыдкин увал правый,ВКО,2024,Пшеница яровая,33.303041,41.416,True,давыдкин увал правый,232,Давыдкин увал правый,50.39798984192721,82.45765463681025,296.0,3.3303041,4.1415999999999995,wheat_spring,3.330304054054054,physical_harvested_weight,4.594594615880965e-08,4.594594615880965e-08
Никитушкин,ВКО,2021,Подсолнечник,29.259459,26.041,True,никитушкин,216,Никитушкин,50.46224047423968,82.54079808685997,37.0,2.9259459,2.6041,sunflower,2.925945945945946,physical_harvested_weight,-4.594594615880965e-08,4.594594615880965e-08
Бонн 1,ВКО,2024,Подсолнечник,30.528814,26.042,True,бонн 1,228,Бонн 1,50.50213709474497,82.49442911808288,59.0,3.0528814,2.6042,sunflower,3.052881355932203,physical_harvested_weight,4.4067796967084405e-08,4.4067796967084405e-08
Никитушкин,ВКО,2025,Подсолнечник,29.867568,28.421,True,никитушкин,216,Никитушкин,50.46224047423968,82.54079808685997,37.0,2.9867567999999998,2.8421,sunflower,2.986756756756757,physical_harvested_weight,4.324324276439029e-08,4.324324276439029e-08
Красный яр,ВКО,2024,Подсолнечник,32.950571,26.562,True,красный яр,234,Красный яр,50.4850059296264,82.525315141417,35.0,3.2950570999999997,2.6562,sunflower,3.295057142857143,physical_harvested_weight,-4.285714316765166e-08,4.285714316765166e-08
Соколки 2,ВКО,2024,Пшеница яровая,33.508571,42.385,True,соколки 2,223,Соколки 2,50.43672170185941,82.32653521086154,70.0,3.3508571000000003,4.2385,wheat_spring,3.350857142857143,physical_harvested_weight,-4.285714272356245e-08,4.285714272356245e-08
Красный яр,ВКО,2025,Пшеница яровая семеноводство,44.948571,44.593,True,красный яр,234,Красный яр,50.4850059296264,82.525315141417,35.0,4.4948571,4.459300000000001,,4.494857142857143,physical_harvested_weight,-4.285714272356245e-08,4.285714272356245e-08
Соколки 2,ВКО,2025,Подсолнечник,33.051429,27.165,True,соколки 2,223,Соколки 2,50.43672170185941,82.32653521086154,70.0,3.3051429,2.7165,sunflower,3.305142857142857,physical_harvested_weight,4.285714272356245e-08,4.285714272356245e-08
Красный яр,ВКО,2021,Пшеница озимая,53.891429,38.293,True,красный яр,234,Красный яр,50.4850059296264,82.525315141417,35.0,5.3891429,3.8293,wheat_winter,5.389142857142858,physical_harvested_weight,4.285714272356245e-08,4.285714272356245e-08
Соколки 2,ВКО,2022,Пшеница яровая,32.311429,28.408,True,соколки 2,223,Соколки 2,50.43672170185941,82.32653521086154,70.0,3.2311428999999996,2.8408,wheat_spring,3.2311428571428573,physical_harvested_weight,4.285714227947324e-08,4.285714227947324e-08
Давыдкин увал левый,ВКО,2022,Пшеница озимая,15.71234,22.88,True,давыдкин увал левый,231,Давыдкин увал левый,50.39724834002202,82.47347011020577,235.0,1.571234,2.288,wheat_winter,1.5712340425531914,physical_harvested_weight,-4.2553191414995695e-08,4.2553191414995695e-08
Лоскутиха,ВКО,2022,Пшеница яровая,28.589873,27.345,True,лоскутиха,215,Лоскутиха,50.481633621513765,82.55476060472243,79.0,2.8589873,2.7344999999999997,wheat_spring,2.858987341772152,physical_harvested_weight,-4.177215195966255e-08,4.177215195966255e-08
Костенькина стрелка,ВКО,2022,Пшеница яровая,31.773529,30.777,True,костенькина стрелка,212,Костенькина стрелка,50.42075375796417,82.34016151551197,136.0,3.1773529,3.0777,wheat_spring,3.1773529411764705,physical_harvested_weight,-4.117647067758412e-08,4.117647067758412e-08
Лоскутиха,ВКО,2024,Пшеница озимая,44.767089,42.056,True,лоскутиха,215,Лоскутиха,50.481633621513765,82.55476060472243,79.0,4.4767089,4.2056,wheat_winter,4.476708860759494,physical_harvested_weight,3.924050595571771e-08,3.924050595571771e-08
Подхозный увал 1,ВКО,2025,Ячмень яровой,35.280952,38.607,True,подхозный увал 1,219,Подхозный увал 1,50.39251145179276,82.37944868952283,210.0,3.5280952,3.8607,barley_spring,3.528095238095238,physical_harvested_weight,-3.8095238075186444e-08,3.8095238075186444e-08
Давыдкин увал правый,ВКО,2022,Пшеница озимая,18.478378,18.508,True,давыдкин увал правый,232,Давыдкин увал правый,50.39798984192721,82.45765463681025,296.0,1.8478378,1.8508,wheat_winter,1.847837837837838,physical_harvested_weight,-3.7837837973953015e-08,3.7837837973953015e-08
Никитушкин,ВКО,2024,Пшеница озимая,53.421622,53.586,True,никитушкин,216,Никитушкин,50.46224047423968,82.54079808685997,37.0,5.3421622,5.3586,wheat_winter,5.342162162162162,physical_harvested_weight,3.783783775190841e-08,3.783783775190841e-08
Бонн 1,ВКО,2022,Пшеница яровая,45.647458,32.991,True,бонн 1,228,Бонн 1,50.50213709474497,82.49442911808288,59.0,4.5647458,3.2991,wheat_spring,4.564745762711865,physical_harvested_weight,3.7288135246171805e-08,3.7288135246171805e-08
Соколки 1,ВКО,2024,Пшеница яровая,36.562581,42.83,True,соколки 1,222,Соколки 1,50.43115826493252,82.3109971881627,62.0,3.6562581,4.2829999999999995,wheat_spring,3.6562580645161287,physical_harvested_weight,3.548387139673537e-08,3.548387139673537e-08
Соколки 1,ВКО,2025,Подсолнечник,29.722581,29.642,True,соколки 1,222,Соколки 1,50.43115826493252,82.3109971881627,62.0,2.9722581000000003,2.9642,sunflower,2.972258064516129,physical_harvested_weight,3.548387139673537e-08,3.548387139673537e-08
Коновалиха 1,ВКО,2024,Подсолнечник,27.365854,33.274,True,коновалиха 1,195,Коновалиха 1,50.42198096600295,82.4644614849937,123.0,2.7365854,3.3274,sunflower,2.7365853658536587,physical_harvested_weight,3.4146341310048456e-08,3.4146341310048456e-08
Бонн 2,ВКО,2023,Пшеница озимая,34.433333,20.76,True,бонн 2,229,Бонн 2,50.49670700387077,82.49180236083876,12.0,3.4433333,2.076,wheat_winter,3.443333333333334,physical_harvested_weight,-3.333333387089965e-08,3.333333387089965e-08
Бонн 2,ВКО,2024,Подсолнечник,32.544167,20.838,True,бонн 2,229,Бонн 2,50.49670700387077,82.49180236083876,12.0,3.2544167,2.0838,sunflower,3.2544166666666663,physical_harvested_weight,3.333333387089965e-08,3.333333387089965e-08
Бонн 2,ВКО,2022,Пшеница яровая,28.416667,26.656,True,бонн 2,229,Бонн 2,50.49670700387077,82.49180236083876,12.0,2.8416667,2.6656,wheat_spring,2.841666666666667,physical_harvested_weight,3.333333342681044e-08,3.333333342681044e-08
Давыдкин увал левый,ВКО,2025,Горох,13.324255,24.7,True,давыдкин увал левый,231,Давыдкин увал левый,50.39724834002202,82.47347011020577,235.0,1.3324255,2.4699999999999998,pea,1.3324255319148937,physical_harvested_weight,-3.191489361675792e-08,3.191489361675792e-08
Большая Семёниха СК,ВКО,2025,Горох,15.521965,28.22,True,большая семениха ск,227,Большая Семёниха СК,50.367810427378984,82.46565328214737,346.0,1.5521965,2.822,pea,1.5521965317919073,physical_harvested_weight,-3.179190732893744e-08,3.179190732893744e-08
Козлов ув.пр(низ) 05-080-025-208,ВКО,2021,Подсолнечник,21.389247,29.907,True,козлов ув пр низ 05 080 025 208,211,Козлов ув.пр(низ) 05-080-025-208,50.4147461642427,82.40217837488487,93.0,2.1389247,2.9907,sunflower,2.1389247311827955,physical_harvested_weight,-3.1182795456885515e-08,3.1182795456885515e-08
Бригадная стрелка,ВКО,2022,Подсолнечник,32.572197,31.92,True,бригадная стрелка,230,Бригадная стрелка,50.395122511500006,82.3635248892731,223.0,3.2572197000000003,3.192,sunflower,3.257219730941704,physical_harvested_weight,-3.0941703865750014e-08,3.0941703865750014e-08
Холодный ключ,ВКО,2024,Пшеница озимая,50.582692,49.363,True,холодный ключ,224,Холодный ключ,50.46114160184362,82.52865210168042,104.0,5.0582692,4.9363,wheat_winter,5.0582692307692305,physical_harvested_weight,-3.0769230718874496e-08,3.0769230718874496e-08
Холодный ключ,ВКО,2025,Подсолнечник,30.742308,29.077,True,холодный ключ,224,Холодный ключ,50.46114160184362,82.52865210168042,104.0,3.0742308,2.9077,sunflower,3.0742307692307693,physical_harvested_weight,3.0769230718874496e-08,3.0769230718874496e-08
Костенькина стрелка,ВКО,2025,Пшеница яровая,17.024265,28.967,True,костенькина стрелка,212,Костенькина стрелка,50.42075375796417,82.34016151551197,136.0,1.7024265,2.8967,wheat_spring,1.7024264705882353,physical_harvested_weight,2.94117648014236e-08,2.94117648014236e-08
Лоскутиха,ВКО,2023,Ячмень яровой,22.745063,24.396,True,лоскутиха,215,Лоскутиха,50.481633621513765,82.55476060472243,79.0,2.2745062999999996,2.4396,barley_spring,2.2745063291139243,physical_harvested_weight,-2.9113924604473596e-08,2.9113924604473596e-08
Бонн 1,ВКО,2025,Пшеница яровая,30.045763,35.23,True,бонн 1,228,Бонн 1,50.50213709474497,82.49442911808288,59.0,3.0045763,3.5229999999999997,wheat_spring,3.004576271186441,physical_harvested_weight,2.8813559094231778e-08,2.8813559094231778e-08
Красный яр,ВКО,2022,Пшеница яровая,39.754286,35.318,True,красный яр,234,Красный яр,50.4850059296264,82.525315141417,35.0,3.9754286,3.5317999999999996,wheat_spring,3.975428571428571,physical_harvested_weight,2.8571428778434438e-08,2.8571428778434438e-08
Лесополосы (Козлов увал левый) 05-080-025-182,ВКО,2022,Подсолнечник,14.814286,23.059,True,лесополосы козлов увал левый 05 080 025 182,213,Лесополосы (Козлов увал левый) 05-080-025-182,50.39439495003087,82.4009559934276,14.0,1.4814285999999999,2.3059000000000003,sunflower,1.481428571428571,physical_harvested_weight,2.8571428778434438e-08,2.8571428778434438e-08
Соколки 2,ВКО,2021,Подсолнечник,28.625714,26.7,True,соколки 2,223,Соколки 2,50.43672170185941,82.32653521086154,70.0,2.8625713999999998,2.67,sunflower,2.8625714285714285,physical_harvested_weight,-2.8571428778434438e-08,2.8571428778434438e-08
Лесополосы (Козлов увал левый) 05-080-025-182,ВКО,2021,Пшеница яровая,13.155714,33.956,True,лесополосы козлов увал левый 05 080 025 182,213,Лесополосы (Козлов увал левый) 05-080-025-182,50.39439495003087,82.4009559934276,14.0,1.3155714,3.3956000000000004,wheat_spring,1.3155714285714286,physical_harvested_weight,-2.8571428556389833e-08,2.8571428556389833e-08
Соколки 2,ВКО,2023,Ячмень яровой,23.584286,19.374,True,соколки 2,223,Соколки 2,50.43672170185941,82.32653521086154,70.0,2.3584286,1.9373999999999998,barley_spring,2.3584285714285715,physical_harvested_weight,2.8571428334345228e-08,2.8571428334345228e-08
Бригадная стрелка,ВКО,2024,Подсолнечник,32.521794,31.278,True,бригадная стрелка,230,Бригадная стрелка,50.395122511500006,82.3635248892731,223.0,3.2521794,3.1277999999999997,sunflower,3.2521793721973093,physical_harvested_weight,2.7802690816258746e-08,2.7802690816258746e-08
Козлов увал правый,ВКО,2024,Пшеница озимая,55.194939,57.541,True,козлов увал правый,210,Козлов увал правый,50.38689148783278,82.39474357476328,247.0,5.5194939,5.754099999999999,wheat_winter,5.519493927125506,physical_harvested_weight,-2.7125506285585743e-08,2.7125506285585743e-08
Никитушкин,ВКО,2022,Пшеница яровая,31.27027,39.809,True,никитушкин,216,Никитушкин,50.46224047423968,82.54079808685997,37.0,3.127027,3.9808999999999997,wheat_spring,3.1270270270270273,physical_harvested_weight,-2.7027027282855443e-08,2.7027027282855443e-08
Палатьи,ВКО,2023,Ячмень яровой,33.69359,23.995,True,палатьи,218,Палатьи,50.39824303171275,82.31658540563066,39.0,3.369359,2.3995,barley_spring,3.3693589743589745,physical_harvested_weight,2.5641025747091817e-08,2.5641025747091817e-08
Казачий увал,ВКО,2023,Пшеница озимая,10.820991,21.737,True,казачий увал,197,Казачий увал,50.43149523573457,82.4485335081973,343.0,1.0820991,2.1736999999999997,wheat_winter,1.0820991253644316,physical_harvested_weight,-2.5364431666119458e-08,2.5364431666119458e-08
Давыдкин увал правый,ВКО,2023,Подсолнечник,26.881993,23.085,True,давыдкин увал правый,232,Давыдкин увал правый,50.39798984192721,82.45765463681025,296.0,2.6881993,2.3085,sunflower,2.6881993243243243,physical_harvested_weight,-2.4324324332525293e-08,2.4324324332525293e-08
Костенькина стрелка,ВКО,2023,Пшеница яровая,29.445588,16.78,True,костенькина стрелка,212,Костенькина стрелка,50.42075375796417,82.34016151551197,136.0,2.9445588000000003,1.6780000000000002,wheat_spring,2.9445588235294116,physical_harvested_weight,-2.352941130823183e-08,2.352941130823183e-08
Карелкино,ВКО,2025,Пшеница яровая,38.430769,30.721,True,карелкино,208,Карелкино,50.38399205572653,82.34789025946256,130.0,3.8430769,3.0721,wheat_spring,3.8430769230769233,physical_harvested_weight,-2.3076923483245082e-08,2.3076923483245082e-08
Холодный ключ,ВКО,2022,Пшеница яровая,30.794231,33.052,True,холодный ключ,224,Холодный ключ,50.46114160184362,82.52865210168042,104.0,3.0794231,3.3052,wheat_spring,3.079423076923077,physical_harvested_weight,2.3076923039155872e-08,2.3076923039155872e-08
Холодный ключ,ВКО,2023,Ячмень яровой,24.814519,22.415,True,холодный ключ,224,Холодный ключ,50.46114160184362,82.52865210168042,104.0,2.4814519,2.2415,barley_spring,2.481451923076923,physical_harvested_weight,-2.3076923039155872e-08,2.3076923039155872e-08
Карелкино,ВКО,2022,Пшеница яровая,23.569231,34.204,True,карелкино,208,Карелкино,50.38399205572653,82.34789025946256,130.0,2.3569231,3.4204,wheat_spring,2.356923076923077,physical_harvested_weight,2.3076923039155872e-08,2.3076923039155872e-08
Карелкино,ВКО,2023,Пшеница яровая,20.180769,15.494,True,карелкино,208,Карелкино,50.38399205572653,82.34789025946256,130.0,2.0180769,1.5493999999999999,wheat_spring,2.018076923076923,physical_harvested_weight,-2.3076923039155872e-08,2.3076923039155872e-08
Коновалиха 1,ВКО,2021,Ячмень яровой,20.222764,35.18,True,коновалиха 1,195,Коновалиха 1,50.42198096600295,82.4644614849937,123.0,2.0222764,3.518,barley_spring,2.022276422764228,physical_harvested_weight,-2.2764227836091777e-08,2.2764227836091777e-08
Лесополосы (Козлов увал правый) 05-080-025-208,ВКО,2021,Пшеница яровая,15.857778,28.408,True,лесополосы козлов увал правый 05 080 025 208,214,Лесополосы (Козлов увал правый) 05-080-025-208,50.39509947120296,82.40013226517021,9.0,1.5857778,2.8408,wheat_spring,1.5857777777777775,physical_harvested_weight,2.22222225065849e-08,2.22222225065849e-08
Лесополосы (Козлов увал правый) 05-080-025-208,ВКО,2022,Подсолнечник,10.022222,23.271,True,лесополосы козлов увал правый 05 080 025 208,214,Лесополосы (Козлов увал правый) 05-080-025-208,50.39509947120296,82.40013226517021,9.0,1.0022221999999998,2.3271,sunflower,1.002222222222222,physical_harvested_weight,-2.222222206249569e-08,2.222222206249569e-08
Лоскутиха,ВКО,2021,Подсолнечник,29.865823,26.547,True,лоскутиха,215,Лоскутиха,50.481633621513765,82.55476060472243,79.0,2.9865823,2.6547,sunflower,2.9865822784810128,physical_harvested_weight,2.1518987036728277e-08,2.1518987036728277e-08
Давыдкин увал левый,ВКО,2024,Пшеница яровая,38.06383,36.423,True,давыдкин увал левый,231,Давыдкин увал левый,50.39724834002202,82.47347011020577,235.0,3.8063830000000003,3.6423,wheat_spring,3.806382978723404,physical_harvested_weight,2.1276596484653965e-08,2.1276596484653965e-08
Соколки 1,ВКО,2021,Подсолнечник,29.396774,27.129,True,соколки 1,222,Соколки 1,50.43115826493252,82.3109971881627,62.0,2.9396774,2.7129000000000003,sunflower,2.9396774193548385,physical_harvested_weight,-1.9354838620699866e-08,1.9354838620699866e-08
Подхозный увал 1,ВКО,2022,Пшеница яровая,28.275476,34.281,True,подхозный увал 1,219,Подхозный увал 1,50.39251145179276,82.37944868952283,210.0,2.8275476,3.4280999999999997,wheat_spring,2.827547619047619,physical_harvested_weight,-1.9047619037593222e-08,1.9047619037593222e-08
Подхозный увал 1,ВКО,2021,Подсолнечник,28.189524,32.401,True,подхозный увал 1,219,Подхозный увал 1,50.39251145179276,82.37944868952283,210.0,2.8189523999999997,3.2401000000000004,sunflower,2.818952380952381,physical_harvested_weight,1.9047618593504012e-08,1.9047618593504012e-08
Давыдкин увал левый,ВКО,2023,Подсолнечник,22.995064,22.106,True,давыдкин увал левый,231,Давыдкин увал левый,50.39724834002202,82.47347011020577,235.0,2.2995064,2.2106000000000003,sunflower,2.2995063829787235,physical_harvested_weight,1.7021276388362594e-08,1.7021276388362594e-08
Коновалиха 1,ВКО,2022,Пшеница озимая,21.21626,24.872,True,коновалиха 1,195,Коновалиха 1,50.42198096600295,82.4644614849937,123.0,2.121626,2.4872,wheat_winter,2.1216260162601626,physical_harvested_weight,-1.6260162549741608e-08,1.6260162549741608e-08
Никитушкин,ВКО,2023,Ячмень яровой,26.967838,25.551,True,никитушкин,216,Никитушкин,50.46224047423968,82.54079808685997,37.0,2.6967838,2.5551,barley_spring,2.696783783783784,physical_harvested_weight,1.6216215925624056e-08,1.6216215925624056e-08
Бригадная стрелка,ВКО,2021,Пшеница озимая,21.237668,31.34,True,бригадная стрелка,230,Бригадная стрелка,50.395122511500006,82.3635248892731,223.0,2.1237668,3.134,wheat_winter,2.123766816143498,physical_harvested_weight,-1.6143498093867947e-08,1.6143498093867947e-08
Большая Семёниха СК,ВКО,2024,Ячмень яровой,30.077399,35.776,True,большая семениха ск,227,Большая Семёниха СК,50.367810427378984,82.46565328214737,346.0,3.0077399,3.5776000000000003,barley_spring,3.007739884393064,physical_harvested_weight,1.5606935743761596e-08,1.5606935743761596e-08
Корнеюшкин,ВКО,2021,Пшеница озимая,36.453846,34.056,True,корнеюшкин,233,Корнеюшкин ,50.44722681775452,82.51143174867202,39.0,3.6453846,3.4055999999999997,wheat_winter,3.6453846153846152,physical_harvested_weight,-1.5384615359437248e-08,1.5384615359437248e-08
Карелкино,ВКО,2024,Подсолнечник,23.606154,28.781,True,карелкино,208,Карелкино,50.38399205572653,82.34789025946256,130.0,2.3606154,2.8781,sunflower,2.360615384615385,physical_harvested_weight,1.5384614915348038e-08,1.5384614915348038e-08
Бонн 1,ВКО,2023,Пшеница озимая,15.016949,22.995,True,бонн 1,228,Бонн 1,50.50213709474497,82.49442911808288,59.0,1.5016949,2.2995,wheat_winter,1.5016949152542372,physical_harvested_weight,-1.5254237206718813e-08,1.5254237206718813e-08
Красный яр,ВКО,2023,Пшеница озимая,17.062857,24.153,True,красный яр,234,Красный яр,50.4850059296264,82.525315141417,35.0,1.7062857,2.4153,wheat_winter,1.7062857142857142,physical_harvested_weight,-1.4285714167172614e-08,1.4285714167172614e-08
Соколки 1,ВКО,2022,Пшеница яровая,32.700484,34.904,True,соколки 1,222,Соколки 1,50.43115826493252,82.3109971881627,62.0,3.2700484000000003,3.4904,wheat_spring,3.2700483870967743,physical_harvested_weight,1.2903226043192717e-08,1.2903226043192717e-08
Палатьи,ВКО,2025,Пшеница яровая,41.128205,26.461,True,палатьи,218,Палатьи,50.39824303171275,82.31658540563066,39.0,4.1128205,2.6460999999999997,wheat_spring,4.112820512820513,physical_harvested_weight,-1.2820513539679723e-08,1.2820513539679723e-08
Овчинников увал,ВКО,2022,Пшеница яровая,30.637255,34.127,True,овчинников увал,217,Овчинников увал,50.43109339579996,82.33960413919709,408.0,3.0637255,3.4127,wheat_spring,3.063725490196078,physical_harvested_weight,9.803921674489402e-09,9.803921674489402e-09
Казачий увал,ВКО,2025,Пшеница яровая,37.794169,31.238,True,казачий увал,197,Казачий увал,50.43149523573457,82.4485335081973,343.0,3.7794168999999997,3.1238,wheat_spring,3.779416909620991,physical_harvested_weight,-9.620991114900335e-09,9.620991114900335e-09
Подхозный увал 1,ВКО,2023,Подсолнечник,28.025238,26.039,True,подхозный увал 1,219,Подхозный увал 1,50.39251145179276,82.37944868952283,210.0,2.8025238000000003,2.6039000000000003,sunflower,2.802523809523809,physical_harvested_weight,-9.523808852662796e-09,9.523808852662796e-09
Казачий увал,ВКО,2022,Пшеница озимая,15.206997,32.342,True,казачий увал,197,Казачий увал,50.43149523573457,82.4485335081973,343.0,1.5206997,3.2342,wheat_winter,1.5206997084548106,physical_harvested_weight,-8.454810629388021e-09,8.454810629388021e-09
Овчинников увал,ВКО,2023,Ячмень яровой,20.214804,16.278,True,овчинников увал,217,Овчинников увал,50.43109339579996,82.33960413919709,408.0,2.0214804,1.6278,barley_spring,2.021480392156863,physical_harvested_weight,7.84313725077368e-09,7.84313725077368e-09
Палатьи,ВКО,2022,Пшеница яровая,21.723077,25.543,True,палатьи,218,Палатьи,50.39824303171275,82.31658540563066,39.0,2.1723077,2.5543,wheat_spring,2.1723076923076925,physical_harvested_weight,7.692307679718624e-09,7.692307679718624e-09
Козлов увал правый,ВКО,2025,Подсолнечник,31.925506,26.162,True,козлов увал правый,210,Козлов увал правый,50.38689148783278,82.39474357476328,247.0,3.1925505999999997,2.6162,sunflower,3.192550607287449,physical_harvested_weight,-7.287449310666716e-09,7.287449310666716e-09
Бригадная стрелка,ВКО,2025,Пшеница яровая,36.687444,29.788,True,бригадная стрелка,230,Бригадная стрелка,50.395122511500006,82.3635248892731,223.0,3.6687444,2.9788,wheat_spring,3.6687443946188343,physical_harvested_weight,5.3811657352298425e-09,5.3811657352298425e-09
Коновалиха 1,ВКО,2025,Пшеница яровая,27.195122,28.708,True,коновалиха 1,195,Коновалиха 1,50.42198096600295,82.4644614849937,123.0,2.7195122,2.8708,wheat_spring,2.7195121951219514,physical_harvested_weight,4.8780486316957195e-09,4.8780486316957195e-09
Подхозный увал 1,ВКО,2024,Пшеница яровая,36.718381,33.588,True,подхозный увал 1,219,Подхозный увал 1,50.39251145179276,82.37944868952283,210.0,3.6718381,3.3588,wheat_spring,3.6718380952380953,physical_harvested_weight,4.761904648376003e-09,4.761904648376003e-09
Большая Семёниха СК,ВКО,2023,Подсолнечник,26.015896,25.029,True,большая семениха ск,227,Большая Семёниха СК,50.367810427378984,82.46565328214737,346.0,2.6015896,2.5029,sunflower,2.6015895953757227,physical_harvested_weight,4.62427740544058e-09,4.62427740544058e-09
Коновалиха 1,ВКО,2023,Пшеница озимая,8.904065,18.031,True,коновалиха 1,195,Коновалиха 1,50.42198096600295,82.4644614849937,123.0,0.8904064999999999,1.8031,wheat_winter,0.8904065040650406,physical_harvested_weight,-4.0650407484577045e-09,4.0650407484577045e-09
Овчинников увал,ВКО,2025,Пшеница яровая,25.629902,27.186,True,овчинников увал,217,Овчинников увал,50.43109339579996,82.33960413919709,408.0,2.5629902,2.7186,wheat_spring,2.5629901960784314,physical_harvested_weight,3.921568847431445e-09,3.921568847431445e-09
Давыдкин увал правый,ВКО,2025,Горох,18.102027,24.7,True,давыдкин увал правый,232,Давыдкин увал правый,50.39798984192721,82.45765463681025,296.0,1.8102027,2.4699999999999998,pea,1.8102027027027028,physical_harvested_weight,-2.7027027282855443e-09,2.7027027282855443e-09
Казачий увал,ВКО,2024,Подсолнечник,32.877551,32.481,True,казачий увал,197,Казачий увал,50.43149523573457,82.4485335081973,343.0,3.2877550999999996,3.2481,sunflower,3.2877551020408164,physical_harvested_weight,-2.040816848847271e-09,2.040816848847271e-09
Соколки 1,ВКО,2023,Ячмень яровой,45.005,20.631,True,соколки 1,222,Соколки 1,50.43115826493252,82.3109971881627,62.0,4.500500000000001,2.0631,barley_spring,4.5005,physical_harvested_weight,8.881784197001252e-16,8.881784197001252e-16
Сапог,ВКО,2023,Ячмень яровой,33.7288,25.408,True,сапог,220,Сапог,50.402019209365974,82.33495653415235,25.0,3.37288,2.5408,barley_spring,3.3728800000000003,physical_harvested_weight,-4.440892098500626e-16,4.440892098500626e-16
Сапог,ВКО,2021,Подсолнечник,20.264,25.487,True,сапог,220,Сапог,50.402019209365974,82.33495653415235,25.0,2.0263999999999998,2.5486999999999997,sunflower,2.0264,physical_harvested_weight,-4.440892098500626e-16,4.440892098500626e-16
Бонн 2,ВКО,2021,Пшеница озимая,29.45,24.469,True,бонн 2,229,Бонн 2,50.49670700387077,82.49180236083876,12.0,2.945,2.4469000000000003,wheat_winter,2.9450000000000003,physical_harvested_weight,-4.440892098500626e-16,4.440892098500626e-16
Бонн 2,ВКО,2025,Пшеница яровая,35.05,31.488,True,бонн 2,229,Бонн 2,50.49670700387077,82.49180236083876,12.0,3.505,3.1488,wheat_spring,3.5050000000000003,physical_harvested_weight,-4.440892098500626e-16,4.440892098500626e-16
Соколки 2,ВКО,2019,Подсолнечник,26.51,24.601,True,соколки 2,223,Соколки 2,50.43672170185941,82.32653521086154,70.0,2.6510000000000002,2.4600999999999997,sunflower,2.651,productivity_normalized,4.440892098500626e-16,4.440892098500626e-16
Овчинников увал,ВКО,2019,Подсолнечник,19.62,21.411,True,овчинников увал,217,Овчинников увал,50.43109339579996,82.33960413919709,408.0,1.9620000000000002,2.1411000000000002,sunflower,1.962,productivity_normalized,2.220446049250313e-16,2.220446049250313e-16
Козлов ув.пр(низ) 05-080-025-208,ВКО,2019,Подсолнечник,18.68,23.18,True,козлов ув пр низ 05 080 025 208,211,Козлов ув.пр(низ) 05-080-025-208,50.4147461642427,82.40217837488487,93.0,1.8679999999999999,2.318,sunflower,1.868,productivity_normalized,-2.220446049250313e-16,2.220446049250313e-16
Козлов увал правый,ВКО,2019,Подсолнечник,19.65,24.037,True,козлов увал правый,210,Козлов увал правый,50.38689148783278,82.39474357476328,247.0,1.9649999999999999,2.4036999999999997,sunflower,1.965,productivity_normalized,-2.220446049250313e-16,2.220446049250313e-16
Штаны,ВКО,2022,Пшеница яровая,16.935,29.26,True,штаны,226,Штаны,50.43749405831015,82.51870244982703,40.0,1.6934999999999998,2.926,wheat_spring,1.6934999999999998,physical_harvested_weight,0.0,0.0
Холодный ключ (сенокос) 05-080-025-120,ВКО,2019,Подсолнечник,39.61,19.401,True,холодный ключ сенокос 05 080 025 120,225,Холодный ключ (сенокос) 05-080-025-120,50.47385202982792,82.52928083059038,4.0,3.961,1.9401,sunflower,3.961,productivity_normalized,0.0,0.0
Холодный ключ,ВКО,2020,Пшеница яровая,8.57,17.282,True,холодный ключ,224,Холодный ключ,50.46114160184362,82.52865210168042,104.0,0.857,1.7282,wheat_spring,0.857,productivity_normalized,0.0,0.0
Соколки 1,ВКО,2019,Подсолнечник,26.48,25.605,True,соколки 1,222,Соколки 1,50.43115826493252,82.3109971881627,62.0,2.648,2.5605,sunflower,2.648,productivity_normalized,0.0,0.0
Холодный ключ,ВКО,2019,Подсолнечник,39.61,23.3,True,холодный ключ,224,Холодный ключ,50.46114160184362,82.52865210168042,104.0,3.961,2.33,sunflower,3.961,productivity_normalized,0.0,0.0
Штаны,ВКО,2024,Пшеница озимая,49.315,45.445,True,штаны,226,Штаны,50.43749405831015,82.51870244982703,40.0,4.9315,4.5445,wheat_winter,4.9315,physical_harvested_weight,0.0,0.0
Холодный ключ (сенокос) 05-080-025-120,ВКО,2020,Пшеница яровая,23.35,35.471,True,холодный ключ сенокос 05 080 025 120,225,Холодный ключ (сенокос) 05-080-025-120,50.47385202982792,82.52928083059038,4.0,2.335,3.5470999999999995,wheat_spring,2.335,productivity_normalized,0.0,0.0
Холодный ключ (сенокос) 05-080-025-120,ВКО,2021,Подсолнечник,18.5,21.724,True,холодный ключ сенокос 05 080 025 120,225,Холодный ключ (сенокос) 05-080-025-120,50.47385202982792,82.52928083059038,4.0,1.85,2.1724,sunflower,1.85,physical_harvested_weight,0.0,0.0
Штаны,ВКО,2019,Подсолнечник,29.83,23.403,True,штаны,226,Штаны,50.43749405831015,82.51870244982703,40.0,2.9829999999999997,2.3403,sunflower,2.9829999999999997,productivity_normalized,0.0,0.0
Штаны,ВКО,2021,Подсолнечник,24.555,27.516,True,штаны,226,Штаны,50.43749405831015,82.51870244982703,40.0,2.4555,2.7516,sunflower,2.4555,physical_harvested_weight,0.0,0.0
Александров ключ,ВКО,2018,Подсолнечник,34.96,22.995,True,александров ключ,207,Александров ключ,50.41868820400116,82.45505975772673,110.91,3.496,2.2995,sunflower,3.496,productivity_normalized,0.0,0.0
Сметанина пасека (низ огород) 05-080-025-120,ВКО,2021,Подсолнечник,17.475,27.167,True,сметанина пасека низ огород 05 080 025 120,221,Сметанина пасека (низ огород) 05-080-025-120,50.45758769417813,82.53181450973824,8.0,1.7475,2.7167000000000003,sunflower,1.7475,physical_harvested_weight,0.0,0.0
Карелкино,ВКО,2019,Подсолнечник,21.33,21.162,True,карелкино,208,Карелкино,50.38399205572653,82.34789025946256,130.0,2.133,2.1162,sunflower,2.133,productivity_normalized,0.0,0.0
Большая Семёниха СК,ВКО,2018,Подсолнечник,26.13,24.438,True,большая семениха ск,227,Большая Семёниха СК,50.367810427378984,82.46565328214737,346.0,2.613,2.4438,sunflower,2.613,productivity_normalized,0.0,0.0
Большая Семёниха СК,ВКО,2019,Рапс яровой,11.61,19.179,True,большая семениха ск,227,Большая Семёниха СК,50.367810427378984,82.46565328214737,346.0,1.161,1.9179,oil_seed_raps_spring,1.161,productivity_normalized,0.0,0.0
Бонн 1,ВКО,2018,Кукуруза,33.12,64.855,True,бонн 1,228,Бонн 1,50.50213709474497,82.49442911808288,59.0,3.312,6.4855,maize,3.312,productivity_normalized,0.0,0.0
Бонн 1,ВКО,2019,Соя,14.68,22.165,True,бонн 1,228,Бонн 1,50.50213709474497,82.49442911808288,59.0,1.468,2.2165,soya,1.468,productivity_normalized,0.0,0.0
Бонн 1,ВКО,2020,Пшеница озимая,13.0,20.305,True,бонн 1,228,Бонн 1,50.50213709474497,82.49442911808288,59.0,1.3,2.0305,wheat_winter,1.3,productivity_normalized,0.0,0.0
Бонн 2,ВКО,2018,Кукуруза,33.12,28.837,True,бонн 2,229,Бонн 2,50.49670700387077,82.49180236083876,12.0,3.312,2.8837,maize,3.312,productivity_normalized,0.0,0.0
Бонн 2,ВКО,2019,Соя,14.68,16.983,True,бонн 2,229,Бонн 2,50.49670700387077,82.49180236083876,12.0,1.468,1.6983000000000001,soya,1.468,productivity_normalized,0.0,0.0
Бонн 2,ВКО,2020,Пшеница озимая,32.85,22.21,True,бонн 2,229,Бонн 2,50.49670700387077,82.49180236083876,12.0,3.285,2.221,wheat_winter,3.285,productivity_normalized,0.0,0.0
Бригадная стрелка,ВКО,2019,Пшеница озимая,45.03,39.929,True,бригадная стрелка,230,Бригадная стрелка,50.395122511500006,82.3635248892731,223.0,4.503,3.9929,wheat_winter,4.503,productivity_normalized,0.0,0.0
Давыдкин увал левый,ВКО,2018,Соя,9.3,9.584,True,давыдкин увал левый,231,Давыдкин увал левый,50.39724834002202,82.47347011020577,235.0,0.93,0.9583999999999999,soya,0.93,productivity_normalized,0.0,0.0
Давыдкин увал левый,ВКО,2019,Пшеница озимая,43.03,42.558,True,давыдкин увал левый,231,Давыдкин увал левый,50.39724834002202,82.47347011020577,235.0,4.303,4.2558,wheat_winter,4.303,productivity_normalized,0.0,0.0
Давыдкин увал правый,ВКО,2018,Соя,9.0,12.02,True,давыдкин увал правый,232,Давыдкин увал правый,50.39798984192721,82.45765463681025,296.0,0.9,1.202,soya,0.9,productivity_normalized,0.0,0.0
Давыдкин увал правый,ВКО,2019,Пшеница озимая,34.04,41.161,True,давыдкин увал правый,232,Давыдкин увал правый,50.39798984192721,82.45765463681025,296.0,3.404,4.1161,wheat_winter,3.404,productivity_normalized,0.0,0.0
Козлов Увал левый,ВКО,2018,Подсолнечник,17.4,23.351,True,козлов увал левый,209,Козлов Увал левый,50.38543507681797,82.40410883603022,301.65,1.7399999999999998,2.3350999999999997,sunflower,1.7399999999999998,productivity_normalized,0.0,0.0
Сметанина пасека (низ огород) 05-080-025-120,ВКО,2019,Подсолнечник,19.82,28.217,True,сметанина пасека низ огород 05 080 025 120,221,Сметанина пасека (низ огород) 05-080-025-120,50.45758769417813,82.53181450973824,8.0,1.982,2.8217,sunflower,1.982,productivity_normalized,0.0,0.0
Козлов увал правый,ВКО,2018,Рапс озимый,9.78,17.359,True,козлов увал правый,210,Козлов увал правый,50.38689148783278,82.39474357476328,247.0,0.978,1.7359000000000002,oil_seed_raps_winter,0.978,productivity_normalized,0.0,0.0
Александров ключ,ВКО,2019,Пшеница яровая,35.8,27.728,True,александров ключ,207,Александров ключ,50.41868820400116,82.45505975772673,110.91,3.5799999999999996,2.7728,wheat_spring,3.5799999999999996,productivity_normalized,0.0,0.0
Лесополосы (Козлов увал левый) 05-080-025-182,ВКО,2025,Ячмень яровой,15.3,30.796,True,лесополосы козлов увал левый 05 080 025 182,213,Лесополосы (Козлов увал левый) 05-080-025-182,50.39439495003087,82.4009559934276,14.0,1.53,3.0796,barley_spring,1.53,physical_harvested_weight,0.0,0.0
Лесополосы (Козлов увал правый) 05-080-025-208,ВКО,2025,Ячмень яровой,15.3,30.119,True,лесополосы козлов увал правый 05 080 025 208,214,Лесополосы (Козлов увал правый) 05-080-025-208,50.39509947120296,82.40013226517021,9.0,1.53,3.0119,barley_spring,1.53,physical_harvested_weight,0.0,0.0
Лоскутиха,ВКО,2019,Подсолнечник,16.72,21.773,True,лоскутиха,215,Лоскутиха,50.481633621513765,82.55476060472243,79.0,1.672,2.1773,sunflower,1.672,productivity_normalized,0.0,0.0
Лоскутиха,ВКО,2020,Пшеница яровая,14.09,15.953,True,лоскутиха,215,Лоскутиха,50.481633621513765,82.55476060472243,79.0,1.409,1.5953,wheat_spring,1.409,productivity_normalized,0.0,0.0
Никитушкин,ВКО,2019,Подсолнечник,19.5,21.598,True,никитушкин,216,Никитушкин,50.46224047423968,82.54079808685997,37.0,1.95,2.1597999999999997,sunflower,1.95,productivity_normalized,0.0,0.0
Никитушкин,ВКО,2020,Пшеница яровая,12.46,21.373,True,никитушкин,216,Никитушкин,50.46224047423968,82.54079808685997,37.0,1.246,2.1373,wheat_spring,1.246,productivity_normalized,0.0,0.0
Подхозный увал 1,ВКО,2019,Подсолнечник,22.73,21.936,True,подхозный увал 1,219,Подхозный увал 1,50.39251145179276,82.37944868952283,210.0,2.273,2.1936,sunflower,2.273,productivity_normalized,0.0,0.0
Сапог,ВКО,2019,Подсолнечник,27.65,22.518,True,сапог,220,Сапог,50.402019209365974,82.33495653415235,25.0,2.7649999999999997,2.2518000000000002,sunflower,2.7649999999999997,productivity_normalized,0.0,0.0
Сапог,ВКО,2022,Пшеница яровая,34.832,32.34,True,сапог,220,Сапог,50.402019209365974,82.33495653415235,25.0,3.4832,3.2340000000000004,wheat_spring,3.4832,physical_harvested_weight,0.0,0.0
Сапог,ВКО,2024,Пшеница яровая,31.2756,39.769,True,сапог,220,Сапог,50.402019209365974,82.33495653415235,25.0,3.12756,3.9768999999999997,wheat_spring,3.12756,physical_harvested_weight,0.0,0.0
Сапог,ВКО,2025,Пшеница яровая,33.072,36.214,True,сапог,220,Сапог,50.402019209365974,82.33495653415235,25.0,3.3072000000000004,3.6214,wheat_spring,3.3072000000000004,physical_harvested_weight,0.0,0.0
Штаны,ВКО,2025,Подсолнечник,30.42,32.845,True,штаны,226,Штаны,50.43749405831015,82.51870244982703,40.0,3.0420000000000003,3.2845,sunflower,3.0420000000000003,physical_harvested_weight,0.0,0.0
