field_id,year,field_tillable_area,field_calculated_area,field_lat,field_long,ops_count_total,ops_count_soil,ops_count_application,ops_count_harvesting,ops_count_seeding,ops_count_tillage,ops_count_spraying,ops_npk_n_total,ops_npk_p_total,ops_npk_k_total,ops_npk_total,ops_season_start,ops_season_end,ops_season_duration_days,ops_days_seeding_to_harvest,ops_yield_t_ha,crop_id,crop_name,crop_season_type,ndvi_observations,ndvi_mean_season,ndvi_max_season,ndvi_early,ndvi_mid,ndvi_late,field_soil_pH,field_soil_OM,field_soil_P,field_soil_K,field_soil_N,field_soil_N_NO3,field_soil_Mg,field_soil_CEC,field_soil_Ca_saturation,weather_temp_avg_season,weather_gdd_season,weather_precip_sum_season,weather_precip_sum_early,weather_hot_days,target_yield_t_ha,prev_crop_id
195,2021,123.0,122.42127,50.42198096600295,82.4644614849937,7,2,4,1,0,0,0,18.675862068965518,0.0,0.0,18.675862068965518,2021-04-19,2021-08-22,124.0,113.0,2.022276422764228,3.0,Ячмень яровой,spring,94,0.4027978723404255,0.753,0.36684375,0.6269677419354839,0.215741935483871,6.9,3.6425,225.2,499.4803025,7.5175,,427.5,,,14.716576086956524,1128.4399999999998,256.4,142.1,35.0,35.18,20.0
195,2022,123.0,122.42127,50.42198096600295,82.4644614849937,12,4,6,1,0,0,0,35.9179945799458,23.0,0.0,58.9179945799458,2021-08-02,2022-08-10,373.0,350.0,2.1216260162601626,44.0,Пшеница озимая,winter,107,0.3462990654205607,0.686,0.4512222222222222,0.3968888888888889,0.18634285714285712,6.9,3.6425,225.2,499.4803025,7.5175,,427.5,,,15.912065217391305,1263.7199999999998,169.0,110.9,42.0,24.872,3.0
195,2023,123.0,122.42127,50.42198096600295,82.4644614849937,13,4,6,1,0,0,0,18.946048780487807,50.0390243902439,0.0,68.98507317073171,2022-07-27,2023-08-10,379.0,355.0,0.8904065040650406,44.0,Пшеница озимая,winter,93,0.36778494623655905,0.617,0.3234193548387096,0.4559999999999999,0.32393548387096766,6.9,3.6425,225.2,499.4803025,7.5175,,427.5,,,15.950489130434782,1221.05,324.20000000000005,89.8,42.0,18.031,44.0
195,2024,123.0,122.42127,50.42198096600295,82.4644614849937,14,7,5,1,0,0,0,10.5,48.300000000000004,0.0,58.800000000000004,2023-06-01,2024-09-29,486.0,156.0,2.7365853658536587,40.0,Подсолнечник,spring,85,0.4973647058823528,0.801,0.3612758620689656,0.7383928571428573,0.3972857142857144,6.9,3.6425,225.2,499.4803025,7.5175,,427.5,,,15.703804347826088,1234.36,266.7,189.4,32.0,33.274,44.0
195,2025,123.0,122.42127,50.42198096600295,82.4644614849937,17,7,8,1,0,0,0,57.79559984469431,0.0,0.0,57.79559984469431,2024-07-22,2025-09-18,423.0,136.0,2.7195121951219514,43.0,Пшеница яровая,spring,85,0.4470823529411766,0.758,0.3596551724137931,0.6931785714285715,0.2915357142857143,6.9,3.6425,225.2,499.4803025,7.5175,,427.5,,,17.773464052287583,1958.2,549.16,310.95,24.0,28.708,40.0
197,2021,343.0,343.71311,50.43149523573457,82.4485335081973,10,3,5,1,0,0,0,19.87878787878788,0.0,0.0,19.87878787878788,2021-04-20,2021-08-23,125.0,114.0,2.5284548104956266,3.0,Ячмень яровой,spring,92,0.4306847826086957,0.758,0.3778709677419355,0.6721612903225805,0.2357333333333333,6.976923076923077,3.579230769230769,216.96,502.5284007692308,4.591538461538462,,454.61538461538464,,,14.716576086956524,1128.4399999999998,256.4,142.1,35.0,37.068,20.0
197,2022,343.0,343.71311,50.43149523573457,82.4485335081973,13,4,7,1,0,0,0,43.49387755102041,23.0,0.0,66.4938775510204,2021-08-02,2022-09-21,415.0,349.0,1.5206997084548106,44.0,Пшеница озимая,winter,110,0.3538454545454546,0.727,0.4344324324324324,0.4349729729729729,0.1876388888888889,6.976923076923077,3.579230769230769,216.96,502.5284007692308,4.591538461538462,,454.61538461538464,,,15.912065217391305,1263.7199999999998,169.0,110.9,42.0,32.342,3.0
197,2023,343.0,343.71311,50.43149523573457,82.4485335081973,13,4,6,1,0,0,0,82.52179739365626,48.52128279883382,0.0,131.0430801924901,2022-07-27,2023-08-20,389.0,365.0,1.0820991253644316,44.0,Пшеница озимая,winter,95,0.37631578947368416,0.644,0.29371875000000003,0.4575625,0.37770967741935485,6.976923076923077,3.579230769230769,216.96,502.5284007692308,4.591538461538462,,454.61538461538464,,,15.950489130434782,1221.05,324.20000000000005,89.8,42.0,21.737,44.0
197,2024,343.0,343.71311,50.43149523573457,82.4485335081973,14,7,5,1,0,0,0,10.4,47.84,0.0,58.24,2023-06-01,2024-10-02,489.0,159.0,3.2877551020408164,40.0,Подсолнечник,spring,91,0.5088241758241758,0.798,0.3762258064516129,0.7486666666666666,0.40599999999999997,6.976923076923077,3.579230769230769,216.96,502.5284007692308,4.591538461538462,,454.61538461538464,,,15.703804347826088,1234.36,266.7,189.4,32.0,32.481,44.0
197,2025,343.0,343.71311,50.43149523573457,82.4485335081973,15,7,6,1,0,0,0,57.79559984469971,0.0,0.0,57.79559984469971,2024-07-22,2025-08-17,391.0,108.0,3.779416909620991,43.0,Пшеница яровая,spring,88,0.4477727272727272,0.762,0.35926666666666673,0.6958620689655173,0.29124137931034483,6.976923076923077,3.579230769230769,216.96,502.5284007692308,4.591538461538462,,454.61538461538464,,,17.773464052287583,1958.2,549.16,310.95,24.0,31.238,40.0
207,2021,110.91,110.91329,50.41868820400116,82.45505975772673,7,2,4,1,0,0,0,19.516483516483515,0.0,0.0,19.516483516483515,2021-04-19,2021-08-24,126.0,115.0,3.525020286718961,3.0,Ячмень яровой,spring,91,0.4010329670329671,0.754,0.35770967741935483,0.6396999999999999,0.20713333333333334,6.875,3.55,244.935,425.663535,5.4125,,412.5,,,14.716576086956524,1128.4399999999998,256.4,142.1,35.0,31.641,20.0
207,2022,110.91,110.91329,50.41868820400116,82.45505975772673,14,4,8,1,0,0,0,49.98363636363637,11.5,0.0,61.48363636363637,2021-08-02,2022-09-21,415.0,351.0,1.8862140474258406,44.0,Пшеница озимая,winter,109,0.34405504587155955,0.676,0.4136486486486487,0.43327777777777776,0.18330555555555553,6.875,3.55,244.935,425.663535,5.4125,,412.5,,,15.912065217391305,1263.7199999999998,169.0,110.9,42.0,29.544,3.0
207,2023,110.91,110.91329,50.41868820400116,82.45505975772673,14,4,7,1,0,0,0,18.068,46.0,0.0,64.068,2022-07-27,2023-08-18,387.0,363.0,1.0689748444684881,44.0,Пшеница озимая,winter,93,0.3575806451612905,0.604,0.3039354838709677,0.445774193548387,0.32303225806451613,6.875,3.55,244.935,425.663535,5.4125,,412.5,,,15.950489130434782,1221.05,324.20000000000005,89.8,42.0,21.542,44.0
207,2024,110.91,110.91329,50.41868820400116,82.45505975772673,15,8,5,1,0,0,0,10.200000000000001,46.92,0.0,57.120000000000005,2023-07-01,2024-09-29,456.0,156.0,3.107023712920386,40.0,Подсолнечник,spring,85,0.5157176470588235,0.818,0.4269310344827587,0.7378928571428572,0.38550000000000006,6.875,3.55,244.935,425.663535,5.4125,,412.5,,,15.703804347826088,1234.36,266.7,189.4,32.0,30.323,44.0
207,2025,110.91,110.91329,50.41868820400116,82.45505975772673,15,7,6,1,0,0,0,57.795599844726326,0.0,0.0,57.795599844726326,2024-07-22,2025-09-18,423.0,140.0,1.3522676043638986,43.0,Пшеница яровая,spring,82,0.46086585365853655,0.781,0.34289285714285717,0.7096296296296296,0.3344444444444445,6.875,3.55,244.935,425.663535,5.4125,,412.5,,,17.773464052287583,1958.2,549.16,310.95,24.0,34.044,40.0
208,2021,130.0,128.21593,50.38399205572653,82.34789025946256,6,1,4,1,0,0,0,31.50383345032691,54.90383345032691,25.00383345032691,111.41150035098073,2021-04-21,2021-10-15,177.0,174.0,2.1216153846153847,40.0,Подсолнечник,spring,87,0.5081264367816093,0.779,0.3973448275862069,0.7195172413793105,0.4075172413793104,6.8,3.916,202.758,706.31834,5.7,,504.0,,,14.716576086956524,1128.4399999999998,256.4,142.1,35.0,30.769,43.0
208,2022,130.0,128.21593,50.38399205572653,82.34789025946256,13,5,6,1,0,0,0,54.38025376685171,0.0,0.0,54.38025376685171,2021-08-02,2022-09-05,399.0,120.0,2.356923076923077,43.0,Пшеница яровая,spring,88,0.4519886363636363,0.738,0.3926333333333334,0.651103448275862,0.31427586206896546,6.8,3.916,202.758,706.31834,5.7,,504.0,,,17.957712418300652,1994.12,148.2,110.9,42.0,34.204,40.0
208,2023,130.0,128.21593,50.38399205572653,82.34789025946256,17,6,8,1,0,0,0,60.652307692307694,0.0,0.0,60.652307692307694,2022-08-31,2023-09-20,384.0,138.0,2.018076923076923,43.0,Пшеница яровая,spring,77,0.4454805194805195,0.592,0.33242307692307693,0.5120769230769231,0.4938,6.8,3.916,202.758,706.31834,5.7,,504.0,,,17.59457516339869,1933.4699999999998,241.60000000000002,89.8,42.0,15.494,43.0
208,2024,130.0,128.21593,50.38399205572653,82.34789025946256,13,6,5,1,0,0,0,15.96923076923077,73.45846153846153,0.0,89.4276923076923,2023-07-01,2024-09-26,453.0,153.0,2.3606153846153846,40.0,Подсолнечник,spring,83,0.523578313253012,0.765,0.4769285714285714,0.7131071428571429,0.37540740740740747,6.8,3.916,202.758,706.31834,5.7,,504.0,,,15.703804347826088,1234.36,266.7,189.4,32.0,28.781,43.0
208,2025,130.0,128.21593,50.38399205572653,82.34789025946256,19,8,9,1,0,0,0,81.59559984470154,0.0,0.0,81.59559984470154,2024-07-22,2025-10-09,444.0,157.0,3.8430769230769233,43.0,Пшеница яровая,spring,80,0.4902000000000001,0.78,0.40851851851851856,0.7165555555555555,0.3399615384615384,6.8,3.916,202.758,706.31834,5.7,,504.0,,,17.773464052287583,1958.2,549.16,310.95,24.0,30.721,40.0
209,2021,301.65,301.6502,50.38543507681797,82.40410883603022,10,2,6,1,0,0,0,42.82911362564828,80.63768505421972,32.32673267326733,155.79353135313534,2021-04-21,2021-10-24,186.0,183.0,2.268059008785016,40.0,Подсолнечник,spring,91,0.511043956043956,0.753,0.40203225806451603,0.6839333333333335,0.4507999999999999,7.042857142857143,3.5357142857142856,171.9557142857143,277.5815457142857,7.35,,437.1428571428572,,,14.716576086956524,1128.4399999999998,256.4,142.1,35.0,23.811,16.0
209,2022,301.65,301.6502,50.38543507681797,82.40410883603022,15,6,7,1,0,0,0,72.66174637802764,0.0,0.0,72.66174637802764,2021-08-02,2022-09-01,395.0,112.0,2.657417536880491,43.0,Пшеница яровая,spring,97,0.418,0.747,0.3717272727272727,0.6401875,0.24353125,7.042857142857143,3.5357142857142856,171.9557142857143,277.5815457142857,7.35,,437.1428571428572,,,17.957712418300652,1994.12,148.2,110.9,42.0,34.979,40.0
209,2023,301.65,301.6502,50.38543507681797,82.40410883603022,17,4,9,1,0,0,0,93.18430979664362,44.87656765676568,0.0,138.0608774534093,2022-07-27,2023-09-03,403.0,379.0,1.4882148184982598,44.0,Пшеница озимая,winter,97,0.4037835051546392,0.648,0.30121212121212126,0.46065625,0.4526875,7.042857142857143,3.5357142857142856,171.9557142857143,277.5815457142857,7.35,,437.1428571428572,,,15.950489130434782,1221.05,324.20000000000005,89.8,42.0,30.968,43.0
209,2024,301.65,301.6502,50.38543507681797,82.40410883603022,15,5,7,1,0,0,0,110.52436137071652,47.84,0.0,158.36436137071652,2023-06-01,2024-07-30,425.0,340.0,4.5289739764627885,44.0,Пшеница озимая,winter,85,0.4660117647058823,0.792,0.737137931034483,0.41085714285714287,0.24035714285714285,7.042857142857143,3.5357142857142856,171.9557142857143,277.5815457142857,7.35,,437.1428571428572,,,15.703804347826088,1234.36,266.7,189.4,32.0,56.417,44.0
209,2025,301.65,301.6502,50.38543507681797,82.40410883603022,13,4,7,1,0,0,0,44.0,46.0,0.0,90.0,2024-07-29,2025-10-16,444.0,182.0,2.332040444223438,40.0,Подсолнечник,spring,97,0.47586597938144326,0.759,0.367969696969697,0.7118125,0.3511875,7.042857142857143,3.5357142857142856,171.9557142857143,277.5815457142857,7.35,,437.1428571428572,,,15.06396739130435,1205.04,598.56,310.95,24.0,30.953,44.0
210,2021,247.0,245.92428,50.38689148783278,82.39474357476328,8,2,5,1,0,0,0,29.7,53.1,23.2,106.0,2021-04-21,2021-10-08,170.0,167.0,1.4783400809716598,40.0,Подсолнечник,spring,87,0.5013678160919541,0.775,0.37706896551724134,0.7227931034482759,0.4042413793103448,7.2125,3.72,230.06625,480.10587375,9.455,,423.75,,,14.716576086956524,1128.4399999999998,256.4,142.1,35.0,29.186,44.0
210,2022,247.0,245.92428,50.38689148783278,82.39474357476328,14,6,6,1,0,0,0,44.6134693877551,0.0,0.0,44.6134693877551,2021-08-02,2022-09-07,401.0,122.0,3.0655870445344133,43.0,Пшеница яровая,spring,98,0.4458775510204082,0.765,0.37257575757575756,0.6675757575757576,0.29284375,7.2125,3.72,230.06625,480.10587375,9.455,,423.75,,,17.957712418300652,1994.12,148.2,110.9,42.0,34.1,40.0
210,2023,247.0,245.92428,50.38689148783278,82.39474357476328,16,4,9,1,0,0,0,8.559183673469388,39.372244897959185,0.0,47.93142857142857,2022-07-27,2023-08-10,379.0,99.0,1.7267206477732793,24.0,Горох,spring,98,0.466061224489796,0.742,0.313,0.5493939393939394,0.53796875,7.2125,3.72,230.06625,480.10587375,9.455,,423.75,,,15.950489130434782,1221.05,324.20000000000005,89.8,42.0,16.518,43.0
210,2024,247.0,245.92428,50.38689148783278,82.39474357476328,15,3,9,1,0,0,0,111.45547384945881,43.93469387755102,0.0,155.39016772700984,2023-06-01,2024-07-27,422.0,337.0,5.519493927125506,44.0,Пшеница озимая,winter,90,0.48574444444444453,0.806,0.7481666666666666,0.4258666666666668,0.2832,7.2125,3.72,230.06625,480.10587375,9.455,,423.75,,,15.703804347826088,1234.36,266.7,189.4,32.0,57.541,24.0
210,2025,247.0,245.92428,50.38689148783278,82.39474357476328,16,7,7,1,0,0,0,44.0,46.0,0.0,90.0,2024-07-22,2025-10-18,453.0,184.0,3.192550607287449,40.0,Подсолнечник,spring,100,0.49729999999999996,0.763,0.38364705882352945,0.7139696969696969,0.3977272727272727,7.2125,3.72,230.06625,480.10587375,9.455,,423.75,,,15.06396739130435,1205.04,598.56,310.95,24.0,26.162,44.0
211,2021,93.0,92.55,50.4147461642427,82.40217837488487,8,2,5,1,0,0,0,32.1,55.5,25.6,113.19999999999999,2021-04-21,2021-10-08,170.0,167.0,2.1389247311827955,40.0,Подсолнечник,spring,83,0.49190361445783126,0.77,0.3630357142857142,0.7191071428571428,0.38992592592592595,6.245,4.8,25.325,403.5,,8.455,342.0,,,14.716576086956524,1128.4399999999998,256.4,142.1,35.0,29.907,44.0
211,2022,93.0,92.55,50.4147461642427,82.40217837488487,3,3,0,0,0,0,0,0.0,0.0,0.0,0.0,2021-10-15,2022-03-14,150.0,,,43.0,,,91,0.42031868131868144,0.719,0.3754516129032257,0.6010000000000001,0.2860000000000001,6.245,4.8,25.325,403.5,,8.455,342.0,,,17.957712418300652,1994.12,148.2,110.9,42.0,34.704,40.0
212,2021,136.0,134.83369,50.42075375796417,82.34016151551197,9,2,5,1,0,0,0,37.74796520827504,56.38585994511715,32.5707722258189,126.7045973792111,2021-04-21,2021-10-09,171.0,168.0,3.3983823529411765,40.0,Подсолнечник,spring,87,0.47841379310344817,0.79,0.34086206896551724,0.7107241379310346,0.3836551724137931,7.140000000000001,3.766,232.258,464.594502,5.536,,432.0,,,14.716576086956524,1128.4399999999998,256.4,142.1,35.0,32.197,43.0
212,2022,136.0,134.83369,50.42075375796417,82.34016151551197,15,7,6,1,0,0,0,49.19411764705883,0.0,0.0,49.19411764705883,2021-08-02,2022-09-02,396.0,117.0,3.1773529411764705,43.0,Пшеница яровая,spring,91,0.41600000000000004,0.769,0.3219677419354839,0.6553666666666668,0.2738,7.140000000000001,3.766,232.258,464.594502,5.536,,432.0,,,17.957712418300652,1994.12,148.2,110.9,42.0,30.777,40.0
212,2023,136.0,134.83369,50.42075375796417,82.34016151551197,17,4,9,1,0,0,0,58.829411764705895,0.0,0.0,58.829411764705895,2022-10-02,2023-09-17,350.0,142.0,2.9445588235294116,43.0,Пшеница яровая,spring,80,0.426675,0.62,0.2544814814814815,0.49722222222222223,0.5322307692307692,7.140000000000001,3.766,232.258,464.594502,5.536,,432.0,,,17.59457516339869,1933.4699999999998,241.60000000000002,89.8,42.0,16.78,43.0
212,2024,136.0,134.83369,50.42075375796417,82.34016151551197,14,7,5,1,0,0,0,14.0,64.4,0.0,78.4,2023-07-01,2024-09-27,454.0,154.0,1.9008823529411762,40.0,Подсолнечник,spring,87,0.4990804597701149,0.776,0.44955172413793104,0.710344827586207,0.337344827586207,7.140000000000001,3.766,232.258,464.594502,5.536,,432.0,,,15.703804347826088,1234.36,266.7,189.4,32.0,31.718,43.0
212,2025,136.0,134.83369,50.42075375796417,82.34016151551197,18,8,8,1,0,0,0,81.6,0.0,0.0,81.6,2024-07-22,2025-09-27,432.0,145.0,1.7024264705882353,43.0,Пшеница яровая,spring,87,0.4654712643678162,0.733,0.35303448275862065,0.6447931034482759,0.3985862068965518,7.140000000000001,3.766,232.258,464.594502,5.536,,432.0,,,17.773464052287583,1958.2,549.16,310.95,24.0,28.967,40.0
213,2021,14.0,16.53751,50.39439495003087,82.4009559934276,6,2,3,1,0,0,0,46.305882352941175,53.64705882352941,32.0,131.95294117647057,2021-04-21,2021-09-06,138.0,121.0,1.3155714285714286,43.0,Пшеница яровая,spring,76,0.5286447368421053,0.746,0.38749999999999996,0.6947200000000001,0.50936,7.2,3.39,148.5,272.23874,13.42,,420.0,,,16.966797385620914,1836.8200000000002,204.8,142.1,35.0,33.956,43.0
213,2022,14.0,16.53751,50.39439495003087,82.4009559934276,14,3,7,2,0,0,0,45.753697572571426,106.53197771568573,32.56222045358572,184.84789574184288,2021-10-06,2022-09-09,337.0,133.0,1.4814285714285713,40.0,Подсолнечник,spring,103,0.42102912621359223,0.75,0.46431428571428573,0.5604999999999999,0.237,7.2,3.39,148.5,272.23874,13.42,,420.0,,,15.912065217391305,1263.7199999999998,169.0,110.9,42.0,23.059,43.0
213,2023,14.0,16.53751,50.39439495003087,82.4009559934276,16,7,7,1,0,0,0,59.00000000000001,0.0,0.0,59.00000000000001,2022-07-27,2023-08-20,389.0,107.0,0.0,43.0,Пшеница яровая,spring,77,0.4461038961038961,0.612,0.3377307692307693,0.5334230769230769,0.46799999999999997,7.2,3.39,148.5,272.23874,13.42,,420.0,,,17.59457516339869,1933.4699999999998,241.60000000000002,89.8,42.0,16.769,40.0
213,2025,14.0,16.53751,50.39439495003087,82.4009559934276,13,4,7,1,0,0,0,57.79559984458572,0.0,0.0,57.79559984458572,2024-07-22,2025-09-22,427.0,144.0,1.53,3.0,Ячмень яровой,spring,90,0.49296666666666666,0.747,0.40196666666666664,0.6981333333333334,0.37879999999999997,7.2,3.39,148.5,272.23874,13.42,,420.0,,,15.06396739130435,1205.04,598.56,310.95,24.0,30.796,9.0
214,2021,9.0,10.99122,50.39509947120296,82.40013226517021,7,2,4,1,0,0,0,96.1,109.9,80.0,286.0,2021-04-21,2021-09-06,138.0,121.0,1.5857777777777777,43.0,Пшеница яровая,spring,76,0.5283552631578947,0.752,0.3856923076923077,0.70068,0.5044000000000001,7.1,3.67,236.12,399.02591,8.82,,420.0,,,16.966797385620914,1836.8200000000002,204.8,142.1,35.0,28.408,43.0
214,2022,9.0,10.99122,50.39509947120296,82.40013226517021,14,3,7,2,0,0,0,48.928300747222224,121.13515231899999,32.56222045368889,202.62567351991112,2021-10-06,2022-09-09,337.0,133.0,1.0022222222222221,40.0,Подсолнечник,spring,103,0.4188640776699029,0.751,0.45831428571428573,0.5606176470588237,0.23650000000000002,7.1,3.67,236.12,399.02591,8.82,,420.0,,,15.912065217391305,1263.7199999999998,169.0,110.9,42.0,23.271,43.0
214,2023,9.0,10.99122,50.39509947120296,82.40013226517021,16,7,7,1,0,0,0,59.00000000000001,0.0,0.0,59.00000000000001,2022-07-27,2023-08-20,389.0,107.0,0.0,43.0,Пшеница яровая,spring,77,0.442844155844156,0.599,0.33399999999999996,0.5337692307692307,0.46147999999999995,7.1,3.67,236.12,399.02591,8.82,,420.0,,,17.59457516339869,1933.4699999999998,241.60000000000002,89.8,42.0,16.104,40.0
214,2025,9.0,10.99122,50.39509947120296,82.40013226517021,13,4,7,1,0,0,0,57.79559984466667,0.0,0.0,57.79559984466667,2024-07-22,2025-09-22,427.0,144.0,1.53,3.0,Ячмень яровой,spring,90,0.4958555555555555,0.748,0.39919999999999994,0.7017666666666666,0.3865999999999999,7.1,3.67,236.12,399.02591,8.82,,420.0,,,15.06396739130435,1205.04,598.56,310.95,24.0,30.119,9.0
215,2021,79.0,78.14849,50.481633621513765,82.55476060472243,8,1,5,1,0,0,0,39.56,65.98400000000001,32.22,137.764,2021-04-21,2021-09-26,158.0,155.0,2.9865822784810128,40.0,Подсолнечник,spring,84,0.4811428571428572,0.73,0.3473571428571428,0.6775714285714286,0.41850000000000004,6.666666666666667,3.776666666666667,192.12,392.99891,12.116666666666667,,430.0,,,14.716576086956524,1128.4399999999998,256.4,142.1,35.0,26.547,43.0
215,2022,79.0,78.14849,50.481633621513765,82.55476060472243,14,5,7,1,0,0,0,65.55368306012151,0.0,0.0,65.55368306012151,2021-08-02,2022-09-01,395.0,108.0,2.858987341772152,43.0,Пшеница яровая,spring,85,0.4227176470588235,0.697,0.3992068965517241,0.5747857142857142,0.29500000000000004,6.666666666666667,3.776666666666667,192.12,392.99891,12.116666666666667,,430.0,,,17.957712418300652,1994.12,148.2,110.9,42.0,27.345,40.0
215,2023,79.0,78.14849,50.481633621513765,82.55476060472243,13,4,5,1,0,0,0,18.446075949367092,0.0,0.0,18.446075949367092,2022-07-27,2023-08-22,391.0,116.0,2.2745063291139243,3.0,Ячмень яровой,spring,79,0.46240506329113934,0.604,0.3475185185185185,0.5598461538461538,0.48426923076923073,6.666666666666667,3.776666666666667,192.12,392.99891,12.116666666666667,,430.0,,,15.950489130434782,1221.05,324.20000000000005,89.8,42.0,24.396,43.0
215,2024,79.0,78.14849,50.481633621513765,82.55476060472243,14,3,8,1,0,0,0,104.446835443038,39.1,0.0,143.546835443038,2023-06-01,2024-07-31,426.0,341.0,4.476708860759494,44.0,Пшеница озимая,winter,79,0.49011392405063303,0.747,0.6745555555555556,0.4774999999999999,0.3111923076923077,6.666666666666667,3.776666666666667,192.12,392.99891,12.116666666666667,,430.0,,,15.703804347826088,1234.36,266.7,189.4,32.0,42.056,3.0
215,2025,79.0,78.14849,50.481633621513765,82.55476060472243,15,6,7,1,0,0,0,43.99559984468101,46.0,0.0,89.99559984468101,2024-07-22,2025-09-26,431.0,151.0,3.0739240506329115,40.0,Подсолнечник,spring,87,0.5085402298850575,0.73,0.4420689655172414,0.6947241379310346,0.3888275862068966,6.666666666666667,3.776666666666667,192.12,392.99891,12.116666666666667,,430.0,,,15.06396739130435,1205.04,598.56,310.95,24.0,25.924,44.0
216,2021,37.0,37.51924,50.46224047423968,82.54079808685997,7,1,5,1,0,0,0,38.900555555555556,62.95055555555555,32.22,134.07111111111112,2021-04-21,2021-09-24,156.0,153.0,2.925945945945946,40.0,Подсолнечник,spring,81,0.5345802469135803,0.759,0.45292592592592595,0.7082592592592591,0.4425555555555556,6.4,3.71,242.68,688.96085,7.64,,540.0,,,14.716576086956524,1128.4399999999998,256.4,142.1,35.0,26.041,43.0
216,2022,37.0,37.51924,50.46224047423968,82.54079808685997,14,5,7,1,0,0,0,63.478007384470274,0.0,0.0,63.478007384470274,2021-08-02,2022-09-01,395.0,108.0,3.1270270270270273,43.0,Пшеница яровая,spring,89,0.471876404494382,0.742,0.4482333333333334,0.6406666666666666,0.3217241379310345,6.4,3.71,242.68,688.96085,7.64,,540.0,,,17.957712418300652,1994.12,148.2,110.9,42.0,39.809,40.0
216,2023,37.0,37.51924,50.46224047423968,82.54079808685997,12,3,5,1,0,0,0,18.700000000000003,0.0,0.0,18.700000000000003,2022-07-27,2023-08-22,391.0,116.0,2.696783783783784,3.0,Ячмень яровой,spring,79,0.5095189873417721,0.664,0.42622222222222217,0.6009615384615384,0.504576923076923,6.4,3.71,242.68,688.96085,7.64,,540.0,,,15.950489130434782,1221.05,324.20000000000005,89.8,42.0,25.551,43.0
216,2024,37.0,37.51924,50.46224047423968,82.54079808685997,14,3,8,1,0,0,0,91.92,38.64,0.0,130.56,2023-06-01,2024-07-31,426.0,341.0,5.342162162162162,44.0,Пшеница озимая,winter,76,0.5318026315789474,0.781,0.6886538461538461,0.55796,0.34251999999999994,6.4,3.71,242.68,688.96085,7.64,,540.0,,,15.703804347826088,1234.36,266.7,189.4,32.0,53.586,3.0
216,2025,37.0,37.51924,50.46224047423968,82.54079808685997,15,6,7,1,0,0,0,43.9955998446973,46.0,0.0,89.9955998446973,2024-07-22,2025-09-26,431.0,151.0,2.986756756756757,40.0,Подсолнечник,spring,84,0.5499047619047619,0.772,0.4933928571428572,0.7134285714285714,0.44289285714285714,6.4,3.71,242.68,688.96085,7.64,,540.0,,,15.06396739130435,1205.04,598.56,310.95,24.0,28.421,44.0
217,2021,408.0,408.48131,50.43109339579996,82.33960413919709,10,2,6,1,0,0,0,39.66849676805868,65.37776506074161,32.527033353424535,137.57329518222483,2021-04-21,2021-10-10,172.0,169.0,2.768578431372549,40.0,Подсолнечник,spring,90,0.47506666666666675,0.785,0.3102333333333333,0.7204333333333331,0.39453333333333335,6.94,3.484666666666667,201.10266666666664,313.7409,4.662000000000001,,472.0,,,14.716576086956524,1128.4399999999998,256.4,142.1,35.0,31.133,43.0
217,2022,408.0,408.48131,50.43109339579996,82.33960413919709,16,7,7,1,0,0,0,71.37189031862746,0.0,0.0,71.37189031862746,2021-08-02,2022-09-04,398.0,119.0,3.0637254901960786,43.0,Пшеница яровая,spring,91,0.40838461538461535,0.72,0.35793548387096774,0.6152333333333334,0.25366666666666665,6.94,3.484666666666667,201.10266666666664,313.7409,4.662000000000001,,472.0,,,17.957712418300652,1994.12,148.2,110.9,42.0,34.127,40.0
217,2023,408.0,408.48131,50.43109339579996,82.33960413919709,14,3,7,1,0,0,0,68.11038961038962,0.0,0.0,68.11038961038962,2022-07-27,2023-09-01,401.0,126.0,2.021480392156863,3.0,Ячмень яровой,spring,92,0.3623695652173912,0.589,0.24061290322580642,0.4976774193548387,0.3483666666666666,6.94,3.484666666666667,201.10266666666664,313.7409,4.662000000000001,,472.0,,,15.950489130434782,1221.05,324.20000000000005,89.8,42.0,16.278,43.0
217,2024,408.0,408.48131,50.43109339579996,82.33960413919709,14,6,6,1,0,0,0,44.9,50.14,0.0,95.03999999999999,2023-06-01,2024-09-28,485.0,155.0,2.9758823529411766,40.0,Подсолнечник,spring,90,0.48468888888888895,0.796,0.3736333333333333,0.7309666666666668,0.34946666666666676,6.94,3.484666666666667,201.10266666666664,313.7409,4.662000000000001,,472.0,,,15.703804347826088,1234.36,266.7,189.4,32.0,33.542,3.0
217,2025,408.0,408.48131,50.43109339579996,82.33960413919709,17,8,7,1,0,0,0,81.5955998447,0.0,0.0,81.5955998447,2024-07-22,2025-09-25,430.0,143.0,2.5629901960784314,43.0,Пшеница яровая,spring,92,0.4428369565217391,0.727,0.3417741935483872,0.655258064516129,0.32776666666666665,6.94,3.484666666666667,201.10266666666664,313.7409,4.662000000000001,,472.0,,,17.773464052287583,1958.2,549.16,310.95,24.0,27.186,40.0
218,2021,39.0,39.30376,50.39824303171275,82.31658540563066,7,1,5,1,0,0,0,40.99362936871339,72.10791508299911,32.35077222585625,145.45231667756875,2021-04-21,2021-10-19,181.0,178.0,2.12974358974359,40.0,Подсолнечник,spring,86,0.500872093023256,0.732,0.3635862068965517,0.6970344827586207,0.43989285714285714,7.2,3.87,198.74,289.9543,4.86,,390.0,,,14.716576086956524,1128.4399999999998,256.4,142.1,35.0,25.34,43.0
218,2022,39.0,39.30376,50.39824303171275,82.31658540563066,12,4,6,1,0,0,0,45.38307692307693,0.0,0.0,45.38307692307693,2021-10-14,2022-09-01,321.0,116.0,2.1723076923076925,43.0,Пшеница яровая,spring,82,0.4101463414634147,0.708,0.3319642857142857,0.6305555555555555,0.2708148148148148,7.2,3.87,198.74,289.9543,4.86,,390.0,,,17.957712418300652,1994.12,148.2,110.9,42.0,25.543,40.0
218,2023,39.0,39.30376,50.39824303171275,82.31658540563066,14,4,6,1,0,0,0,20.165128205128205,0.0,0.0,20.165128205128205,2022-07-27,2023-08-26,395.0,113.0,3.3693589743589745,3.0,Пшеница яровая,spring,85,0.4249411764705881,0.655,0.34379310344827585,0.5729285714285715,0.3609999999999999,7.2,3.87,198.74,289.9543,4.86,,390.0,,,15.950489130434782,1221.05,324.20000000000005,89.8,42.0,23.995,43.0
218,2024,39.0,39.30376,50.39824303171275,82.31658540563066,10,3,5,1,0,0,0,34.871794871794876,0.0,0.0,34.871794871794876,2023-06-01,2024-09-04,461.0,128.0,4.027153846153846,43.0,Пшеница яровая,spring,73,0.5360684931506849,0.787,0.48248,0.7516666666666666,0.3762916666666667,7.2,3.87,198.74,289.9543,4.86,,390.0,,,17.551503267973857,1926.73,242.7,189.4,32.0,34.0,3.0
218,2025,39.0,39.30376,50.39824303171275,82.31658540563066,15,6,7,1,0,0,0,81.6,0.0,0.0,81.6,2024-07-22,2025-09-25,430.0,143.0,4.112820512820513,43.0,Пшеница яровая,spring,77,0.4872207792207792,0.766,0.3743076923076923,0.7011538461538461,0.38216,7.2,3.87,198.74,289.9543,4.86,,390.0,,,17.773464052287583,1958.2,549.16,310.95,24.0,26.461,43.0
219,2021,210.0,209.86423,50.39251145179276,82.37944868952283,10,2,6,1,0,0,0,38.95077222582286,62.71077222582286,32.35077222582286,134.01231667746856,2021-04-21,2021-10-16,178.0,175.0,2.818952380952381,40.0,Подсолнечник,spring,85,0.4858235294117647,0.792,0.32037931034482753,0.7265,0.41650000000000004,6.8,3.69625,212.37625,656.214605,8.491249999999999,,446.25,,,14.716576086956524,1128.4399999999998,256.4,142.1,35.0,32.401,43.0
219,2022,210.0,209.86423,50.39251145179276,82.37944868952283,13,5,6,1,0,0,0,48.40304761904762,0.0,0.0,48.40304761904762,2021-08-02,2022-09-09,403.0,124.0,2.827547619047619,43.0,Пшеница яровая,spring,89,0.3914943820224719,0.734,0.29460000000000003,0.6330333333333334,0.2418620689655172,6.8,3.69625,212.37625,656.214605,8.491249999999999,,446.25,,,17.957712418300652,1994.12,148.2,110.9,42.0,34.281,40.0
219,2023,210.0,209.86423,50.39251145179276,82.37944868952283,21,9,7,1,0,0,0,9.04761904761905,41.61904761904762,0.0,50.66666666666667,2022-07-27,2023-10-11,441.0,166.0,2.802523809523809,40.0,Подсолнечник,spring,91,0.4107692307692307,0.716,0.22403225806451615,0.5645666666666667,0.4499333333333334,6.8,3.69625,212.37625,656.214605,8.491249999999999,,446.25,,,15.950489130434782,1221.05,324.20000000000005,89.8,42.0,26.039,43.0
219,2024,210.0,209.86423,50.39251145179276,82.37944868952283,11,5,4,1,0,0,0,0.0,0.0,0.0,0.0,2023-06-01,2024-09-08,465.0,132.0,3.6718380952380953,43.0,Пшеница яровая,spring,75,0.458,0.772,0.4046,0.6997599999999998,0.26964,6.8,3.69625,212.37625,656.214605,8.491249999999999,,446.25,,,17.551503267973857,1926.73,242.7,189.4,32.0,33.588,40.0
219,2025,210.0,209.86423,50.39251145179276,82.37944868952283,15,7,6,1,0,0,0,64.60000000000001,0.0,0.0,64.60000000000001,2024-07-22,2025-09-06,411.0,128.0,3.528095238095238,3.0,Ячмень яровой,spring,96,0.39734375000000005,0.775,0.361375,0.6239375,0.20671875,6.8,3.69625,212.37625,656.214605,8.491249999999999,,446.25,,,15.06396739130435,1205.04,598.56,310.95,24.0,38.607,43.0
220,2021,25.0,24.0006,50.40201920936597,82.33495653415235,7,1,5,1,0,0,0,37.8743016376127,57.75900751996564,32.350772225848,127.98408138342634,2021-04-21,2021-10-16,178.0,175.0,2.0263999999999998,40.0,Подсолнечник,spring,84,0.5255357142857141,0.777,0.42746428571428574,0.7113571428571428,0.4377857142857143,7.3,3.74,197.06,380.11444,6.0,,420.0,,,14.716576086956524,1128.4399999999998,256.4,142.1,35.0,25.487,43.0
220,2022,25.0,24.0006,50.40201920936597,82.33495653415235,12,4,6,1,0,0,0,47.04818181818181,0.0,0.0,47.04818181818181,2021-10-14,2022-09-01,321.0,116.0,3.4832,43.0,Пшеница яровая,spring,78,0.46857692307692317,0.777,0.37849999999999995,0.7045384615384616,0.3226923076923077,7.3,3.74,197.06,380.11444,6.0,,420.0,,,17.957712418300652,1994.12,148.2,110.9,42.0,32.34,40.0
220,2023,25.0,24.0006,50.40201920936597,82.33495653415235,13,4,5,1,0,0,0,17.0,0.0,0.0,17.0,2022-10-02,2023-08-26,328.0,120.0,3.3728800000000003,3.0,Ячмень яровой,spring,81,0.4777530864197531,0.691,0.3983333333333334,0.6282222222222222,0.4067037037037037,7.3,3.74,197.06,380.11444,6.0,,420.0,,,15.950489130434782,1221.05,324.20000000000005,89.8,42.0,25.408,43.0
220,2024,25.0,24.0006,50.40201920936597,82.33495653415235,10,3,5,1,0,0,0,27.200000000000003,0.0,0.0,27.200000000000003,2023-06-01,2024-09-04,461.0,128.0,3.12756,43.0,Пшеница яровая,spring,73,0.540958904109589,0.8,0.5047600000000001,0.7304166666666667,0.3892083333333333,7.3,3.74,197.06,380.11444,6.0,,420.0,,,17.551503267973857,1926.73,242.7,189.4,32.0,39.769,3.0
220,2025,25.0,24.0006,50.40201920936597,82.33495653415235,15,6,7,1,0,0,0,81.6,0.0,0.0,81.6,2024-07-22,2025-09-26,431.0,144.0,3.3072000000000004,43.0,Пшеница яровая,spring,74,0.5034459459459459,0.788,0.40344,0.6934,0.40975,7.3,3.74,197.06,380.11444,6.0,,420.0,,,17.773464052287583,1958.2,549.16,310.95,24.0,36.214,43.0
221,2021,8.0,8.18,50.45758769417813,82.53181450973824,6,1,4,1,0,0,0,0.22,0.22,0.22,0.66,2021-04-21,2021-09-24,156.0,153.0,1.7475,40.0,Подсолнечник,spring,81,0.5430246913580247,0.754,0.45888888888888885,0.710037037037037,0.46014814814814814,,,,,,,,,,14.716576086956524,1128.4399999999998,256.4,142.1,35.0,27.167,43.0
221,2022,8.0,8.18,50.45758769417813,82.53181450973824,4,4,0,0,0,0,0,0.0,0.0,0.0,0.0,2021-08-02,2022-03-14,224.0,,,43.0,,,89,0.5010224719101124,0.746,0.4806,0.6675333333333332,0.349896551724138,,,,,,,,,,17.957712418300652,1994.12,148.2,110.9,42.0,41.328,40.0
222,2021,62.0,62.12991,50.43115826493252,82.3109971881627,8,1,5,1,0,0,0,37.82983606557377,58.025245901639344,32.22,128.07508196721312,2021-04-21,2021-09-26,158.0,155.0,2.9396774193548385,40.0,Подсолнечник,spring,85,0.4782235294117647,0.773,0.34468965517241384,0.6931428571428572,0.40160714285714283,6.9,3.725,206.315,278.80506,4.845,,420.0,,,14.716576086956524,1128.4399999999998,256.4,142.1,35.0,27.129,43.0
222,2022,62.0,62.12991,50.43115826493252,82.3109971881627,14,6,6,1,0,0,0,48.425683060100006,0.0,0.0,48.425683060100006,2021-10-14,2022-09-01,321.0,115.0,3.2700483870967743,43.0,Пшеница яровая,spring,84,0.43997619047619047,0.771,0.3658571428571428,0.6699285714285715,0.28414285714285714,6.9,3.725,206.315,278.80506,4.845,,420.0,,,17.957712418300652,1994.12,148.2,110.9,42.0,34.904,40.0
222,2023,62.0,62.12991,50.43115826493252,82.3109971881627,14,4,6,1,0,0,0,20.2,0.0,0.0,20.2,2022-07-27,2023-08-25,394.0,112.0,4.5005,3.0,Пшеница яровая,spring,85,0.39476470588235285,0.617,0.31258620689655175,0.5524642857142856,0.32217857142857137,6.9,3.725,206.315,278.80506,4.845,,420.0,,,15.950489130434782,1221.05,324.20000000000005,89.8,42.0,20.631,43.0
222,2024,62.0,62.12991,50.43115826493252,82.3109971881627,10,3,5,1,0,0,0,32.903225806451616,0.0,0.0,32.903225806451616,2023-06-01,2024-09-03,460.0,127.0,3.6562580645161287,43.0,Пшеница яровая,spring,74,0.5092837837837838,0.822,0.4646,0.7418399999999999,0.3135833333333333,6.9,3.725,206.315,278.80506,4.845,,420.0,,,17.551503267973857,1926.73,242.7,189.4,32.0,42.83,3.0
222,2025,62.0,62.12991,50.43115826493252,82.3109971881627,15,6,7,1,0,0,0,43.99559984470323,46.0,0.0,89.99559984470324,2024-07-28,2025-10-18,446.0,176.0,2.972258064516129,40.0,Подсолнечник,spring,95,0.46663157894736845,0.754,0.34981249999999997,0.6879375000000001,0.3587741935483871,6.9,3.725,206.315,278.80506,4.845,,420.0,,,15.06396739130435,1205.04,598.56,310.95,24.0,29.642,43.0
223,2021,70.0,70.93112,50.43672170185941,82.32653521086154,8,1,5,1,0,0,0,38.62952380952381,61.703809523809525,32.22,132.55333333333334,2021-04-21,2021-09-27,159.0,156.0,2.8625714285714285,40.0,Подсолнечник,spring,84,0.4638452380952381,0.789,0.32921428571428574,0.69375,0.3685714285714286,6.433333333333334,3.6633333333333336,175.33333333333334,560.82853,6.72,,430.0,,,14.716576086956524,1128.4399999999998,256.4,142.1,35.0,26.7,43.0
223,2022,70.0,70.93112,50.43672170185941,82.32653521086154,14,6,6,1,0,0,0,48.425683060100006,0.0,0.0,48.425683060100006,2021-10-14,2022-09-01,321.0,116.0,3.2311428571428573,43.0,Пшеница яровая,spring,85,0.4111411764705883,0.734,0.34141379310344827,0.6195714285714287,0.2749285714285714,6.433333333333334,3.6633333333333336,175.33333333333334,560.82853,6.72,,430.0,,,17.957712418300652,1994.12,148.2,110.9,42.0,28.408,40.0
223,2023,70.0,70.93112,50.43672170185941,82.32653521086154,14,4,6,1,0,0,0,21.900000000000002,0.0,0.0,21.900000000000002,2022-07-27,2023-08-30,399.0,117.0,2.3584285714285715,3.0,Пшеница яровая,spring,87,0.3853793103448275,0.607,0.2756896551724138,0.5462413793103448,0.33420689655172414,6.433333333333334,3.6633333333333336,175.33333333333334,560.82853,6.72,,430.0,,,15.950489130434782,1221.05,324.20000000000005,89.8,42.0,19.374,43.0
223,2024,70.0,70.93112,50.43672170185941,82.32653521086154,10,3,5,1,0,0,0,22.66666666666667,0.0,0.0,22.66666666666667,2023-06-01,2024-08-30,456.0,123.0,3.350857142857143,43.0,Пшеница яровая,spring,77,0.48470129870129874,0.775,0.42057692307692307,0.7090384615384616,0.31808,6.433333333333334,3.6633333333333336,175.33333333333334,560.82853,6.72,,430.0,,,17.551503267973857,1926.73,242.7,189.4,32.0,42.385,3.0
223,2025,70.0,70.93112,50.43672170185941,82.32653521086154,15,6,7,1,0,0,0,43.99559984468286,46.0,0.0,89.99559984468286,2024-07-28,2025-10-18,446.0,176.0,3.305142857142857,40.0,Подсолнечник,spring,99,0.4782626262626263,0.754,0.36954545454545457,0.7072424242424243,0.35800000000000004,6.433333333333334,3.6633333333333336,175.33333333333334,560.82853,6.72,,430.0,,,15.06396739130435,1205.04,598.56,310.95,24.0,27.165,43.0
224,2021,104.0,106.08424,50.46114160184362,82.52865210168042,8,1,5,1,0,0,0,37.57,56.83,32.22,126.62,2021-04-21,2021-09-25,157.0,154.0,2.0925000000000002,40.0,Подсолнечник,spring,86,0.4900116279069767,0.75,0.37344827586206897,0.682103448275862,0.41178571428571425,6.5,3.808,191.728,598.903534,18.618,,516.0,,,14.716576086956524,1128.4399999999998,256.4,142.1,35.0,24.671,43.0
224,2022,104.0,106.08424,50.46114160184362,82.52865210168042,14,4,7,1,0,0,0,60.7536830601,0.0,0.0,60.7536830601,2021-08-02,2022-09-01,395.0,109.0,3.079423076923077,43.0,Пшеница яровая,spring,88,0.4450568181818182,0.72,0.4054,0.6268965517241379,0.3042413793103448,6.5,3.808,191.728,598.903534,18.618,,516.0,,,17.957712418300652,1994.12,148.2,110.9,42.0,33.052,40.0
224,2023,104.0,106.08424,50.46114160184362,82.52865210168042,12,3,5,1,0,0,0,18.700000000000003,0.0,0.0,18.700000000000003,2022-07-27,2023-08-23,392.0,117.0,2.481451923076923,3.0,Ячмень яровой,spring,81,0.4711975308641976,0.606,0.35755555555555557,0.5578888888888889,0.498148148148148,6.5,3.808,191.728,598.903534,18.618,,516.0,,,15.950489130434782,1221.05,324.20000000000005,89.8,42.0,22.415,43.0
224,2024,104.0,106.08424,50.46114160184362,82.52865210168042,14,3,8,1,0,0,0,89.44461538461539,39.1,0.0,128.54461538461538,2023-06-01,2024-08-01,427.0,342.0,5.0582692307692305,44.0,Пшеница озимая,winter,81,0.512641975308642,0.803,0.7020740740740742,0.5019259259259259,0.3339259259259259,6.5,3.808,191.728,598.903534,18.618,,516.0,,,15.703804347826088,1234.36,266.7,189.4,32.0,49.363,3.0
224,2025,104.0,106.08424,50.46114160184362,82.52865210168042,15,6,7,1,0,0,0,43.99559984468847,46.0,0.0,89.99559984468847,2024-07-22,2025-09-28,433.0,153.0,3.0742307692307693,40.0,Подсолнечник,spring,86,0.5246976744186046,0.735,0.4348620689655172,0.700448275862069,0.43571428571428583,6.5,3.808,191.728,598.903534,18.618,,516.0,,,15.06396739130435,1205.04,598.56,310.95,24.0,29.077,44.0
225,2021,4.0,4.03,50.47385202982792,82.52928083059038,7,1,4,1,0,0,0,0.22,0.22,0.22,0.66,2021-04-21,2021-09-25,157.0,154.0,1.85,40.0,Подсолнечник,spring,85,0.5732705882352941,0.715,0.5563448275862067,0.6838214285714284,0.48025,,,,,,,,,,14.716576086956524,1128.4399999999998,256.4,142.1,35.0,21.724,43.0
225,2022,4.0,4.03,50.47385202982792,82.52928083059038,3,3,0,0,0,0,0,0.0,0.0,0.0,0.0,2021-08-01,2022-03-14,224.0,,,43.0,,,84,0.5149999999999999,0.72,0.539,0.6534642857142856,0.35253571428571434,,,,,,,,,,17.957712418300652,1994.12,148.2,110.9,42.0,45.8,40.0
226,2021,40.0,41.00801,50.43749405831015,82.51870244982703,9,1,6,1,0,0,0,37.570772225815,55.570772225815,32.570772225815,125.71231667744499,2021-04-21,2021-09-26,158.0,155.0,2.4555,40.0,Подсолнечник,spring,86,0.5006511627906978,0.763,0.3834137931034483,0.7003103448275863,0.4152857142857143,7.2,3.79,218.81,806.48818,8.56,,420.0,,,14.716576086956524,1128.4399999999998,256.4,142.1,35.0,27.516,43.0
226,2022,40.0,41.00801,50.43749405831015,82.51870244982703,14,4,8,1,0,0,0,67.5005,14.3175,0.0,81.818,2021-08-02,2022-09-01,395.0,109.0,1.6934999999999998,43.0,Пшеница яровая,spring,87,0.4511379310344827,0.744,0.41375862068965524,0.6408620689655172,0.2987931034482759,7.2,3.79,218.81,806.48818,8.56,,420.0,,,17.957712418300652,1994.12,148.2,110.9,42.0,29.26,40.0
226,2023,40.0,41.00801,50.43749405831015,82.51870244982703,12,3,5,1,0,0,0,19.266666666666666,0.0,0.0,19.266666666666666,2022-07-27,2023-08-24,393.0,118.0,1.1793749999999998,3.0,Ячмень яровой,spring,80,0.444225,0.584,0.3307407407407407,0.5421851851851852,0.4603461538461539,7.2,3.79,218.81,806.48818,8.56,,420.0,,,15.950489130434782,1221.05,324.20000000000005,89.8,42.0,21.623,43.0
226,2024,40.0,41.00801,50.43749405831015,82.51870244982703,14,4,8,1,0,0,0,93.25,50.6,0.0,143.85,2023-06-01,2024-08-02,428.0,343.0,4.9315,44.0,Пшеница озимая,winter,81,0.48296296296296304,0.789,0.6810370370370371,0.4893333333333334,0.2785185185185185,7.2,3.79,218.81,806.48818,8.56,,420.0,,,15.703804347826088,1234.36,266.7,189.4,32.0,45.445,3.0
226,2025,40.0,41.00801,50.43749405831015,82.51870244982703,15,6,7,1,0,0,0,44.0,46.0,0.0,90.0,2024-07-22,2025-09-28,433.0,153.0,3.0420000000000003,40.0,Подсолнечник,spring,93,0.5076774193548388,0.741,0.43332258064516127,0.7016451612903227,0.3880645161290323,7.2,3.79,218.81,806.48818,8.56,,420.0,,,15.06396739130435,1205.04,598.56,310.95,24.0,32.845,44.0
227,2021,346.0,348.50924,50.36781042737898,82.46565328214737,7,1,5,1,0,0,0,50.896989142857144,0.0,0.0,50.896989142857144,2020-08-31,2021-08-02,335.0,335.0,2.8346242774566472,44.0,Пшеница озимая,winter,95,0.4530105263157895,0.719,0.5515,0.5192187500000001,0.28300000000000003,6.953846153846154,3.8015384615384615,195.04846153846157,763.0697146153847,10.056153846153848,,475.38461538461536,,,15.228478260869565,1186.8200000000002,232.89999999999998,111.6,38.0,35.711,44.0
227,2022,346.0,348.50924,50.36781042737898,82.46565328214737,13,6,6,1,0,0,0,50.25895953757226,59.800000000000004,0.0,110.05895953757226,2021-08-02,2022-08-15,378.0,355.0,2.217514450867052,44.0,Пшеница озимая,winter,110,0.38353636363636356,0.695,0.4689459459459459,0.46467567567567564,0.2123611111111111,6.953846153846154,3.8015384615384615,195.04846153846157,763.0697146153847,10.056153846153848,,475.38461538461536,,,16.310543478260872,1320.27,173.8,103.0,40.0,32.383,44.0
227,2023,346.0,348.50924,50.36781042737898,82.46565328214737,19,7,8,1,0,0,0,13.891600317864548,48.10057803468209,0.0,61.99217835254663,2022-07-27,2023-10-09,439.0,164.0,2.6015895953757227,40.0,Подсолнечник,spring,93,0.4355268817204301,0.746,0.2454516129032258,0.6015483870967743,0.45958064516129044,6.953846153846154,3.8015384615384615,195.04846153846157,763.0697146153847,10.056153846153848,,475.38461538461536,,,16.64608695652174,1328.4899999999998,341.80000000000007,79.4,39.0,25.029,44.0
227,2024,346.0,348.50924,50.36781042737898,82.46565328214737,15,6,6,1,0,0,0,23.8,0.0,0.0,23.8,2023-06-01,2024-08-16,442.0,109.0,3.007739884393064,3.0,Ячмень яровой,spring,89,0.4567415730337078,0.754,0.541,0.5597,0.26306896551724135,6.953846153846154,3.8015384615384615,195.04846153846157,763.0697146153847,10.056153846153848,,475.38461538461536,,,16.378749999999997,1339.2,314.6,211.9,39.0,35.776,40.0
227,2025,346.0,348.50924,50.36781042737898,82.46565328214737,18,4,12,1,0,0,0,0.05272254335260115,0.0,0.0,0.05272254335260115,2024-08-01,2025-08-28,392.0,124.0,1.5521965317919073,24.0,Горох,spring,98,0.45453061224489794,0.784,0.4542424242424242,0.6731515151515151,0.229375,6.953846153846154,3.8015384615384615,195.04846153846157,763.0697146153847,10.056153846153848,,475.38461538461536,,,15.885597826086956,1322.15,792.1400000000001,367.55,33.0,28.22,3.0
228,2021,59.0,55.06353,50.50213709474497,82.49442911808288,6,0,5,1,0,0,0,52.15369295463729,0.0,0.0,52.15369295463729,2020-08-31,2021-08-04,337.0,337.0,2.4169491525423727,44.0,Пшеница озимая,winter,83,0.4572771084337349,0.72,0.5345,0.5429642857142858,0.28833333333333333,6.699999999999999,3.515,179.82,438.82045,7.755,,420.0,,,14.716576086956524,1128.4399999999998,256.4,142.1,35.0,37.058,44.0
228,2022,59.0,55.06353,50.50213709474497,82.49442911808288,12,6,4,1,0,0,0,16.8135593220339,0.0,0.0,16.8135593220339,2021-08-02,2022-08-16,379.0,155.0,4.564745762711865,43.0,Пшеница яровая,spring,85,0.41691764705882356,0.712,0.39455172413793094,0.5823928571428573,0.2746071428571429,6.699999999999999,3.515,179.82,438.82045,7.755,,420.0,,,17.957712418300652,1994.12,148.2,110.9,42.0,32.991,44.0
228,2023,59.0,55.06353,50.50213709474497,82.49442911808288,14,4,7,1,0,0,0,86.0,46.0,0.0,132.0,2022-07-27,2023-08-10,379.0,355.0,1.5016949152542372,44.0,Пшеница озимая,winter,79,0.38822784810126587,0.551,0.35900000000000004,0.4676153846153846,0.33919230769230774,6.699999999999999,3.515,179.82,438.82045,7.755,,420.0,,,15.950489130434782,1221.05,324.20000000000005,89.8,42.0,22.995,43.0
228,2024,59.0,55.06353,50.50213709474497,82.49442911808288,15,8,5,1,0,0,0,10.16949152542373,46.779661016949156,0.0,56.949152542372886,2023-06-01,2024-09-20,477.0,147.0,3.0528813559322034,40.0,Подсолнечник,spring,75,0.5260533333333335,0.769,0.43672000000000005,0.72148,0.41995999999999994,6.699999999999999,3.515,179.82,438.82045,7.755,,420.0,,,15.703804347826088,1234.36,266.7,189.4,32.0,26.042,44.0
228,2025,59.0,55.06353,50.50213709474497,82.49442911808288,17,7,8,1,0,0,0,57.795599844705094,0.0,0.0,57.795599844705094,2024-07-22,2025-09-16,421.0,138.0,3.004576271186441,43.0,Пшеница яровая,spring,75,0.4782666666666666,0.748,0.37524,0.70852,0.35104,6.699999999999999,3.515,179.82,438.82045,7.755,,420.0,,,17.773464052287583,1958.2,549.16,310.95,24.0,35.23,40.0
229,2021,12.0,9.82891,50.49670700387077,82.49180236083876,6,0,5,1,0,0,0,54.431659056363635,0.0,0.0,54.431659056363635,2020-08-31,2021-08-04,337.0,337.0,2.9450000000000003,44.0,Пшеница озимая,winter,83,0.42812048192771085,0.639,0.44842857142857134,0.5323928571428572,0.29892592592592593,6.4,2.36,225.3,220.85171,12.11,,480.0,,,14.716576086956524,1128.4399999999998,256.4,142.1,35.0,24.469,44.0
229,2022,12.0,9.82891,50.49670700387077,82.49180236083876,12,6,4,1,0,0,0,14.350000000000001,0.0,0.0,14.350000000000001,2021-08-02,2022-08-16,379.0,155.0,2.841666666666667,43.0,Пшеница яровая,spring,82,0.4103292682926829,0.648,0.36253571428571435,0.5515925925925925,0.3186296296296296,6.4,2.36,225.3,220.85171,12.11,,480.0,,,17.957712418300652,1994.12,148.2,110.9,42.0,26.656,44.0
229,2023,12.0,9.82891,50.49670700387077,82.49180236083876,14,4,7,1,0,0,0,86.0,46.0,0.0,132.0,2022-07-27,2023-08-10,379.0,355.0,3.4433333333333334,44.0,Пшеница озимая,winter,78,0.3872820512820513,0.568,0.3234230769230769,0.5273076923076924,0.31111538461538457,6.4,2.36,225.3,220.85171,12.11,,480.0,,,15.950489130434782,1221.05,324.20000000000005,89.8,42.0,20.76,43.0
229,2024,12.0,9.82891,50.49670700387077,82.49180236083876,15,8,5,1,0,0,0,10.0,46.0,0.0,56.0,2023-06-01,2024-09-20,477.0,147.0,3.2544166666666663,40.0,Подсолнечник,spring,79,0.48915189873417725,0.676,0.43018518518518517,0.6381153846153846,0.4014230769230769,6.4,2.36,225.3,220.85171,12.11,,480.0,,,15.703804347826088,1234.36,266.7,189.4,32.0,20.838,44.0
229,2025,12.0,9.82891,50.49670700387077,82.49180236083876,16,7,7,1,0,0,0,57.79559984466667,0.0,0.0,57.79559984466667,2024-07-21,2025-09-16,421.0,138.0,3.5050000000000003,43.0,Пшеница яровая,spring,75,0.47117333333333333,0.708,0.38212,0.66732,0.36408,6.4,2.36,225.3,220.85171,12.11,,480.0,,,17.773464052287583,1958.2,549.16,310.95,24.0,31.488,40.0
230,2021,223.0,222.45567,50.395122511500006,82.3635248892731,7,0,6,1,0,0,0,51.91685473975414,0.0,0.0,51.91685473975414,2020-08-31,2021-09-06,370.0,370.0,2.123766816143498,44.0,Пшеница озимая,winter,89,0.4440898876404494,0.724,0.4386,0.615,0.2729655172413793,7.1000000000000005,3.73,184.71,792.107215,3.6633333333333336,,445.0,,,14.716576086956524,1128.4399999999998,256.4,142.1,35.0,31.34,21.0
230,2022,223.0,222.45567,50.395122511500006,82.3635248892731,14,5,7,1,0,0,0,28.224972396452916,104.51182396827535,32.447780991761434,165.18457735648968,2021-08-01,2022-10-03,427.0,151.0,3.257219730941704,40.0,Подсолнечник,spring,111,0.44572072072072066,0.75,0.38337837837837835,0.6751891891891891,0.2785945945945946,7.1000000000000005,3.73,184.71,792.107215,3.6633333333333336,,445.0,,,15.912065217391305,1263.7199999999998,169.0,110.9,42.0,31.92,44.0
230,2023,223.0,222.45567,50.395122511500006,82.3635248892731,17,5,10,1,0,0,0,65.54610338287146,32.2975799223185,0.0,97.84368330518996,2022-07-27,2023-09-20,420.0,138.0,0.9786995515695067,43.0,Пшеница яровая,spring,80,0.39777500000000005,0.598,0.2534444444444444,0.45292592592592595,0.49038461538461536,7.1000000000000005,3.73,184.71,792.107215,3.6633333333333336,,445.0,,,17.59457516339869,1933.4699999999998,241.60000000000002,89.8,42.0,15.378,40.0
230,2024,223.0,222.45567,50.395122511500006,82.3635248892731,12,5,5,1,0,0,0,18.01121076233184,82.85156950672646,0.0,100.8627802690583,2023-07-01,2024-09-23,450.0,150.0,3.2521793721973093,40.0,Подсолнечник,spring,91,0.5047692307692307,0.797,0.4649354838709677,0.7256333333333334,0.3250666666666667,7.1000000000000005,3.73,184.71,792.107215,3.6633333333333336,,445.0,,,15.703804347826088,1234.36,266.7,189.4,32.0,31.278,43.0
230,2025,223.0,222.45567,50.395122511500006,82.3635248892731,17,7,8,1,0,0,0,81.59559984470225,0.0,0.0,81.59559984470225,2024-07-22,2025-10-07,442.0,155.0,3.6687443946188343,43.0,Пшеница яровая,spring,86,0.4481162790697675,0.784,0.35365517241379313,0.7018620689655171,0.2831428571428571,7.1000000000000005,3.73,184.71,792.107215,3.6633333333333336,,445.0,,,17.773464052287583,1958.2,549.16,310.95,24.0,29.788,40.0
231,2021,235.0,231.50464,50.39724834002202,82.47347011020577,8,1,6,1,0,0,0,50.25404687639248,0.0,0.0,50.25404687639248,2020-08-31,2021-08-06,339.0,339.0,3.5069787234042553,44.0,Пшеница озимая,winter,92,0.44036956521739123,0.712,0.5377741935483871,0.5273548387096775,0.2498333333333333,7.2625,3.685,204.0575,646.09227125,9.26,,453.75,,,14.716576086956524,1128.4399999999998,256.4,142.1,35.0,34.016,21.0
231,2022,235.0,231.50464,50.39724834002202,82.47347011020577,12,4,6,1,0,0,0,40.42127659574468,23.0,0.0,63.42127659574468,2021-08-02,2022-08-15,378.0,355.0,1.5712340425531914,44.0,Пшеница озимая,winter,107,0.3549345794392523,0.635,0.4524722222222223,0.41825,0.1894857142857143,7.2625,3.685,204.0575,646.09227125,9.26,,453.75,,,15.912065217391305,1263.7199999999998,169.0,110.9,42.0,22.88,44.0
231,2023,235.0,231.50464,50.39724834002202,82.47347011020577,18,7,7,1,0,0,0,9.554468085106382,43.88595744680851,0.0,53.4404255319149,2022-07-27,2023-10-04,434.0,159.0,2.2995063829787235,40.0,Подсолнечник,spring,93,0.4234838709677419,0.658,0.27583870967741936,0.5388709677419355,0.45574193548387093,7.2625,3.685,204.0575,646.09227125,9.26,,453.75,,,15.950489130434782,1221.05,324.20000000000005,89.8,42.0,22.106,44.0
231,2024,235.0,231.50464,50.39724834002202,82.47347011020577,14,5,7,1,0,0,0,35.11737089201878,0.0,0.0,35.11737089201878,2023-06-01,2024-09-09,466.0,133.0,3.8063829787234043,43.0,Пшеница яровая,spring,78,0.48079487179487185,0.79,0.4870769230769231,0.6845769230769232,0.2707307692307693,7.2625,3.685,204.0575,646.09227125,9.26,,453.75,,,17.551503267973857,1926.73,242.7,189.4,32.0,36.423,40.0
231,2025,235.0,231.50464,50.39724834002202,82.47347011020577,18,5,11,1,0,0,0,0.054000000000000006,0.0,0.0,0.054000000000000006,2024-07-22,2025-08-24,398.0,120.0,1.3324255319148937,24.0,Горох,spring,97,0.45618556701030943,0.772,0.41987878787878785,0.7165937499999999,0.23321875,7.2625,3.685,204.0575,646.09227125,9.26,,453.75,,,15.06396739130435,1205.04,598.56,310.95,24.0,24.7,43.0
232,2021,296.0,296.88138,50.39798984192721,82.45765463681025,8,1,6,1,0,0,0,45.556095030797024,0.0,0.0,45.556095030797024,2020-08-31,2021-08-09,342.0,342.0,3.2479729729729727,44.0,Пшеница озимая,winter,92,0.4520108695652173,0.736,0.5127419354838709,0.5744516129032257,0.2627333333333334,6.609090909090909,3.7290909090909095,211.9754545454545,649.4797309090909,7.533636363636364,,452.7272727272728,,,14.716576086956524,1128.4399999999998,256.4,142.1,35.0,29.818,21.0
232,2022,296.0,296.88138,50.39798984192721,82.45765463681025,14,5,7,1,0,0,0,42.171621621621625,23.0,0.0,65.17162162162163,2021-08-02,2022-08-13,376.0,353.0,1.847837837837838,44.0,Пшеница озимая,winter,109,0.3356330275229357,0.595,0.4152162162162162,0.39075,0.1987222222222222,6.609090909090909,3.7290909090909095,211.9754545454545,649.4797309090909,7.533636363636364,,452.7272727272728,,,15.912065217391305,1263.7199999999998,169.0,110.9,42.0,18.508,44.0
232,2023,296.0,296.88138,50.39798984192721,82.45765463681025,18,7,7,1,0,0,0,10.00722972972973,45.968918918918924,0.0,55.97614864864865,2022-07-27,2023-10-05,435.0,160.0,2.6881993243243243,40.0,Подсолнечник,spring,94,0.42265957446808505,0.707,0.2588125,0.5670322580645161,0.44741935483870965,6.609090909090909,3.7290909090909095,211.9754545454545,649.4797309090909,7.533636363636364,,452.7272727272728,,,15.950489130434782,1221.05,324.20000000000005,89.8,42.0,23.085,44.0
232,2024,296.0,296.88138,50.39798984192721,82.45765463681025,14,6,6,1,0,0,0,34.45945945945946,0.0,0.0,34.45945945945946,2023-06-01,2024-09-13,470.0,137.0,3.330304054054054,43.0,Пшеница яровая,spring,80,0.4676625,0.786,0.4367407407407407,0.6887407407407408,0.2701923076923077,6.609090909090909,3.7290909090909095,211.9754545454545,649.4797309090909,7.533636363636364,,452.7272727272728,,,17.551503267973857,1926.73,242.7,189.4,32.0,41.416,40.0
232,2025,296.0,296.88138,50.39798984192721,82.45765463681025,18,5,11,1,0,0,0,34.02,0.0,0.0,34.02,2024-07-22,2025-08-27,401.0,123.0,1.8102027027027028,24.0,Горох,spring,96,0.44616666666666666,0.784,0.40003125,0.7053437499999999,0.233125,6.609090909090909,3.7290909090909095,211.9754545454545,649.4797309090909,7.533636363636364,,452.7272727272728,,,15.06396739130435,1205.04,598.56,310.95,24.0,24.7,43.0
233,2021,39.0,38.82,50.44722681775452,82.51143174867202,7,0,6,1,0,0,0,51.10801619433199,0.0,0.0,51.10801619433199,2020-08-31,2021-08-30,363.0,363.0,3.6453846153846152,44.0,Пшеница озимая,winter,88,0.47564772727272736,0.701,0.5257000000000001,0.5962068965517241,0.3033103448275863,6.7,3.57,211.75,698.55237,6.06,,510.0,,,14.716576086956524,1128.4399999999998,256.4,142.1,35.0,34.056,43.0
233,2022,39.0,38.82,50.44722681775452,82.51143174867202,6,2,3,1,0,0,0,10.635897435897437,0.0,0.0,10.635897435897437,2021-08-01,2022-08-17,380.0,103.0,4.4169230769230765,46.0,Искусственный сенокос,spring,0,,,,,,6.7,3.57,211.75,698.55237,6.06,,510.0,,,15.912065217391305,1263.7199999999998,169.0,110.9,42.0,44.169231,44.0
234,2021,35.0,36.18,50.4850059296264,82.525315141417,5,0,4,1,0,0,0,18.102857142857143,0.0,0.0,18.102857142857143,2020-08-31,2021-08-05,338.0,338.0,5.389142857142858,44.0,Пшеница озимая,winter,85,0.5335764705882352,0.726,0.5431724137931034,0.6180357142857144,0.4391785714285715,6.5,3.73,181.31,492.74302,14.32,,480.0,,,14.716576086956524,1128.4399999999998,256.4,142.1,35.0,38.293,9.0
234,2022,35.0,36.18,50.4850059296264,82.525315141417,11,4,5,1,0,0,0,31.22857142857143,0.0,0.0,31.22857142857143,2021-08-01,2022-08-17,380.0,156.0,3.975428571428571,43.0,Пшеница яровая,spring,87,0.44709195402298857,0.7,0.46489655172413796,0.5960344827586207,0.2803448275862069,6.5,3.73,181.31,492.74302,14.32,,480.0,,,17.957712418300652,1994.12,148.2,110.9,42.0,35.318,44.0
234,2023,35.0,36.18,50.4850059296264,82.525315141417,13,4,6,1,0,0,0,86.0,46.0,0.0,132.0,2022-07-27,2023-09-08,408.0,384.0,1.7062857142857142,44.0,Пшеница озимая,winter,75,0.4942666666666667,0.652,0.4108,0.57312,0.49888,6.5,3.73,181.31,492.74302,14.32,,480.0,,,15.950489130434782,1221.05,324.20000000000005,89.8,42.0,24.153,43.0
234,2024,35.0,36.18,50.4850059296264,82.525315141417,13,6,5,1,0,0,0,10.9,50.14,0.0,61.04,2023-07-01,2024-09-21,448.0,148.0,3.295057142857143,40.0,Подсолнечник,spring,74,0.572945945945946,0.752,0.61448,0.6972,0.40024999999999994,6.5,3.73,181.31,492.74302,14.32,,480.0,,,15.703804347826088,1234.36,266.7,189.4,32.0,26.562,44.0
234,2025,35.0,36.18,50.4850059296264,82.525315141417,16,7,7,1,0,0,0,57.79559984473143,0.0,0.0,57.79559984473143,2024-07-21,2025-09-08,413.0,130.0,4.494857142857143,62.0,Пшеница яровая,spring,82,0.5409146341463416,0.775,0.5384999999999999,0.7263703703703703,0.3579629629629629,6.5,3.73,181.31,492.74302,14.32,,480.0,,,15.06396739130435,1205.04,598.56,310.95,24.0,44.593,40.0
