field_id,year,yield_t_ha
195,2010,17.763
195,2011,16.394
195,2012,20.692
195,2013,19.425
195,2014,27.474
195,2015,8.484
195,2016,23.569
195,2017,16.511
195,2018,29.441
195,2019,29.511
195,2020,14.514
195,2021,35.18
195,2022,24.872
195,2023,18.031
195,2024,33.274
195,2025,28.708
197,2010,22.141
197,2011,21.288
197,2012,15.663
197,2013,16.961
197,2014,22.187
197,2015,20.006
197,2016,24.004
197,2017,18.136
197,2018,30.602
197,2019,33.518
197,2020,15.651
197,2021,37.068
197,2022,32.342
197,2023,21.737
197,2024,32.481
197,2025,31.238
207,2010,21.087
207,2011,17.486
207,2012,20.149
207,2013,22.497
207,2014,22.424
207,2015,17.668
207,2016,19.816
207,2017,15.516
207,2018,22.995
207,2019,27.728
207,2020,11.702
207,2021,31.641
207,2022,29.544
207,2023,21.542
207,2024,30.323
207,2025,34.044
208,2010,24.501
208,2011,23.01
208,2012,20.003
208,2013,27.517
208,2014,29.195
208,2015,14.288
208,2016,21.872
208,2017,20.779
208,2018,16.354
208,2019,21.162
208,2020,13.906
208,2021,30.769
208,2022,34.204
208,2023,15.494
208,2024,28.781
208,2025,30.721
209,2010,20.058
209,2011,21.288
209,2012,21.412
209,2013,17.872
209,2014,27.874
209,2015,19.986
209,2016,25.161
209,2017,31.563
209,2018,23.351
209,2019,14.083
209,2020,28.142
209,2021,23.811
209,2022,34.979
209,2023,30.968
209,2024,56.417
209,2025,30.953
210,2010,24.812
210,2011,23.706
210,2012,18.137
210,2013,19.414
210,2014,29.256
210,2015,24.408
210,2016,28.707
210,2017,24.049
210,2018,17.359
210,2019,24.037
210,2020,21.218
210,2021,29.186
210,2022,34.1
210,2023,16.518
210,2024,57.541
210,2025,26.162
211,2017,18.834
211,2019,23.18
211,2020,24.044
211,2021,29.907
211,2022,34.704
212,2010,25.729
212,2011,21.887
212,2012,24.481
212,2013,21.99
212,2014,24.5
212,2015,16.854
212,2016,27.669
212,2017,16.862
212,2018,13.272
212,2019,24.78
212,2020,13.132
212,2021,32.197
212,2022,30.777
212,2023,16.78
212,2024,31.718
212,2025,28.967
213,2010,21.619
213,2011,19.84
213,2012,16.418
213,2013,20.484
213,2014,24.244
213,2015,21.305
213,2016,24.174
213,2017,24.459
213,2018,26.765
213,2019,19.759
213,2020,15.964
213,2021,33.956
213,2022,23.059
213,2023,16.769
213,2025,30.796
214,2010,19.55
214,2011,20.53
214,2012,16.657
214,2013,20.64
214,2014,26.513
214,2015,22.145
214,2016,23.114
214,2017,24.927
214,2018,26.65
214,2019,21.573
214,2020,15.097
214,2021,28.408
214,2022,23.271
214,2023,16.104
214,2025,30.119
215,2010,25.285
215,2011,22.013
215,2012,19.233
215,2013,11.653
215,2014,26.138
215,2015,14.253
215,2016,19.726
215,2017,15.818
215,2018,23.53
215,2019,21.773
215,2020,15.953
215,2021,26.547
215,2022,27.345
215,2023,24.396
215,2024,42.056
215,2025,25.924
216,2010,28.838
216,2011,24.407
216,2012,24.394
216,2013,24.091
216,2014,29.909
216,2015,27.174
216,2016,26.756
216,2017,16.878
216,2018,21.175
216,2019,21.598
216,2020,21.373
216,2021,26.041
216,2022,39.809
216,2023,25.551
216,2024,53.586
216,2025,28.421
217,2010,20.382
217,2011,24.75
217,2012,16.152
217,2013,22.975
217,2014,30.689
217,2015,12.51
217,2016,22.364
217,2017,9.526
217,2018,11.881
217,2019,21.411
217,2020,19.61
217,2021,31.133
217,2022,34.127
217,2023,16.278
217,2024,33.542
217,2025,27.186
218,2010,24.997
218,2011,16.986
218,2012,18.592
218,2013,13.76
218,2014,21.887
218,2015,18.712
218,2016,14.839
218,2017,12.974
218,2018,16.403
218,2019,17.299
218,2020,17.929
218,2021,25.34
218,2022,25.543
218,2023,23.995
218,2024,34.0
218,2025,26.461
219,2010,24.063
219,2011,20.567
219,2012,18.639
219,2013,17.676
219,2014,23.038
219,2015,25.288
219,2016,22.132
219,2017,30.346
219,2018,18.597
219,2019,21.936
219,2020,11.434
219,2021,32.401
219,2022,34.281
219,2023,26.039
219,2024,33.588
219,2025,38.607
220,2010,19.949
220,2011,24.819
220,2012,17.906
220,2013,18.199
220,2014,20.431
220,2015,23.007
220,2016,27.921
220,2017,20.171
220,2018,19.641
220,2019,22.518
220,2020,17.675
220,2021,25.487
220,2022,32.34
220,2023,25.408
220,2024,39.769
220,2025,36.214
221,2017,12.331
221,2019,28.217
221,2020,28.632
221,2021,27.167
221,2022,41.328
222,2010,24.025
222,2011,22.814
222,2012,13.562
222,2013,11.753
222,2014,23.248
222,2015,19.893
222,2016,16.724
222,2017,14.756
222,2018,20.337
222,2019,25.605
222,2020,9.872
222,2021,27.129
222,2022,34.904
222,2023,20.631
222,2024,42.83
222,2025,29.642
223,2010,28.213
223,2011,29.624
223,2012,13.923
223,2013,14.59
223,2014,24.033
223,2015,14.01
223,2016,21.369
223,2017,15.957
223,2018,15.562
223,2019,24.601
223,2020,11.26
223,2021,26.7
223,2022,28.408
223,2023,19.374
223,2024,42.385
223,2025,27.165
224,2010,27.485
224,2011,22.157
224,2012,28.529
224,2013,24.626
224,2014,26.593
224,2015,19.421
224,2016,27.308
224,2017,18.488
224,2018,21.925
224,2019,23.3
224,2020,17.282
224,2021,24.671
224,2022,33.052
224,2023,22.415
224,2024,49.363
224,2025,29.077
225,2017,20.693
225,2019,19.401
225,2020,35.471
225,2021,21.724
225,2022,45.8
226,2010,20.662
226,2011,25.954
226,2012,13.478
226,2013,18.177
226,2014,22.283
226,2015,18.338
226,2016,27.698
226,2017,26.29
226,2018,20.143
226,2019,23.403
226,2020,15.046
226,2021,27.516
226,2022,29.26
226,2023,21.623
226,2024,45.445
226,2025,32.845
227,2010,27.361
227,2011,17.692
227,2012,16.476
227,2013,20.165
227,2014,24.01
227,2015,16.342
227,2016,18.933
227,2017,17.968
227,2018,24.438
227,2019,19.179
227,2020,22.098
227,2021,35.711
227,2022,32.383
227,2023,25.029
227,2024,35.776
227,2025,28.22
228,2010,23.478
228,2011,18.424
228,2012,11.162
228,2013,24.112
228,2014,30.21
228,2015,16.277
228,2016,15.54
228,2017,30.466
228,2018,64.855
228,2019,22.165
228,2020,20.305
228,2021,37.058
228,2022,32.991
228,2023,22.995
228,2024,26.042
228,2025,35.23
229,2010,14.924
229,2011,16.809
229,2012,9.024
229,2013,18.671
229,2014,18.888
229,2015,16.917
229,2016,15.335
229,2017,23.881
229,2018,28.837
229,2019,16.983
229,2020,22.21
229,2021,24.469
229,2022,26.656
229,2023,20.76
229,2024,20.838
229,2025,31.488
230,2010,25.814
230,2011,17.643
230,2012,22.159
230,2013,28.546
230,2014,20.745
230,2015,20.985
230,2016,21.473
230,2017,28.902
230,2018,16.839
230,2019,39.929
230,2020,12.317
230,2021,31.34
230,2022,31.92
230,2023,15.378
230,2024,31.278
230,2025,29.788
231,2010,27.244
231,2011,16.755
231,2012,17.558
231,2013,22.302
231,2014,26.751
231,2015,19.308
231,2016,33.901
231,2017,22.209
231,2018,9.584
231,2019,42.558
231,2020,16.897
231,2021,34.016
231,2022,22.88
231,2023,22.106
231,2024,36.423
231,2025,24.7
232,2010,20.457
232,2011,17.736
232,2012,23.602
232,2013,23.915
232,2014,24.254
232,2015,13.354
232,2016,22.876
232,2017,27.603
232,2018,12.02
232,2019,41.161
232,2020,18.421
232,2021,29.818
232,2022,18.508
232,2023,23.085
232,2024,41.416
232,2025,24.7
233,2010,29.024
233,2011,21.271
233,2012,19.567
233,2013,15.523
233,2014,24.834
233,2015,22.576
233,2016,22.677
233,2017,20.928
233,2018,19.316
233,2019,25.64
233,2020,17.5
233,2021,34.056
233,2022,44.169231
234,2010,30.815
234,2011,25.765
234,2012,17.617
234,2013,21.286
234,2014,22.455
234,2015,23.784
234,2016,27.932
234,2017,27.084
234,2018,21.424
234,2019,6.081
234,2021,38.293
234,2022,35.318
234,2023,24.153
234,2024,26.562
234,2025,44.593
235,2020,3.57
235,2021,71.05
235,2023,22.0
235,2024,2.5
235,2025,15.3
236,2018,6.63
236,2019,32.72
236,2020,3.16
236,2021,28.605
236,2022,33.475
236,2023,25.20375
236,2024,37.585
236,2025,30.025
237,2018,6.54
237,2019,27.8
237,2020,3.82
237,2021,32.366667
237,2022,25.155556
237,2023,16.025
237,2024,48.711389
237,2025,33.130556
238,2019,35.78
238,2020,3.16
238,2021,33.530556
238,2022,21.222222
238,2023,21.988889
238,2024,46.133333
238,2025,19.090278
239,2019,41.1
239,2020,1.53
239,2021,31.601709
239,2022,19.928205
239,2023,9.917949
239,2024,56.704274
239,2025,30.952137
241,2018,12.81
241,2019,29.33
241,2020,9.65
241,2021,19.516049
241,2022,31.716049
242,2017,21.04
242,2018,26.41
242,2019,18.77
242,2020,12.8
242,2021,22.054839
242,2022,36.822581
242,2023,17.032258
242,2024,27.984516
242,2025,37.944262
244,2018,26.37
244,2019,5.23
244,2020,10.56
244,2021,24.169811
244,2022,41.938679
244,2023,19.418868
244,2024,27.306038
244,2025,42.822642
246,2018,29.84
246,2019,8.03
246,2020,4.14
246,2021,26.12439
246,2022,16.465854
246,2023,17.840597
246,2024,38.840732
246,2025,12.6
247,2018,25.54
247,2020,5.74
247,2021,35.429431
247,2022,15.000662
247,2023,27.414536
247,2024,26.623311
247,2025,41.251656
248,2017,23.66
248,2018,38.07
248,2019,13.04
248,2020,3.6
248,2021,24.291852
248,2022,19.879259
248,2023,21.41
248,2024,34.415778
248,2025,36.302963
249,2018,20.24
249,2019,10.65
249,2020,4.21
249,2021,27.772222
250,2018,20.24
250,2019,35.03
250,2020,6.93
250,2021,22.718182
250,2022,30.933333
250,2023,21.60098
250,2024,59.836275
250,2025,28.207353
251,2017,19.52
251,2018,42.22
251,2019,22.95
251,2020,3.57
251,2021,30.76378
251,2022,12.108842
251,2023,27.869213
251,2024,36.110236
251,2025,27.562992
252,2017,33.64
252,2019,50.35
252,2020,3.79
252,2021,28.787952
252,2022,23.581446
252,2023,28.884458
252,2024,32.549398
252,2025,21.437349
253,2017,26.76
253,2019,51.14
253,2020,3.71
253,2021,24.343529
253,2022,23.553846
253,2023,25.995294
253,2024,38.96
253,2025,23.537647
254,2017,29.36
254,2018,32.81
254,2019,11.36
254,2020,8.35
254,2021,21.813514
254,2022,23.140541
254,2023,5.264189
254,2024,34.018784
254,2025,41.056081
255,2017,20.0
255,2018,10.0
255,2019,13.0
255,2020,25.0
255,2021,34.953571
255,2023,25.888661
255,2024,40.148214
255,2025,42.278571
256,2018,12.02
256,2019,33.71
256,2020,21.29
256,2021,34.889286
256,2022,0.178571
256,2023,10.053571
256,2024,59.772321
256,2025,37.389286
257,2017,20.32
257,2019,48.93
257,2020,4.55
257,2021,55.088889
257,2022,17.641667
257,2023,27.5025
257,2024,14.186667
257,2025,15.3
258,2017,15.33
258,2019,17.63
258,2020,12.77
258,2021,33.691011
258,2022,20.300787
258,2023,13.868539
258,2024,50.623596
258,2025,36.079775
259,2018,18.8
259,2020,18.13
259,2021,32.456022
259,2022,20.272213
259,2023,10.800308
259,2024,28.32056
259,2025,21.594958
260,2017,19.8
260,2018,12.01
260,2019,23.6
260,2020,4.52
260,2021,41.022
260,2022,37.374
260,2023,18.446
260,2024,32.132
260,2025,40.914
261,2017,26.91
261,2018,12.01
261,2019,20.36
261,2020,5.39
261,2021,53.874286
261,2022,40.085714
261,2023,28.538571
261,2024,41.227714
261,2025,47.802857
262,2017,14.61
262,2018,23.62
262,2020,20.65
262,2021,41.160526
262,2022,20.516842
262,2023,19.040658
262,2024,43.394737
263,2020,27.75
263,2021,37.79
263,2022,21.305
263,2023,11.5425
263,2024,23.17
263,2025,15.3
264,2020,29.15
264,2021,37.25
264,2022,43.37
264,2023,33.7975
264,2024,2.5
264,2025,15.3
265,2020,17.0
265,2021,30.63
265,2023,13.08
265,2024,5.0
265,2025,15.3
266,2020,6.3
266,2021,34.25
266,2023,11.466667
266,2024,7.01
266,2025,15.3
267,2021,37.25
267,2024,1.75
267,2025,15.3
268,2018,16.19
268,2019,29.01
268,2020,3.75
268,2021,35.04
268,2023,22.885
268,2024,47.72
268,2025,18.56
269,2017,24.51
269,2020,19.72
269,2021,34.65045
269,2022,20.861261
269,2023,17.825225
269,2024,42.508108
269,2025,30.008198
270,2017,24.22
270,2018,16.2
270,2019,22.07
270,2020,3.44
270,2021,48.913793
270,2022,36.175172
270,2023,29.015517
270,2024,43.827586
270,2025,55.286207
271,2017,24.22
271,2018,16.2
271,2019,26.73
271,2020,5.08
271,2021,48.847458
271,2022,26.278644
271,2023,24.587627
271,2024,39.316271
271,2025,43.949153
272,2017,30.82
272,2018,8.4
272,2019,26.65
272,2020,9.02
272,2021,16.323529
272,2022,33.017647
272,2023,14.075
272,2024,42.312
272,2025,31.792
273,2017,22.95
273,2018,28.04
273,2019,40.83
273,2020,7.7
273,2021,30.677778
273,2022,20.52963
273,2023,10.088889
273,2024,35.918519
273,2025,44.196296
274,2017,15.52
274,2018,16.63
274,2019,29.45
274,2020,10.27
274,2021,58.57807
274,2022,25.334061
274,2023,10.836364
274,2024,34.264686
274,2025,40.910044
276,2017,7.1
276,2019,16.0
276,2020,2.84
276,2021,34.220968
276,2022,29.274194
276,2023,26.341935
276,2024,36.374194
276,2025,14.903226
277,2018,8.14
277,2019,25.73
277,2020,4.55
277,2021,33.421333
277,2022,15.733333
277,2023,26.744
277,2024,42.578667
277,2025,19.090667
278,2017,24.0
278,2018,14.05
278,2019,46.69
278,2020,3.95
278,2021,53.658696
278,2022,29.076087
278,2023,17.219565
278,2024,24.308696
278,2025,38.991739
279,2017,23.78
279,2018,16.12
279,2019,53.85
279,2020,2.63
279,2021,49.775
279,2023,10.690909
279,2024,18.7
279,2025,44.006061
280,2017,10.96
280,2018,6.43
280,2020,2.47
280,2021,32.53587
280,2023,19.534783
280,2025,40.194565
282,2018,27.54
282,2019,38.04
282,2020,12.22
282,2021,34.048936
282,2022,12.691489
282,2023,19.701702
282,2025,39.023404
283,2017,23.88
283,2018,31.24
283,2019,26.38
283,2020,2.86
283,2021,52.875949
283,2022,37.139241
283,2023,14.302532
283,2025,40.171456
284,2020,12.7
284,2021,35.273333
284,2022,22.233333
284,2024,13.28
284,2025,15.3
286,2020,3.33
286,2021,39.718889
286,2023,12.911111
286,2024,1.111111
286,2025,15.3
287,2020,3.95
287,2021,56.0
287,2024,5.0
287,2025,15.3
288,2020,2.5
288,2021,35.825
288,2023,14.45
288,2024,2.5
288,2025,15.3
289,2020,7.04
289,2021,38.523529
289,2023,12.705882
289,2024,5.310588
289,2025,15.3
291,2020,2.86
291,2021,31.728333
291,2023,15.506667
291,2024,1.666667
291,2025,15.3
292,2021,20.1
292,2022,22.251
292,2023,32.198
292,2024,42.0
292,2025,27.18
293,2017,18.21
293,2018,9.58
293,2019,37.3
293,2020,4.0
293,2021,23.242697
293,2022,26.255843
293,2023,21.575281
293,2024,36.25618
293,2025,30.676404
295,2017,12.27
295,2018,14.5
295,2019,28.99
295,2020,1.17
295,2021,40.902069
295,2022,19.825241
295,2023,4.579
295,2024,14.772414
295,2025,45.961379
296,2017,16.86
296,2018,16.07
296,2019,34.01
296,2020,19.72
296,2021,33.379235
296,2022,14.684699
296,2023,7.210929
296,2024,28.710383
296,2025,45.765895
297,2021,36.76
297,2023,25.72
297,2024,2.0
297,2025,15.3
298,2018,15.46
298,2019,36.0
298,2020,18.24
298,2021,88.297583
298,2022,34.287917
298,2023,20.416667
298,2024,34.083333
298,2025,22.106667
299,2018,28.0
299,2019,33.02
299,2020,25.06
299,2021,32.053456
299,2022,40.0
299,2023,33.456221
299,2024,37.202765
299,2025,25.146083
300,2018,36.0
300,2019,21.45
300,2020,19.01
300,2021,28.021818
300,2022,28.105455
300,2023,35.636364
300,2024,41.425455
300,2025,31.365455
301,2018,32.0
301,2019,19.25
301,2020,28.51
301,2021,23.384116
301,2022,33.030686
301,2023,26.101083
301,2024,28.880866
301,2025,24.951625
302,2018,29.0
302,2019,25.92
302,2020,24.3
302,2021,21.607547
302,2022,31.477778
302,2023,20.0
302,2024,43.846154
302,2025,27.764444
303,2018,21.0
303,2019,25.68
303,2020,24.63
303,2021,35.2125
303,2022,35.39
303,2023,16.28
303,2024,33.13
303,2025,56.745
304,2018,22.0
304,2019,26.65
304,2020,19.79
304,2021,26.933117
304,2022,30.357143
304,2023,21.428571
304,2024,40.714286
304,2025,21.645455
305,2018,35.42
305,2019,16.14
305,2020,33.53
305,2021,31.643689
305,2022,32.570476
305,2023,29.10936
305,2024,50.325714
305,2025,27.688571
306,2018,40.62
306,2019,25.89
306,2020,33.23
306,2021,25.819574
306,2022,36.619574
306,2023,25.234043
306,2024,35.382128
306,2025,43.204255
307,2021,18.282353
307,2022,26.147059
307,2023,16.470588
308,2018,31.28
308,2019,32.31
308,2020,21.21
308,2021,32.111111
308,2022,20.782828
308,2023,7.750649
308,2024,66.13961
308,2025,35.603896
309,2018,30.0
309,2019,30.0
309,2020,14.22
309,2021,29.490667
310,2018,34.0
310,2020,15.19
310,2021,29.762564
310,2022,49.725
310,2023,26.650943
310,2024,37.636364
310,2025,61.521515
311,2018,37.0
311,2019,25.46
311,2020,51.18
311,2021,23.825346
311,2022,31.78547
311,2023,32.208333
311,2024,39.819828
311,2025,14.650633
311,2026,0.0
311,2027,0.0
312,2018,15.0
312,2020,33.2
312,2021,39.957895
312,2022,25.855556
312,2023,18.715789
312,2024,15.944444
312,2025,39.005556
313,2018,30.85
313,2020,21.27
313,2021,37.373262
313,2022,33.391818
313,2023,34.905631
313,2024,28.992727
313,2025,53.206417
313,2027,0.0
314,2018,13.59
314,2019,30.55
314,2020,14.23
314,2021,29.976344
314,2022,37.651613
314,2023,8.548387
314,2024,53.133068
314,2025,31.980478
315,2018,30.0
315,2019,26.3
315,2020,27.2
315,2021,23.563158
315,2022,30.678947
315,2023,22.894737
315,2024,8.542105
315,2025,48.221053
315,2027,0.0
316,2018,26.0
316,2019,23.06
316,2020,24.52
316,2021,33.544828
316,2022,21.768966
316,2023,26.882759
317,2018,19.01
317,2019,32.41
317,2020,29.69
317,2021,24.812717
317,2022,35.861272
317,2023,26.909677
317,2024,46.790323
317,2025,32.478824
318,2018,21.56
318,2019,86.97
318,2020,31.76
318,2021,25.535622
318,2022,41.665021
318,2023,21.609877
318,2024,33.664167
318,2025,44.5625
319,2018,19.0
319,2019,35.11
319,2020,17.61
319,2021,31.226667
319,2022,30.208421
319,2023,18.921569
319,2024,31.522105
319,2025,47.133333
319,2027,0.0
320,2020,28.92
320,2021,39.986667
320,2022,36.64
320,2023,14.966667
320,2024,22.726667
320,2025,52.413333
320,2027,0.0
321,2018,28.0
321,2019,29.74
321,2020,32.04
321,2021,31.18866
321,2022,37.207216
321,2023,24.504124
321,2024,29.827835
321,2025,50.110769
322,2018,26.0
322,2019,23.64
322,2020,9.41
322,2021,34.038356
322,2022,28.527397
322,2023,31.232877
322,2024,27.725
322,2025,53.174286
323,2019,50.36
323,2020,28.79
323,2021,27.504545
323,2022,34.059091
323,2023,29.87013
323,2024,49.662987
323,2025,37.001299
324,2018,27.0
324,2019,28.88
324,2020,32.0
324,2021,34.877778
324,2022,30.492593
324,2023,21.296296
324,2024,40.740741
324,2025,31.233333
325,2018,26.0
325,2020,33.92
325,2021,35.964706
325,2022,28.858824
325,2023,21.070588
325,2024,54.317647
325,2025,39.029412
325,2027,0.0
327,2018,26.0
327,2020,32.77
327,2021,44.124752
327,2022,30.487129
327,2023,30.089109
327,2024,43.030303
327,2025,27.849505
328,2019,51.95
328,2020,13.88
328,2021,15.152941
328,2022,25.023529
328,2023,27.647059
329,2018,32.0
329,2019,24.61
329,2020,30.03
329,2021,34.85
330,2018,28.0
330,2019,31.65
330,2020,31.91
330,2021,34.681379
330,2022,41.83069
330,2023,31.672474
330,2024,33.73384
330,2025,16.517563
331,2018,23.0
331,2019,24.0
331,2020,23.96
331,2021,31.96
331,2022,22.347143
331,2023,31.901408
331,2024,40.175714
331,2025,28.052857
332,2018,25.0
332,2019,35.25
332,2020,18.76
332,2021,27.84181
332,2022,31.269828
332,2023,22.198276
332,2024,44.753879
332,2025,27.096983
333,2019,60.54
333,2020,32.31
333,2021,33.653797
333,2022,30.093671
333,2023,23.291139
334,2018,26.53
334,2019,23.64
334,2020,26.76
334,2021,31.40375
334,2022,33.138125
334,2023,32.4375
334,2024,28.3575
334,2025,43.83125
335,2018,13.0
335,2019,12.52
335,2020,6.59
335,2021,31.346237
335,2022,35.048387
335,2023,30.19802
335,2024,27.627723
335,2025,56.548515
335,2027,0.0
336,2018,29.0
336,2019,22.27
336,2020,26.84
336,2021,35.553333
336,2022,30.29
336,2023,35.246667
336,2024,26.793333
336,2025,52.713333
336,2027,0.0
337,2018,33.0
337,2020,29.34
337,2021,32.88
337,2022,32.695
337,2023,18.25
338,2018,29.69
338,2020,34.13
338,2021,29.725
338,2022,28.49375
338,2023,13.0125
338,2024,50.55
338,2025,35.034375
339,2018,14.0
339,2020,21.75
339,2021,41.225
339,2022,31.95
339,2023,14.583333
339,2024,36.233333
339,2025,55.616667
340,2018,23.0
340,2020,44.99
340,2021,13.229508
340,2022,37.00082
340,2023,34.262295
340,2024,22.95082
340,2025,52.339344
341,2018,27.0
341,2021,33.516667
341,2022,28.089583
341,2023,17.916667
341,2024,15.833333
341,2025,50.783333
342,2018,23.0
342,2021,19.413636
342,2022,37.125
342,2023,23.409091
342,2024,20.454545
342,2025,48.731818
343,2018,25.0
343,2020,29.13
343,2021,40.285714
343,2022,34.228571
343,2023,23.171429
344,2020,13.79
344,2021,21.748454
344,2022,41.587629
344,2023,20.016495
344,2024,57.474227
344,2025,37.732836
345,2019,22.47
345,2020,4.61
345,2021,26.784
345,2022,44.988
345,2023,16.133333
345,2024,33.066667
346,2020,5.99
346,2021,19.183784
346,2022,44.437838
346,2023,33.237838
346,2024,71.443243
347,2019,32.12
347,2022,27.738983
347,2023,13.714286
347,2024,26.532203
347,2025,40.764912
349,2019,18.28
349,2020,5.82
349,2021,33.484146
349,2022,35.331707
349,2023,30.681707
349,2024,30.159756
349,2025,40.804878
350,2019,14.86
350,2020,27.78
350,2021,26.869291
350,2022,35.513386
350,2023,25.440945
350,2024,47.319685
350,2025,39.76378
351,2020,7.0
351,2021,45.0
351,2022,40.4
352,2019,23.1
352,2020,14.19
352,2021,20.75493
352,2022,40.807477
352,2023,21.001869
352,2024,61.259813
352,2025,35.908411
353,2019,14.52
353,2020,2.99
353,2021,20.75
353,2022,39.052083
354,2019,22.13
354,2020,0.83
354,2021,22.144304
354,2022,38.073418
354,2023,26.594937
355,2019,21.87
355,2020,0.21
355,2021,33.528571
355,2022,46.685714
355,2023,31.621429
356,2020,20.84
356,2021,26.103448
356,2022,32.897701
356,2023,21.677011
356,2024,39.057471
356,2025,30.81954
357,2019,22.85
357,2020,7.33
357,2021,31.505556
358,2019,23.01
358,2020,8.58
358,2021,33.279
358,2022,36.284337
358,2023,29.368675
358,2024,33.918072
358,2025,49.091566
359,2019,29.97
359,2020,15.52
359,2021,29.375
359,2022,33.601316
359,2023,30.155263
359,2024,44.235526
359,2025,37.894737
360,2019,24.14
360,2020,7.37
360,2021,23.14375
360,2022,29.36875
360,2023,21.7
361,2019,16.47
361,2020,23.6
361,2021,35.955
361,2022,43.57
361,2023,23.02
361,2024,47.005
361,2025,44.92381
362,2019,11.03
362,2020,23.35
362,2021,27.748718
362,2022,35.694017
362,2023,33.333333
362,2024,34.919658
362,2025,35.128205
363,2019,13.42
363,2020,20.88
363,2021,25.181818
363,2022,44.602597
363,2023,23.038961
363,2024,39.771429
363,2025,30.779221
364,2019,21.67
364,2020,12.16
364,2021,28.564167
364,2022,41.041667
364,2023,30.8
364,2024,32.275
364,2025,50.883333
365,2019,28.97
365,2020,12.99
365,2021,31.29
365,2022,38.606667
365,2023,12.231034
365,2024,32.166667
365,2025,40.233333
366,2019,9.71
366,2021,33.985714
367,2019,12.39
367,2021,39.545455
367,2022,25.854545
367,2023,26.066667
367,2024,39.521212
367,2025,54.835294
368,2019,25.64
368,2021,36.238503
368,2022,28.727273
368,2023,25.308108
368,2024,39.760428
368,2025,29.998913
369,2019,14.8
369,2021,40.962431
369,2022,26.805594
369,2023,22.557597
369,2024,38.210877
369,2025,35.814516
370,2019,14.8
370,2021,17.52
370,2022,34.28
370,2023,17.092308
370,2024,42.746154
370,2025,35.738462
371,2019,19.23
371,2021,20.984615
371,2022,39.461538
371,2023,32.169231
371,2024,51.769231
371,2025,56.153846
372,2019,14.76
372,2021,18.360417
372,2022,37.022222
372,2023,16.726
372,2024,22.544231
372,2025,40.169231
373,2019,9.31
373,2021,30.874336
373,2022,22.598326
373,2023,23.37533
373,2024,39.784141
373,2025,31.368889
374,2019,12.36
374,2021,47.760714
374,2022,38.834615
374,2023,23.169231
374,2024,44.792157
374,2025,53.494118
375,2019,11.54
375,2021,22.061538
375,2022,43.415385
375,2023,40.8
375,2024,46.584615
375,2025,52.261538
376,2019,24.8
376,2021,32.995604
377,2019,7.6
377,2021,34.756522
377,2022,27.578261
377,2023,23.673913
377,2024,37.969565
377,2025,30.659574
378,2019,5.58
378,2021,35.507692
378,2022,42.071795
378,2023,20.811111
378,2024,26.641026
378,2025,55.364103
379,2017,9.17
379,2018,9.84
379,2019,7.05
379,2020,4.44
379,2021,21.544498
379,2022,20.983575
379,2023,27.225121
379,2024,38.770335
379,2025,44.708738
380,2019,10.0
380,2021,19.683333
381,2017,9.46
381,2018,1.77
381,2019,5.21
381,2020,13.23
381,2021,26.253333
381,2022,32.013333
381,2023,28.49
381,2024,19.67
381,2025,44.022951
382,2017,13.79
382,2018,8.19
382,2019,39.93
382,2020,7.55
382,2021,31.325984
382,2022,39.132283
382,2023,18.373228
382,2024,36.35969
382,2025,52.145736
383,2017,16.82
383,2018,2.01
383,2019,30.11
383,2020,3.72
383,2021,31.752632
384,2017,16.67
384,2018,36.96
384,2019,35.76
384,2020,12.06
384,2021,23.592258
384,2022,38.010323
384,2023,13.834839
384,2024,33.430573
384,2025,39.028025
386,2017,11.61
386,2018,26.34
386,2019,33.32
386,2020,15.27
386,2021,34.056881
386,2022,24.176147
386,2023,29.414679
386,2024,51.72844
386,2025,29.811009
387,2017,15.35
387,2018,3.93
387,2019,29.15
387,2020,5.38
387,2021,29.64625
387,2022,22.010204
387,2023,32.834694
387,2024,41.988
387,2025,41.764
388,2017,10.71
388,2018,3.92
388,2019,19.2
388,2020,4.47
388,2022,32.36
388,2023,22.08
388,2024,28.03
388,2025,52.19
389,2017,10.71
389,2018,3.92
389,2019,19.2
389,2020,5.0
389,2022,37.428571
389,2023,35.257143
389,2024,44.775
389,2025,51.225
390,2017,12.22
390,2018,8.76
390,2019,32.68
390,2020,15.35
390,2021,32.039286
390,2022,24.207143
390,2023,26.717857
390,2024,40.285714
390,2025,48.682143
391,2017,16.65
391,2018,10.52
391,2019,48.79
391,2020,12.5
391,2021,21.729032
391,2022,30.354839
391,2023,20.2
391,2024,46.24375
391,2025,41.0
392,2017,10.12
392,2018,16.44
392,2019,48.03
392,2020,12.21
392,2021,45.145946
392,2022,27.394595
392,2023,12.345946
392,2024,46.237838
392,2025,35.0
393,2017,6.28
393,2018,17.46
393,2019,41.96
393,2020,14.49
393,2021,29.732143
393,2022,26.412766
393,2023,28.076596
393,2024,30.976224
393,2025,49.243357
394,2017,9.7
394,2018,19.34
394,2020,8.03
394,2021,30.0875
395,2017,7.88
395,2019,46.64
395,2020,15.38
395,2021,27.353125
395,2022,29.053125
395,2023,24.253125
395,2024,39.8
395,2025,41.759375
396,2017,11.61
396,2018,5.31
396,2019,40.5
396,2020,9.61
396,2021,41.63125
396,2022,13.16875
396,2023,19.825
396,2024,49.260606
396,2025,32.727273
397,2017,22.53
397,2018,2.31
397,2019,43.78
397,2020,9.65
397,2021,20.624528
397,2022,28.379487
397,2023,24.564103
397,2024,49.368966
397,2025,21.965
398,2020,11.0
398,2021,47.666667
398,2022,39.2
400,2020,22.2
400,2021,35.6
400,2022,6.366667
400,2025,0.0
401,2020,13.33
401,2021,42.733333
401,2022,74.92
401,2025,0.0
402,2017,20.94
402,2018,4.11
402,2019,23.01
402,2020,18.04
402,2022,27.027027
402,2023,16.2
402,2024,36.572973
402,2025,52.351351
403,2017,8.11
403,2018,22.32
403,2019,40.98
403,2020,17.92
403,2021,33.825581
403,2022,39.586047
403,2023,20.486047
403,2024,38.331765
403,2025,57.341176
405,2017,54.32
405,2018,22.86
405,2019,36.76
405,2020,22.55
405,2021,34.904094
405,2022,23.405848
405,2023,21.315789
405,2024,22.403509
405,2025,19.138596
406,2017,16.44
406,2018,12.55
406,2019,30.38
406,2020,3.66
406,2021,29.4
406,2022,19.827273
406,2023,26.836364
406,2024,32.634783
406,2025,38.913043
407,2017,12.61
407,2018,3.96
407,2019,14.18
407,2020,4.62
407,2022,27.733333
407,2023,23.044444
407,2024,27.555556
408,2017,7.43
408,2018,9.18
408,2019,50.78
408,2020,6.03
408,2021,34.680702
408,2022,26.842105
408,2023,16.561404
408,2024,45.080702
408,2025,35.336842
409,2017,11.59
409,2018,32.39
409,2019,6.12
409,2020,6.59
409,2021,24.27907
409,2022,26.706977
409,2023,25.293023
409,2024,49.353488
409,2025,29.562791
410,2021,35.784
410,2022,27.344
410,2023,20.832
410,2024,55.36
410,2025,35.672
411,2017,9.05
411,2018,7.18
411,2019,27.55
411,2020,10.49
411,2021,33.794203
411,2022,23.311594
411,2023,27.965217
411,2024,26.267143
411,2025,28.207143
412,2017,17.08
412,2018,5.35
412,2019,42.05
412,2020,23.64
412,2021,34.407273
412,2022,24.789091
412,2023,33.007273
412,2024,43.567273
412,2025,46.632727
414,2017,18.36
414,2018,13.35
414,2019,42.41
414,2020,15.26
414,2021,35.124658
414,2022,31.254795
414,2023,26.454795
414,2024,56.635862
414,2025,41.584828
415,2017,10.11
415,2018,6.34
415,2019,31.06
415,2020,4.12
415,2021,28.478125
415,2022,20.121875
415,2023,30.2875
415,2024,45.9875
415,2025,41.290625
416,2017,14.1
416,2018,19.04
416,2019,8.88
416,2020,14.9
416,2021,37.137255
416,2022,24.264789
416,2023,25.889606
416,2024,31.012593
416,2025,50.820818
418,2018,1.79
418,2019,27.1
418,2020,19.34
418,2021,29.631111
418,2022,27.137778
418,2023,31.977778
418,2024,44.457778
418,2025,35.744444
419,2017,7.51
419,2019,43.18
419,2020,9.53
419,2021,28.698182
419,2022,40.338182
419,2023,22.567273
419,2024,35.854545
419,2025,46.690909
420,2017,12.61
420,2018,3.96
420,2019,27.3
420,2020,4.62
420,2021,23.181818
421,2018,25.85
421,2019,33.79
421,2020,8.86
421,2021,29.441818
421,2023,10.072593
421,2024,58.072593
421,2025,32.025926
422,2017,4.63
422,2019,23.72
422,2020,3.89
422,2021,20.193846
422,2022,34.0
422,2023,23.816438
422,2024,50.876712
422,2025,30.631507
423,2017,4.29
423,2019,20.85
423,2020,7.69
423,2021,31.824719
423,2022,32.240449
423,2023,28.031461
423,2024,39.140674
423,2025,31.474157
424,2017,10.01
424,2019,38.98
424,2020,16.42
424,2021,26.524752
424,2022,41.190099
424,2023,20.829703
424,2024,40.635644
424,2025,48.607843
425,2017,10.89
425,2018,18.25
425,2019,38.55
425,2020,19.94
425,2021,27.649462
425,2022,23.630108
425,2023,25.597849
425,2024,39.204301
425,2025,32.565591
426,2019,13.58
426,2021,42.627119
426,2022,25.298305
426,2023,20.30339
426,2024,46.440678
426,2025,26.094915
427,2019,30.82
427,2020,11.07
427,2021,24.951613
427,2022,41.958065
427,2023,25.776119
427,2024,36.002985
427,2025,24.489286
428,2017,21.22
428,2018,6.69
428,2019,24.29
428,2020,7.0
428,2021,15.723037
428,2022,35.535393
428,2023,24.957865
428,2024,43.79558
428,2025,14.89901
429,2018,19.0
429,2020,32.08
429,2021,15.118182
429,2022,30.915909
429,2023,31.136364
429,2024,21.590909
429,2025,47.388636
430,2020,24.0
430,2021,24.086486
431,2021,24.72
431,2022,15.333333
431,2023,26.0
432,2021,28.518182
432,2022,0.227273
432,2023,9.977273
432,2024,38.786364
432,2025,29.768182
433,2021,36.5
434,2021,27.96
435,2020,6.0
435,2021,31.944444
435,2022,40.846
435,2023,19.16
435,2024,30.008485
435,2025,26.112048
436,2020,8.0
436,2021,30.22069
437,2021,15.114286
438,2021,44.36875
438,2022,44.86875
439,2021,21.288889
440,2021,29.65814
440,2022,34.393548
440,2023,29.054839
440,2024,32.905742
440,2025,36.193548
441,2020,37.0
441,2021,40.018182
441,2025,39.866667
443,2021,24.7
444,2021,35.126316
444,2022,33.315789
444,2023,28.421053
444,2024,58.066667
445,2021,18.866667
446,2021,20.2
447,2021,26.466667
448,2021,18.946154
451,2021,78.75
451,2022,0.0
455,2021,59.735294
456,2021,17.387097
456,2023,13.370732
457,2021,12.95
457,2023,14.166667
457,2024,28.333333
457,2025,34.4
458,2021,21.391228
460,2021,12.569412
460,2022,0.0
461,2021,18.042857
461,2023,18.928571
463,2021,43.342857
463,2022,0.0
464,2021,14.511111
464,2022,0.0
464,2023,7.222222
465,2021,45.28125
467,2021,28.866667
467,2023,5.880769
468,2021,26.496552
468,2022,46.448276
469,2021,12.4
469,2022,30.136842
470,2021,31.884444
471,2021,30.327273
471,2023,12.741667
472,2021,13.179412
472,2023,0.0
473,2021,163.02
474,2021,2.5
475,2021,48.013333
477,2021,17.88
479,2023,44.085714
480,2021,10.266667
481,2021,35.430769
482,2021,46.636364
482,2023,14.048333
483,2021,33.342857
484,2021,12.895238
485,2021,3.333333
486,2021,28.973333
487,2021,24.669231
487,2022,0.0
488,2021,10.02
488,2022,0.0
491,2021,21.536364
491,2022,0.0
492,2021,0.0
493,2021,10.55
494,2021,17.4
505,2022,34.665217
506,2022,29.16875
508,2022,0.0
510,2022,45.433333
510,2023,23.091667
512,2022,17.232222
512,2023,35.2
512,2024,36.096923
512,2025,37.007692
513,2023,15.013043
513,2024,18.7
513,2025,45.06087
514,2023,20.454545
514,2024,31.7
514,2025,48.363636
588,2023,16.065385
599,2023,11.863889
602,2023,6.4
604,2023,21.067846
611,2023,0.025641
612,2023,2.363636
616,2023,0.257268
628,2023,17.109375
628,2024,25.993613
628,2025,18.352982
630,2023,12.423529
630,2024,27.423529
630,2025,15.882353
632,2023,18.230952
632,2024,5.004762
632,2025,18.557143
633,2023,16.49375
633,2024,27.2155
633,2025,37.351351
634,2023,11.940476
634,2024,37.985714
634,2025,37.36
635,2023,20.047059
635,2024,24.098039
635,2025,34.548
636,2023,20.064912
636,2024,43.901754
636,2025,25.898246
640,2023,10.916667
640,2024,26.459524
640,2025,4.794915
643,2023,16.222414
643,2024,13.826573
643,2025,33.0
644,2023,17.36
644,2024,24.706667
649,2023,17.1
650,2023,26.490164
650,2024,34.179661
652,2023,17.1
653,2023,11.259259
653,2024,24.991111
653,2025,40.735043
654,2023,26.425
655,2023,12.8
655,2024,24.152632
657,2024,12.758621
659,2024,24.405714
660,2023,17.62
661,2023,12.745614
661,2024,36.691228
662,2023,17.616667
663,2023,26.491071
663,2024,34.639286
663,2025,13.196825
665,2023,16.25
666,2023,16.253191
667,2023,12.873529
667,2024,31.582609
667,2025,18.325991
668,2023,15.998675
668,2024,13.128169
668,2025,33.545013
669,2023,15.975472
669,2024,33.226415
669,2025,10.690566
670,2023,7.734286
670,2025,10.0
671,2023,17.734375
671,2024,0.3125
671,2025,12.733333
672,2023,18.552174
672,2024,23.676522
672,2025,17.893168
674,2023,12.578205
674,2024,46.898425
674,2025,16.521739
675,2023,20.089744
675,2024,49.047619
675,2025,28.63354
677,2023,22.621429
677,2024,16.4
677,2025,0.0
678,2023,20.062687
680,2023,25.114634
680,2024,50.029268
685,2023,30.210127
685,2024,31.886076
685,2025,12.593197
689,2023,11.930769
689,2024,11.392308
689,2025,11.92
690,2023,31.429412
693,2023,18.193878
693,2024,4.937143
693,2025,41.495327
694,2023,18.193939
694,2024,19.284848
694,2025,38.374194
695,2023,18.19
696,2023,17.727778
696,2024,42.052632
698,2023,10.6
698,2024,31.886331
698,2025,31.444444
699,2023,31.443548
699,2024,19.542857
699,2025,8.644068
700,2023,17.717778
700,2024,31.551111
701,2023,22.635714
705,2024,14.625
706,2023,20.191667
706,2024,7.350725
706,2025,8.28642
710,2023,20.161111
711,2023,17.377647
711,2024,6.596296
711,2025,20.722222
712,2023,21.55
712,2024,24.81875
713,2023,17.382353
715,2023,18.202685
715,2024,32.449664
715,2025,23.115254
716,2023,18.917857
716,2024,28.678571
717,2023,24.256757
717,2024,21.251316
717,2025,24.324
718,2023,17.971698
718,2024,39.079245
719,2023,24.3
722,2023,23.453571
722,2024,31.435714
722,2025,19.607407
725,2023,18.9
725,2024,48.4875
725,2025,27.949849
726,2023,7.297059
726,2024,24.810294
727,2023,13.795238
727,2024,28.12381
728,2023,20.159649
728,2024,14.098246
728,2025,33.735849
729,2023,18.895745
729,2024,40.217778
729,2025,12.093023
730,2023,13.8
730,2024,34.386364
733,2023,17.423448
733,2024,12.295181
735,2023,24.4
736,2023,21.700926
736,2024,11.806897
736,2025,35.224299
737,2023,24.403008
737,2024,13.083459
737,2025,30.476981
738,2023,12.56732
738,2024,63.035088
738,2025,17.206897
741,2023,19.048649
742,2023,19.048739
742,2024,39.002564
742,2025,16.852222
743,2023,24.803922
743,2024,30.864706
743,2025,27.562745
744,2023,9.978218
744,2024,34.330693
744,2025,24.041905
745,2023,10.3
745,2024,16.65
746,2023,18.734783
746,2024,19.434783
746,2025,23.510638
747,2023,10.0
749,2023,12.801351
749,2024,19.632432
749,2025,36.557576
750,2023,11.019149
750,2024,49.12766
750,2025,22.961702
751,2024,10.693548
751,2025,16.935484
752,2023,19.104762
752,2024,50.479365
753,2023,14.910294
753,2024,37.430769
753,2025,18.231746
754,2023,31.427778
755,2023,26.428205
756,2023,31.430357
757,2023,26.775
758,2023,24.257143
759,2024,9.5625
759,2025,17.0
760,2024,10.0
760,2025,17.692308
764,2023,31.446774
764,2024,38.829032
766,2023,26.3
766,2024,11.31236
766,2025,31.269048
767,2023,16.358537
767,2024,14.495
768,2023,19.517391
768,2024,25.218182
769,2023,16.36
769,2024,54.701449
770,2023,25.348507
770,2024,16.740299
770,2025,34.689552
771,2023,21.541667
771,2024,49.691429
772,2023,26.430508
772,2024,12.973134
773,2023,6.19403
773,2024,15.847761
773,2025,9.616129
774,2023,26.488889
774,2024,43.085714
775,2023,26.489831
775,2024,30.208955
776,2023,10.157576
776,2024,25.763265
777,2023,17.36
777,2024,33.362295
777,2025,14.358125
778,2023,17.359091
778,2024,44.640909
779,2023,17.360714
779,2024,31.48
780,2023,17.357692
780,2024,40.346667
781,2023,17.360563
781,2024,0.140845
782,2023,31.433333
782,2024,7.968421
782,2025,5.294118
783,2023,18.232292
783,2024,38.222917
783,2025,19.428261
784,2023,17.746154
784,2024,11.116418
784,2025,11.829487
785,2023,18.381871
785,2024,22.41155
785,2025,25.412941
786,2023,14.060417
786,2024,43.557143
786,2025,18.527273
787,2023,13.798571
787,2024,31.833333
788,2023,19.351613
788,2024,19.296774
788,2025,38.133793
789,2023,19.104651
789,2024,38.676744
790,2023,18.870833
790,2024,9.4125
790,2025,29.851111
791,2023,18.553846
792,2023,14.2275
792,2024,29.635
793,2023,17.8
793,2024,43.638202
793,2025,22.246512
794,2023,10.431818
794,2024,84.345455
795,2023,8.206494
795,2024,35.212844
795,2025,12.457471
796,2023,11.148387
797,2023,17.378261
797,2024,15.504348
797,2025,45.113043
798,2023,20.061538
798,2024,27.092308
799,2024,8.559184
800,2023,18.5
800,2024,24.933333
800,2025,19.07
801,2023,18.197273
801,2024,8.103704
801,2025,38.007246
802,2023,23.458333
802,2024,3.558333
802,2025,28.191667
803,2023,18.186207
803,2024,8.068966
803,2025,50.110345
804,2023,18.188889
805,2023,18.189474
806,2023,22.642857
807,2023,31.410526
807,2024,24.712281
808,2023,26.4275
808,2024,23.9625
808,2025,16.854054
809,2023,11.082759
809,2024,31.715517
809,2025,22.703846
810,2023,10.32
810,2024,38.034286
810,2025,12.085185
811,2023,18.688889
811,2024,46.866667
812,2023,17.378947
812,2024,35.915789
812,2025,11.764286
813,2023,17.38
814,2023,17.621622
814,2024,9.753659
814,2025,12.434375
815,2023,17.622222
818,2023,9.972973
818,2024,33.494253
819,2023,19.0125
820,2023,24.25
821,2023,26.428571
821,2024,49.4
821,2025,18.989899
823,2024,24.434043
824,2023,26.488889
824,2024,28.755556
828,2023,12.8
829,2023,12.8
830,2023,17.1
831,2024,25.172973
832,2023,42.0
832,2024,55.08
832,2025,16.8
833,2023,18.430108
833,2024,23.731183
833,2025,18.564865
834,2023,10.0
834,2024,22.088889
834,2025,50.866667
835,2023,22.809524
836,2023,16.984762
836,2024,9.76381
836,2025,30.765714
837,2023,13.793333
837,2024,49.56
837,2025,28.573333
838,2023,18.8
838,2024,29.166667
838,2025,12.683333
839,2023,18.755556
839,2024,34.351111
839,2025,21.388889
845,2023,17.780488
846,2024,34.891304
846,2025,17.005333
847,2024,36.13
847,2025,28.442623
848,2024,12.253846
848,2025,49.5
849,2024,11.28
849,2025,9.632
850,2024,39.284211
850,2025,15.674286
851,2024,58.515789
851,2025,32.888235
852,2024,39.02549
852,2025,12.906667
853,2024,15.0
867,2024,16.971429
867,2025,40.767742
868,2024,9.375
871,2024,23.699502
871,2025,49.961194
872,2024,32.345679
872,2025,45.73057
873,2024,26.691661
873,2025,41.368984
874,2024,28.90411
874,2025,51.871233
875,2024,29.6
875,2025,47.005882
879,2024,36.313333
879,2025,37.103333
881,2024,35.966667
881,2025,52.717949
882,2024,32.781452
882,2025,15.272581
892,2024,42.1
893,2024,41.664815
894,2024,18.546269
896,2024,19.372727
897,2024,18.3
897,2025,30.386957
899,2024,27.888
900,2024,4.117647
901,2024,36.437778
901,2025,41.341573
903,2024,53.329032
903,2025,35.993478
904,2024,14.166327
904,2025,34.331937
905,2024,20.728571
906,2024,84.565789
906,2025,32.494413
907,2024,30.887755
908,2024,14.1
909,2024,12.876
910,2024,10.767857
910,2025,45.769048
911,2024,29.959412
911,2025,19.134932
912,2024,19.226471
913,2024,29.798058
913,2025,35.802139
914,2024,28.275
918,2024,17.71954
918,2025,11.85989
921,2024,19.077966
922,2024,5.885714
923,2024,20.810526
924,2024,21.640964
925,2024,20.0
925,2025,10.235455
926,2024,17.5375
929,2024,26.776744
930,2024,28.29375
931,2024,19.646667
932,2024,24.75
933,2024,19.992857
934,2024,22.073973
936,2024,7.842553
937,2024,6.63913
938,2024,14.650909
939,2024,19.653846
941,2024,16.503937
942,2024,20.663248
942,2025,38.574757
943,2024,16.29505
943,2025,24.547458
944,2024,28.648
946,2024,34.05679
946,2025,9.829279
947,2024,13.284211
949,2024,32.488421
949,2025,16.018499
951,2024,46.412
954,2024,10.767442
956,2024,32.732384
956,2025,42.966038
957,2024,47.864706
957,2025,38.161765
963,2024,32.081818
963,2025,49.848889
964,2024,21.013333
966,2024,44.060526
968,2024,24.633333
969,2024,19.709091
970,2024,33.984615
973,2024,53.428571
974,2024,10.0
976,2025,63.880952
977,2025,48.266667
978,2025,41.304348
979,2025,19.913253
983,2025,46.1
987,2017,19.5
987,2018,9.3
987,2019,43.03
987,2020,3.62
987,2021,35.988646
987,2022,15.71234
987,2023,22.995064
987,2024,38.06383
989,2025,7.509434
991,2025,5.636
993,2025,29.00678
994,2025,38.666667
995,2023,18.430108
995,2024,23.731183
996,2024,84.565789
997,2023,17.36
997,2024,0.081967
998,2025,47.056818
1000,2025,34.231818
1002,2024,34.05679
1004,2024,34.05679
1005,2025,15.001049
1007,2025,14.6
1008,2025,43.705195
1009,2018,26.0
1009,2020,33.92
1009,2021,35.964706
1009,2022,28.858824
1009,2023,21.070588
1009,2024,54.317647
1009,2027,0.0
1010,2018,23.0
1010,2019,24.0
1010,2020,23.96
1010,2021,31.96
1010,2022,22.347143
1010,2023,31.901408
1010,2024,40.175714
1011,2018,26.53
1011,2019,23.64
1011,2020,26.76
1011,2021,31.40375
1011,2022,33.138125
1011,2023,32.4375
1011,2024,28.3575
1012,2025,43.05
1014,2025,35.59
1015,2025,38.295455
1016,2023,17.746154
1016,2024,0.149254
1020,2025,29.516981
1021,2025,17.027027
1022,2025,37.833735
1023,2025,22.638298
1025,2025,14.809524
1026,2025,9.981818
1027,2025,49.6
1028,2025,31.060976
