field_id,year,crop_id,standard_name,target_yield_t_ha,oof_pred_t_ha
195,2019,43.0,wheat_spring,2.9511,
195,2022,44.0,wheat_winter,2.1216260162601626,2.8295271150495913
195,2023,44.0,wheat_winter,0.8904065040650406,3.2187789085734044
195,2025,43.0,wheat_spring,2.7195121951219514,2.9082381840392633
197,2019,43.0,wheat_spring,3.3518,
197,2022,44.0,wheat_winter,1.5206997084548106,2.9903714581503356
197,2023,44.0,wheat_winter,1.0820991253644316,3.3147303400228205
197,2025,43.0,wheat_spring,3.779416909620991,3.013164527030741
207,2019,43.0,wheat_spring,3.5799999999999996,
207,2022,44.0,wheat_winter,1.8862140474258409,2.8605462130692714
207,2023,44.0,wheat_winter,1.068974844468488,3.238053139738727
207,2025,43.0,wheat_spring,1.3522676043638986,3.0512407602248035
208,2020,43.0,wheat_spring,5.05,
208,2022,43.0,wheat_spring,2.356923076923077,2.9658988578787775
208,2023,43.0,wheat_spring,2.018076923076923,2.8430380863484648
208,2025,43.0,wheat_spring,3.8430769230769233,3.1186744784691602
209,2017,44.0,wheat_winter,2.22,
209,2022,43.0,wheat_spring,2.657417536880491,2.892821347233451
209,2023,44.0,wheat_winter,1.4882148184982598,3.420667778713113
209,2024,44.0,wheat_winter,4.5289739764627885,3.062571474936088
210,2017,44.0,wheat_winter,2.002,
210,2020,44.0,wheat_winter,2.11,
210,2022,43.0,wheat_spring,3.0655870445344133,2.8502684518058095
210,2024,44.0,wheat_winter,5.519493927125506,3.7042986877854824
211,2017,44.0,wheat_winter,2.4379999999999997,
211,2020,44.0,wheat_winter,3.19,
211,2022,43.0,wheat_spring,3.4704,2.786297169355763
212,2020,43.0,wheat_spring,1.3132,
212,2022,43.0,wheat_spring,3.1773529411764705,2.825043791595093
212,2023,43.0,wheat_spring,2.9445588235294116,2.70573745448415
212,2025,43.0,wheat_spring,1.7024264705882353,3.0065151355527107
213,2020,43.0,wheat_spring,5.78,
213,2021,43.0,wheat_spring,1.3155714285714286,
213,2023,43.0,wheat_spring,1.6768999999999998,2.5501231559583863
214,2020,43.0,wheat_spring,3.19,
214,2021,43.0,wheat_spring,1.5857777777777775,
214,2023,43.0,wheat_spring,1.6103999999999998,2.379985964822965
215,2020,43.0,wheat_spring,1.409,
215,2022,43.0,wheat_spring,2.858987341772152,2.711015350811639
215,2024,44.0,wheat_winter,4.476708860759494,3.7915192115822816
216,2020,43.0,wheat_spring,1.246,
216,2022,43.0,wheat_spring,3.1270270270270273,2.836523294030501
216,2024,44.0,wheat_winter,5.342162162162162,3.5572534601210983
217,2020,43.0,wheat_spring,3.37,
217,2022,43.0,wheat_spring,3.063725490196078,2.97698827364064
217,2025,43.0,wheat_spring,2.5629901960784314,2.8502637114343
218,2020,43.0,wheat_spring,1.7929,
218,2022,43.0,wheat_spring,2.1723076923076925,2.7966529486836618
218,2024,43.0,wheat_spring,4.027153846153846,3.465310850132938
218,2025,43.0,wheat_spring,4.112820512820513,2.9825580534184306
219,2017,44.0,wheat_winter,1.873,
219,2020,43.0,wheat_spring,4.25,
219,2022,43.0,wheat_spring,2.827547619047619,2.876152642912358
219,2024,43.0,wheat_spring,3.6718380952380953,2.617658659269333
220,2020,43.0,wheat_spring,5.13,
220,2022,43.0,wheat_spring,3.4832,2.8770165689090414
220,2024,43.0,wheat_spring,3.12756,3.4896685862814785
220,2025,43.0,wheat_spring,3.3072000000000004,2.9383341320957914
221,2020,43.0,wheat_spring,3.8,
221,2022,43.0,wheat_spring,4.1328000000000005,2.8955076509271604
222,2020,43.0,wheat_spring,2.1,
222,2022,43.0,wheat_spring,3.2700483870967743,2.7919390677760014
222,2024,43.0,wheat_spring,3.6562580645161287,3.312902864327736
223,2020,43.0,wheat_spring,2.1,
223,2022,43.0,wheat_spring,3.2311428571428573,2.793465528974863
223,2024,43.0,wheat_spring,3.350857142857143,3.219593224722565
224,2020,43.0,wheat_spring,0.857,
224,2022,43.0,wheat_spring,3.079423076923077,2.8224923845973025
224,2024,44.0,wheat_winter,5.0582692307692305,3.834689318779154
225,2020,43.0,wheat_spring,2.335,
225,2022,43.0,wheat_spring,4.58,2.988631377798691
226,2020,43.0,wheat_spring,5.02,
226,2022,43.0,wheat_spring,1.6934999999999998,2.9028283997049313
226,2024,44.0,wheat_winter,4.9315,3.6284846913943003
227,2020,44.0,wheat_winter,5.65,
227,2021,44.0,wheat_winter,2.8346242774566472,
227,2022,44.0,wheat_winter,2.217514450867052,3.067237510301003
228,2020,44.0,wheat_winter,1.3,
228,2021,44.0,wheat_winter,2.4169491525423727,
228,2022,43.0,wheat_spring,4.564745762711865,2.8502381614442296
228,2023,44.0,wheat_winter,1.5016949152542372,3.233168373778383
228,2025,43.0,wheat_spring,3.004576271186441,3.09490413397353
229,2020,44.0,wheat_winter,3.285,
229,2021,44.0,wheat_winter,2.9450000000000003,
229,2022,43.0,wheat_spring,2.841666666666667,2.9063073173107585
229,2023,44.0,wheat_winter,3.443333333333334,3.210712656634413
229,2025,43.0,wheat_spring,3.5050000000000003,2.931910090078259
230,2019,44.0,wheat_winter,4.503,
230,2021,44.0,wheat_winter,2.123766816143498,
230,2023,43.0,wheat_spring,0.9786995515695068,2.8982678303517972
230,2025,43.0,wheat_spring,3.6687443946188343,2.9770409192858134
231,2017,43.0,wheat_spring,1.95,
231,2019,44.0,wheat_winter,4.303,
231,2021,44.0,wheat_winter,3.5069787234042553,
231,2022,44.0,wheat_winter,1.5712340425531914,2.9542696934350965
231,2024,43.0,wheat_spring,3.806382978723404,2.873164871503942
232,2017,43.0,wheat_spring,1.95,
232,2019,44.0,wheat_winter,3.404,
232,2021,44.0,wheat_winter,3.2479729729729727,
232,2022,44.0,wheat_winter,1.847837837837838,2.9791206864047384
232,2024,43.0,wheat_spring,3.330304054054054,2.9652149408936874
233,2020,43.0,wheat_spring,1.75,
233,2021,44.0,wheat_winter,3.6453846153846152,
234,2021,44.0,wheat_winter,5.389142857142858,
234,2022,43.0,wheat_spring,3.975428571428571,2.8391276116960933
234,2023,44.0,wheat_winter,1.7062857142857142,3.284549807362806
