field_id,year,crop_id,target_yield_t_ha,dataset_tag,subset_tag,model_pred_oof_t_ha,model_pred_train_t_ha
195,2010,40.0,17.763,phases,allcrops,19.7599375599964,20.193696402232685
195,2011,40.0,16.394,phases,allcrops,17.615989005521072,16.317737055801167
195,2012,40.0,20.692,phases,allcrops,22.69395773990384,20.5904155197966
195,2013,40.0,19.425,phases,allcrops,17.27344066006204,17.944017243144636
195,2014,40.0,27.474,phases,allcrops,24.43007808185178,25.27460412949184
195,2015,40.0,8.484,phases,allcrops,13.904803551329364,10.134224219968589
195,2016,40.0,23.569,phases,allcrops,20.916634366531163,23.489822284470417
195,2017,40.0,16.511,phases,allcrops,19.429234410757445,17.262829558466905
195,2018,40.0,29.441,phases,allcrops,27.130173956384773,28.98716059728368
195,2019,43.0,29.511,phases,allcrops,34.535652089069806,31.328681904010587
195,2020,20.0,14.514,phases,allcrops,15.140039169729924,13.687915523910286
195,2021,3.0,35.18,phases,allcrops,32.82848800642377,34.701193448778405
195,2022,44.0,24.872,phases,allcrops,24.559291774760467,26.218916165867025
195,2023,44.0,18.031,phases,allcrops,20.91566734790544,18.805960234098343
195,2024,40.0,33.274,phases,allcrops,30.27283556614389,32.42446679153439
195,2025,43.0,28.708,phases,allcrops,30.75564537045521,30.431104981803518
197,2010,40.0,22.141,phases,allcrops,17.273292277175667,19.252806121211783
197,2011,40.0,21.288,phases,allcrops,22.889635782375176,21.93174031817462
197,2012,40.0,15.663,phases,allcrops,19.96583222939544,17.18479307358854
197,2013,40.0,16.961,phases,allcrops,23.43860491672178,19.836162193770328
197,2014,40.0,22.187,phases,allcrops,20.933878722124454,22.185345391000737
197,2015,40.0,20.006,phases,allcrops,21.560028981949003,19.506902303994803
197,2016,40.0,24.004,phases,allcrops,22.93971824900889,23.396473288456782
197,2017,40.0,18.136,phases,allcrops,22.828735910127385,19.650799843672957
197,2018,40.0,30.602,phases,allcrops,27.803773229576457,28.73529654002375
197,2019,43.0,33.518,phases,allcrops,36.828356107203795,33.99105951739266
197,2020,20.0,15.651,phases,allcrops,15.615506871650782,14.061989649047796
197,2021,3.0,37.068,phases,allcrops,33.76317587566688,36.00464090978459
197,2022,44.0,32.342,phases,allcrops,29.540397977613132,33.02365209552634
197,2023,44.0,21.737,phases,allcrops,23.417216006856236,23.048499108588135
197,2024,40.0,32.481,phases,allcrops,30.93411762859903,33.08921917405387
197,2025,43.0,31.238,phases,allcrops,31.843845200943115,31.088550852583662
207,2010,40.0,21.087,phases,allcrops,19.32480947775473,20.15025494750106
207,2011,40.0,17.486,phases,allcrops,21.51247011006783,18.884523288688207
207,2012,40.0,20.149,phases,allcrops,21.391295819109565,19.179391099124334
207,2013,40.0,22.497,phases,allcrops,23.83231699389725,22.5745205055283
207,2014,40.0,22.424,phases,allcrops,21.901618914892556,22.380071495068577
207,2015,40.0,17.668,phases,allcrops,15.740085862636493,16.435400644349293
207,2016,40.0,19.816,phases,allcrops,16.803046764281536,18.57429731956993
207,2017,40.0,15.516,phases,allcrops,19.537226485705816,16.86361578272438
207,2018,40.0,22.995,phases,allcrops,30.019741883341418,27.40363530529597
207,2019,43.0,27.728,phases,allcrops,32.68101228462623,28.8045816654285
207,2020,20.0,11.702,phases,allcrops,15.784096456302246,12.826842601961888
207,2021,3.0,31.641,phases,allcrops,33.025521643344675,33.302635542752064
207,2022,44.0,29.544,phases,allcrops,21.333589664437937,26.99249719321051
207,2023,44.0,21.542,phases,allcrops,19.675520990047506,20.214126401167988
207,2024,40.0,30.323,phases,allcrops,27.915829832649578,30.865017235157758
207,2025,43.0,34.044,phases,allcrops,30.764587164101272,32.447602898328924
208,2010,40.0,24.501,phases,allcrops,20.823327021142436,23.852001013239953
208,2011,40.0,23.01,phases,allcrops,26.178181948375528,23.05116806635988
208,2012,40.0,20.003,phases,allcrops,22.70216222812079,21.220500094584022
208,2013,40.0,27.517,phases,allcrops,26.684073817994108,25.846623762495174
208,2014,40.0,29.195,phases,allcrops,23.347726777230953,26.986015019654932
208,2015,40.0,14.288,phases,allcrops,14.661258957471615,13.744097237679988
208,2016,40.0,21.872,phases,allcrops,21.51294242572513,22.97251043639447
208,2017,40.0,20.779,phases,allcrops,22.471469244753568,21.650327382855632
208,2018,40.0,16.354,phases,allcrops,21.190388741974612,17.90021889299058
208,2019,40.0,21.162,phases,allcrops,24.829371147850964,21.660177789890323
208,2020,43.0,13.906,phases,allcrops,19.23730413198645,15.07394180992453
208,2021,40.0,30.769,phases,allcrops,27.686528017016116,29.57000081392322
208,2022,43.0,34.204,phases,allcrops,25.693676373452945,32.23383566989913
208,2023,43.0,15.494,phases,allcrops,14.273345721912056,15.673188074728728
208,2024,40.0,28.781,phases,allcrops,29.258187509189757,28.719369012439696
208,2025,43.0,30.721,phases,allcrops,33.01609206152817,32.97739969225794
209,2010,40.0,20.058,phases,allcrops,20.334678125895145,20.767159398048722
209,2011,40.0,21.288,phases,allcrops,27.62333993334341,23.268334314918103
209,2012,40.0,21.412,phases,allcrops,22.979562377692893,21.295498003621585
209,2013,40.0,17.872,phases,allcrops,22.433789394163643,19.439452036665447
209,2014,40.0,27.874,phases,allcrops,21.44354584326077,24.54064020047623
209,2015,40.0,19.986,phases,allcrops,23.63775756813875,22.111429735723757
209,2016,40.0,25.161,phases,allcrops,20.701790203750086,25.247719420876496
209,2017,44.0,31.563,phases,allcrops,25.06554554954432,29.586609241715372
209,2018,40.0,23.351,phases,allcrops,26.41103322514912,24.760933062673775
209,2019,20.0,14.083,phases,allcrops,19.486865701166966,15.829108716517414
209,2020,16.0,28.142,phases,allcrops,16.511189614909547,29.231121350210383
209,2021,40.0,23.811,phases,allcrops,25.896984527991634,25.389879860990106
209,2022,43.0,34.979,phases,allcrops,29.374036290989128,34.473222370619794
209,2023,44.0,30.968,phases,allcrops,24.90123611514072,28.605357862667393
209,2024,44.0,56.417,phases,allcrops,31.493457735408345,55.448472172673725
209,2025,40.0,30.953,phases,allcrops,29.374414333012886,29.96273212412802
210,2010,40.0,24.812,phases,allcrops,21.806025048740885,23.20816617372003
210,2011,40.0,23.706,phases,allcrops,26.67951918999684,22.880232149597624
210,2012,40.0,18.137,phases,allcrops,18.82904623748368,17.589735045011064
210,2013,40.0,19.414,phases,allcrops,25.899060892291054,21.81224953862404
210,2014,40.0,29.256,phases,allcrops,29.030107716600053,29.153774529715765
210,2015,40.0,24.408,phases,allcrops,25.840836081466264,24.13244338304166
210,2016,40.0,28.707,phases,allcrops,21.482860784485805,26.928676675076908
210,2017,44.0,24.049,phases,allcrops,28.990674324324775,27.505479027407624
210,2018,21.0,17.359,phases,allcrops,18.416135553591147,16.37217427592161
210,2019,40.0,24.037,phases,allcrops,27.52697660890218,24.42082743030195
210,2020,44.0,21.218,phases,allcrops,18.302484637309632,20.064774134448744
210,2021,40.0,29.186,phases,allcrops,27.774217322329676,29.062721122146517
210,2022,43.0,34.1,phases,allcrops,28.284196224308015,33.66065594264688
210,2023,24.0,16.518,phases,allcrops,21.482137775858007,16.955212519738215
210,2024,44.0,57.541,phases,allcrops,29.897870483118567,52.20482436758742
210,2025,40.0,26.162,phases,allcrops,29.102339701884866,28.037037661478486
211,2017,44.0,18.834,phases,allcrops,22.66173034114025,20.32038484277175
211,2019,40.0,23.18,phases,allcrops,25.1776964117474,23.327748961134514
211,2020,44.0,24.044,phases,allcrops,18.555223894147453,21.44055075880668
211,2021,40.0,29.907,phases,allcrops,27.978658780971216,29.466129516972657
211,2022,43.0,34.704,phases,allcrops,26.953825997068062,32.40692920560357
212,2010,40.0,25.729,phases,allcrops,19.8051943224338,22.693060165588943
212,2011,40.0,21.887,phases,allcrops,25.738949705947732,24.042415963840437
212,2012,40.0,24.481,phases,allcrops,25.148087724584965,22.245353650314087
212,2013,40.0,21.99,phases,allcrops,21.338697697662646,20.89453556100808
212,2014,40.0,24.5,phases,allcrops,25.11148670471185,25.56683160010785
212,2015,40.0,16.854,phases,allcrops,22.189058932004492,18.287828731892407
212,2016,40.0,27.669,phases,allcrops,19.616327841642946,23.85596680944081
212,2017,40.0,16.862,phases,allcrops,19.00157033107257,17.979140327266542
212,2018,40.0,13.272,phases,allcrops,18.741146637734726,13.967079396990417
212,2019,40.0,24.78,phases,allcrops,25.598733933741322,23.308787935426082
212,2020,43.0,13.132,phases,allcrops,16.767146598575646,13.764730843269689
212,2021,40.0,32.197,phases,allcrops,27.634500946895066,30.840031417752485
212,2022,43.0,30.777,phases,allcrops,28.3202057160433,31.515145782807316
212,2023,43.0,16.78,phases,allcrops,16.557253180558327,16.410759946486024
212,2024,40.0,31.718,phases,allcrops,29.25057797184993,31.584086528417753
212,2025,43.0,28.967,phases,allcrops,28.61068544495685,28.649180889390923
213,2010,40.0,21.619,phases,allcrops,20.037386227473416,21.296673702718746
213,2011,40.0,19.84,phases,allcrops,24.691856802516906,20.185990512570083
213,2012,40.0,16.418,phases,allcrops,21.18423579790655,19.139597951523946
213,2013,40.0,20.484,phases,allcrops,25.323411652931824,20.731086597521063
213,2014,40.0,24.244,phases,allcrops,24.669080057952424,25.17090239565601
213,2015,40.0,21.305,phases,allcrops,23.023965290731756,22.087505571201962
213,2016,40.0,24.174,phases,allcrops,18.192496336487654,22.899314376355346
213,2017,40.0,24.459,phases,allcrops,18.892109143226733,21.57294276214549
213,2018,40.0,26.765,phases,allcrops,23.402728457218803,25.307825549513158
213,2019,20.0,19.759,phases,allcrops,18.67821077720359,17.068316889343684
213,2020,43.0,15.964,phases,allcrops,18.578678905591655,15.60581865046077
213,2021,43.0,33.956,phases,allcrops,29.360511630699364,31.084477959917788
213,2022,40.0,23.059,phases,allcrops,26.23709320596095,24.78772406154173
213,2023,43.0,16.769,phases,allcrops,18.0486603614039,17.556941245340223
213,2025,3.0,30.796,phases,allcrops,35.90435768848569,33.28800736248174
214,2010,40.0,19.55,phases,allcrops,20.38785681099729,21.42119536881372
214,2011,40.0,20.53,phases,allcrops,23.659225512824143,20.594953879976565
214,2012,40.0,16.657,phases,allcrops,20.721816187230047,18.056299915336343
214,2013,40.0,20.64,phases,allcrops,24.862374282868252,20.310280575788887
214,2014,40.0,26.513,phases,allcrops,23.648499606627865,24.97058421288836
214,2015,40.0,22.145,phases,allcrops,22.698155186071137,21.922914635564503
214,2016,40.0,23.114,phases,allcrops,17.313556969413764,22.833825290174985
214,2017,40.0,24.927,phases,allcrops,19.66168625274218,22.545121559600773
214,2018,40.0,26.65,phases,allcrops,23.35781504047244,24.569849879144783
214,2019,40.0,21.573,phases,allcrops,26.27132284559536,23.183078271785913
214,2020,43.0,15.097,phases,allcrops,17.828971141919602,14.534459656554906
214,2021,43.0,28.408,phases,allcrops,29.108360702835473,29.803630182711483
214,2022,40.0,23.271,phases,allcrops,25.641731601642054,24.486865308059205
214,2023,43.0,16.104,phases,allcrops,16.18515769909665,16.250384958729008
214,2025,3.0,30.119,phases,allcrops,34.44586625223175,31.452532215307002
215,2010,40.0,25.285,phases,allcrops,18.694795042845815,22.548617824290606
215,2011,40.0,22.013,phases,allcrops,24.804479244916113,23.212302694370308
215,2012,40.0,19.233,phases,allcrops,20.09280744591613,18.779575347342842
215,2013,40.0,11.653,phases,allcrops,17.102802685415664,12.867678963982378
215,2014,40.0,26.138,phases,allcrops,25.85961971948695,25.563027155296776
215,2015,40.0,14.253,phases,allcrops,13.61400791924844,13.14620486764413
215,2016,40.0,19.726,phases,allcrops,23.009374263342128,23.639798456021285
215,2017,20.0,15.818,phases,allcrops,19.928460532861866,15.670031458953886
215,2018,40.0,23.53,phases,allcrops,23.209460620383627,23.399554727222828
215,2019,40.0,21.773,phases,allcrops,26.867760265989062,23.066710874904736
215,2020,43.0,15.953,phases,allcrops,24.220168679071804,18.25151657147574
215,2021,40.0,26.547,phases,allcrops,22.317150552426487,24.86852847283427
215,2022,43.0,27.345,phases,allcrops,26.018638453635646,28.518667963702573
215,2023,3.0,24.396,phases,allcrops,23.893797267676216,23.966150300680287
215,2024,44.0,42.056,phases,allcrops,32.1909601196738,42.6408441636835
215,2025,40.0,25.924,phases,allcrops,26.061407392530278,26.452949027209804
216,2010,40.0,28.838,phases,allcrops,24.72114308011418,27.373660877354297
216,2011,40.0,24.407,phases,allcrops,25.718879787650025,24.828990418898815
216,2012,40.0,24.394,phases,allcrops,24.720122590460708,24.199222815299418
216,2013,40.0,24.091,phases,allcrops,27.86337401628911,25.542175883846383
216,2014,40.0,29.909,phases,allcrops,24.23596686929736,27.626799327690765
216,2015,40.0,27.174,phases,allcrops,24.518983719374642,25.3400129307674
216,2016,40.0,26.756,phases,allcrops,24.51707827280345,28.152883212604685
216,2017,20.0,16.878,phases,allcrops,26.91062322554777,17.051080054695376
216,2018,40.0,21.175,phases,allcrops,26.470439082659873,22.67153017307616
216,2019,40.0,21.598,phases,allcrops,26.054137307095832,22.09044221240616
216,2020,43.0,21.373,phases,allcrops,25.055863751022585,21.090087236425557
216,2021,40.0,26.041,phases,allcrops,26.102359843435035,27.140767623472776
216,2022,43.0,39.809,phases,allcrops,35.189837644982155,39.227364518566255
216,2023,3.0,25.551,phases,allcrops,30.42125330038214,27.29321569312097
216,2024,44.0,53.586,phases,allcrops,35.865880664694814,51.38411871053879
216,2025,40.0,28.421,phases,allcrops,30.114357136693744,28.777552863194828
217,2010,40.0,20.382,phases,allcrops,20.732965220978276,21.144509339131048
217,2011,40.0,24.75,phases,allcrops,22.311597933713404,22.905578922361432
217,2012,40.0,16.152,phases,allcrops,19.497311475250175,16.252003788578772
217,2013,40.0,22.975,phases,allcrops,22.333592593453712,20.969258102794466
217,2014,40.0,30.689,phases,allcrops,29.42087657071499,30.11734659787175
217,2015,40.0,12.51,phases,allcrops,15.144719665219275,13.091624865965542
217,2016,40.0,22.364,phases,allcrops,23.331910985535373,23.730350307354403
217,2017,20.0,9.526,phases,allcrops,21.994668887435704,13.722269849454156
217,2018,40.0,11.881,phases,allcrops,18.48149530960024,13.177402020372924
217,2019,40.0,21.411,phases,allcrops,25.282493081473547,21.56410561177402
217,2020,43.0,19.61,phases,allcrops,16.379183944456425,15.90130621712228
217,2021,40.0,31.133,phases,allcrops,27.984550418888837,30.592576446879416
217,2022,43.0,34.127,phases,allcrops,27.692551022878742,32.93163179707112
217,2023,3.0,16.278,phases,allcrops,24.825264891387715,17.17049234071372
217,2024,40.0,33.542,phases,allcrops,30.684764725771412,32.84648327536943
217,2025,43.0,27.186,phases,allcrops,29.477841974481503,28.85195052068405
218,2010,40.0,24.997,phases,allcrops,19.70357029738982,23.475747389419737
218,2011,40.0,16.986,phases,allcrops,17.92451044305971,17.625010749192953
218,2012,40.0,18.592,phases,allcrops,19.65254077129203,18.47220436153486
218,2013,40.0,13.76,phases,allcrops,17.52311595051965,14.066415931569855
218,2014,40.0,21.887,phases,allcrops,19.233311249007823,19.98079890502047
218,2015,40.0,18.712,phases,allcrops,18.595485508473708,18.442338255506225
218,2016,40.0,14.839,phases,allcrops,16.173971092643537,17.048567739764565
218,2017,40.0,12.974,phases,allcrops,18.90123392305408,16.256284255787158
218,2018,40.0,16.403,phases,allcrops,17.594032802875752,15.716762350629601
218,2019,40.0,17.299,phases,allcrops,23.46081256296475,20.56845589285892
218,2020,43.0,17.929,phases,allcrops,16.393465490450627,15.428920890845585
218,2021,40.0,25.34,phases,allcrops,22.265963893629383,24.21274047622408
218,2022,43.0,25.543,phases,allcrops,23.025559650910076,26.10285803458603
218,2023,3.0,23.995,phases,allcrops,27.65383377495752,24.0832110904887
218,2024,43.0,34.0,phases,allcrops,31.97757885675281,36.229406041605905
218,2025,43.0,26.461,phases,allcrops,29.36008214100575,29.232220277744606
219,2010,40.0,24.063,phases,allcrops,21.49860156758922,23.58995498558675
219,2011,40.0,20.567,phases,allcrops,24.621495499936675,21.919409684803096
219,2012,40.0,18.639,phases,allcrops,21.558684768088316,19.68829502069264
219,2013,40.0,17.676,phases,allcrops,22.44842800139799,19.751420362552917
219,2014,40.0,23.038,phases,allcrops,26.09230053111814,24.898881840687114
219,2015,40.0,25.288,phases,allcrops,25.06967166692622,24.530526916778527
219,2016,40.0,22.132,phases,allcrops,18.145958202784012,23.14440028728282
219,2017,44.0,30.346,phases,allcrops,32.04319444657002,31.402962475211826
219,2018,40.0,18.597,phases,allcrops,20.796515634368905,19.218229618945195
219,2019,40.0,21.936,phases,allcrops,25.321784800392237,22.948461634973178
219,2020,43.0,11.434,phases,allcrops,16.156675143580305,13.163988702213873
219,2021,40.0,32.401,phases,allcrops,28.07885583987671,31.557292411746193
219,2022,43.0,34.281,phases,allcrops,27.500998994969603,32.88806679062972
219,2023,40.0,26.039,phases,allcrops,22.558283610346304,23.066891747452075
219,2024,43.0,33.588,phases,allcrops,34.13672115362475,33.85494221981452
219,2025,3.0,38.607,phases,allcrops,34.55262301285615,37.73638546654987
220,2010,40.0,19.949,phases,allcrops,19.927759823201608,21.323864461040493
220,2011,40.0,24.819,phases,allcrops,20.826222661764128,22.395241456485884
220,2012,40.0,17.906,phases,allcrops,21.237926789094296,18.260183627526153
220,2013,40.0,18.199,phases,allcrops,19.44122442576883,18.687385244559945
220,2014,40.0,20.431,phases,allcrops,22.465438183324874,21.493430867685458
220,2015,40.0,23.007,phases,allcrops,23.540480372212443,21.724621717552434
220,2016,40.0,27.921,phases,allcrops,20.215557941388614,26.647400606450915
220,2017,20.0,20.171,phases,allcrops,16.486104613373648,17.799041391767304
220,2018,40.0,19.641,phases,allcrops,21.130805806884556,19.125868479255935
220,2019,40.0,22.518,phases,allcrops,24.61295069947682,22.998000361607293
220,2020,43.0,17.675,phases,allcrops,25.93812315404107,21.14811141000409
220,2021,40.0,25.487,phases,allcrops,27.50824216475355,28.153207222943077
220,2022,43.0,32.34,phases,allcrops,28.332239335713624,32.444812820266996
220,2023,3.0,25.408,phases,allcrops,30.095359975503424,25.198114131116572
220,2024,43.0,39.769,phases,allcrops,33.848895741020314,39.2608922906463
220,2025,43.0,36.214,phases,allcrops,30.969479357538205,34.28405511258613
221,2017,20.0,12.331,phases,allcrops,25.671741947098273,14.315302554380152
221,2019,40.0,28.217,phases,allcrops,25.2587792256106,24.266363638613335
221,2020,43.0,28.632,phases,allcrops,26.77214753507355,29.921895305653283
221,2021,40.0,27.167,phases,allcrops,26.930763531732,27.346049947735036
221,2022,43.0,41.328,phases,allcrops,37.164906028453046,41.28632335217093
222,2010,40.0,24.025,phases,allcrops,20.20203224847873,22.27818751665286
222,2011,40.0,22.814,phases,allcrops,24.876176591233953,23.662628310225823
222,2012,40.0,13.562,phases,allcrops,19.176095205203424,15.370967093503083
222,2013,40.0,11.753,phases,allcrops,14.04577521812638,11.259931698794258
222,2014,40.0,23.248,phases,allcrops,26.76655452580152,23.928914870767308
222,2015,40.0,19.893,phases,allcrops,17.41093880044462,18.901432322131214
222,2016,40.0,16.724,phases,allcrops,21.04057997882136,18.05801029777198
222,2017,20.0,14.756,phases,allcrops,23.46782607187367,14.81134930380023
222,2018,40.0,20.337,phases,allcrops,18.580833202008137,18.13744982712451
222,2019,40.0,25.605,phases,allcrops,23.00724318622237,22.211720714329523
222,2020,43.0,9.872,phases,allcrops,16.938846686060323,12.816222446263577
222,2021,40.0,27.129,phases,allcrops,27.01738823184856,28.112668447121138
222,2022,43.0,34.904,phases,allcrops,28.590476954390855,33.526749899601874
222,2023,3.0,20.631,phases,allcrops,24.523772582259543,20.026238027533147
222,2024,43.0,42.83,phases,allcrops,32.46652075932628,41.72163552495698
222,2025,40.0,29.642,phases,allcrops,27.143175006157595,27.897419630455154
223,2010,40.0,28.213,phases,allcrops,22.38817834375172,25.47334400701673
223,2011,40.0,29.624,phases,allcrops,22.467936345785255,24.764219704313227
223,2012,40.0,13.923,phases,allcrops,21.74845110707269,17.417612203469684
223,2013,40.0,14.59,phases,allcrops,15.43405428463124,13.829457446796843
223,2014,40.0,24.033,phases,allcrops,26.0565801983446,24.79489625382413
223,2015,40.0,14.01,phases,allcrops,16.90391260957008,15.435430791296179
223,2016,40.0,21.369,phases,allcrops,21.83788574143181,20.68731665133823
223,2017,20.0,15.957,phases,allcrops,24.0188662977774,16.357226960215197
223,2018,40.0,15.562,phases,allcrops,16.172324881071663,14.839605304024726
223,2019,40.0,24.601,phases,allcrops,25.622828665141597,23.853748014889305
223,2020,43.0,11.26,phases,allcrops,16.62894054466337,13.504347506530644
223,2021,40.0,26.7,phases,allcrops,27.005106063063554,27.909076820319264
223,2022,43.0,28.408,phases,allcrops,27.49353662487036,30.018355117684145
223,2023,3.0,19.374,phases,allcrops,25.20920766032142,20.789576584124095
223,2024,43.0,42.385,phases,allcrops,32.63834636701716,40.34423422943745
223,2025,40.0,27.165,phases,allcrops,28.13638256337524,28.31953965237095
224,2010,40.0,27.485,phases,allcrops,24.4283426235135,27.98852873953264
224,2011,40.0,22.157,phases,allcrops,25.705301273941537,23.586267720986825
224,2012,40.0,28.529,phases,allcrops,22.385448637927777,24.44028905501484
224,2013,40.0,24.626,phases,allcrops,24.999087353951282,24.220545760667402
224,2014,40.0,26.593,phases,allcrops,25.76248440519977,26.318910282103058
224,2015,40.0,19.421,phases,allcrops,22.824798116362278,20.43605524171768
224,2016,40.0,27.308,phases,allcrops,25.09414432478144,27.533057553528295
224,2017,20.0,18.488,phases,allcrops,21.809338324873654,17.764886590929528
224,2018,40.0,21.925,phases,allcrops,20.853541465993214,20.369736737792973
224,2019,40.0,23.3,phases,allcrops,26.84570903354778,24.09919367397231
224,2020,43.0,17.282,phases,allcrops,19.635685879165052,16.528602442564505
224,2021,40.0,24.671,phases,allcrops,25.75466787727456,26.140667911421165
224,2022,43.0,33.052,phases,allcrops,30.72909190335135,33.580806348441854
224,2023,3.0,22.415,phases,allcrops,26.61152965301064,24.405606214509504
224,2024,44.0,49.363,phases,allcrops,33.75600875501854,49.82282260007645
224,2025,40.0,29.077,phases,allcrops,25.592845617882993,28.121268624445122
225,2017,20.0,20.693,phases,allcrops,28.659158837797996,20.522390450323098
225,2019,40.0,19.401,phases,allcrops,26.15016112776747,21.567564719438934
225,2020,43.0,35.471,phases,allcrops,28.28085107745085,32.055656008251965
225,2021,40.0,21.724,phases,allcrops,21.4364339221144,21.57088237832156
225,2022,43.0,45.8,phases,allcrops,37.368013300184295,45.26985529811388
226,2010,40.0,20.662,phases,allcrops,18.540722452265737,20.066143449999146
226,2011,40.0,25.954,phases,allcrops,24.682719915910464,24.53811519118631
226,2012,40.0,13.478,phases,allcrops,20.422135626602834,17.292384187181437
226,2013,40.0,18.177,phases,allcrops,24.16839957744628,18.744595730230763
226,2014,40.0,22.283,phases,allcrops,25.25846033267689,23.65489930930146
226,2015,40.0,18.338,phases,allcrops,24.596084282993548,21.429245699785618
226,2016,40.0,27.698,phases,allcrops,20.613789248218506,25.182185331297834
226,2017,40.0,26.29,phases,allcrops,22.386812601931627,23.021756522987168
226,2018,40.0,20.143,phases,allcrops,23.730470338926505,21.58013209947474
226,2019,40.0,23.403,phases,allcrops,24.445037793912366,22.71557395468478
226,2020,43.0,15.046,phases,allcrops,18.309613433282184,14.54032327242949
226,2021,40.0,27.516,phases,allcrops,25.422565313452925,26.198354158263424
226,2022,43.0,29.26,phases,allcrops,30.378149968041125,31.34238302171857
226,2023,3.0,21.623,phases,allcrops,24.166135909672654,21.976955447077877
226,2024,44.0,45.445,phases,allcrops,30.771040279856077,47.56402285001501
226,2025,40.0,32.845,phases,allcrops,26.273244009822964,29.45195498852796
227,2010,40.0,27.361,phases,allcrops,21.744021251286675,24.71161360679897
227,2011,40.0,17.692,phases,allcrops,21.798079354313714,18.809211688184874
227,2012,40.0,16.476,phases,allcrops,16.782339189757206,16.80298304347377
227,2013,40.0,20.165,phases,allcrops,21.31591021156237,21.10616227161513
227,2014,40.0,24.01,phases,allcrops,20.741744252798107,22.498399651748446
227,2015,40.0,16.342,phases,allcrops,22.25339299077484,18.306103942116376
227,2016,40.0,18.933,phases,allcrops,18.076044062162563,18.256481941822635
227,2017,40.0,17.968,phases,allcrops,23.05194423971256,19.222201159146785
227,2018,40.0,24.438,phases,allcrops,24.711209747275554,23.74030806455145
227,2019,20.0,19.179,phases,allcrops,17.949565397995677,17.09982841940508
227,2020,44.0,22.098,phases,allcrops,19.16017226067441,20.889007238020707
227,2021,44.0,35.711,phases,allcrops,37.17890282802038,37.12749676036982
227,2022,44.0,32.383,phases,allcrops,27.02139210785661,32.14711606525968
227,2023,40.0,25.029,phases,allcrops,25.97255746253568,25.061407234587186
227,2024,3.0,35.776,phases,allcrops,35.39786074456322,36.44631621420634
227,2025,24.0,28.22,phases,allcrops,21.73506153568938,26.257288057347353
228,2010,40.0,23.478,phases,allcrops,19.4784993592818,22.811247509267016
228,2011,40.0,18.424,phases,allcrops,22.568057691434245,22.617101412998682
228,2012,40.0,11.162,phases,allcrops,16.879449136223737,11.968329475192288
228,2013,40.0,24.112,phases,allcrops,28.848042625253534,23.06655766700424
228,2014,40.0,30.21,phases,allcrops,27.310066495118885,31.174161142591622
228,2015,40.0,16.277,phases,allcrops,18.270360281762784,16.29040759693629
228,2016,40.0,15.54,phases,allcrops,22.710921941168085,17.604943714292187
228,2017,40.0,30.466,phases,allcrops,27.86065227464026,28.943141454890217
228,2018,16.0,64.855,phases,allcrops,17.6243582238898,50.17166976959071
228,2019,36.0,22.165,phases,allcrops,28.99138903596576,21.7994791166206
228,2020,44.0,20.305,phases,allcrops,21.9500043744245,22.48880527577377
228,2021,44.0,37.058,phases,allcrops,39.18118092842182,37.958684589046904
228,2022,43.0,32.991,phases,allcrops,29.9044567624866,33.68353896553766
228,2023,44.0,22.995,phases,allcrops,25.438868804520386,24.25052170010246
228,2024,40.0,26.042,phases,allcrops,35.55142734289026,30.32275964172354
228,2025,43.0,35.23,phases,allcrops,37.432951738118106,34.9819537852433
229,2010,40.0,14.924,phases,allcrops,13.671882381019984,16.09445508319783
229,2011,40.0,16.809,phases,allcrops,15.234512455365753,16.196042080004602
229,2012,40.0,9.024,phases,allcrops,15.044463230347974,10.771499918836737
229,2013,40.0,18.671,phases,allcrops,26.02019955077912,20.184030976655887
229,2014,40.0,18.888,phases,allcrops,19.542396164727265,19.066394389117644
229,2015,40.0,16.917,phases,allcrops,15.079464938936189,14.970710800526033
229,2016,40.0,15.335,phases,allcrops,16.617240784272315,15.461847964229863
229,2017,40.0,23.881,phases,allcrops,22.397346000044045,23.099224692098716
229,2018,16.0,28.837,phases,allcrops,17.287452985710885,30.471294894012967
229,2019,36.0,16.983,phases,allcrops,22.187861330910735,16.431751253622533
229,2020,44.0,22.21,phases,allcrops,20.82411323811962,21.56824233820836
229,2021,44.0,24.469,phases,allcrops,24.29277682378467,25.295297725726872
229,2022,43.0,26.656,phases,allcrops,20.136844976802653,25.23510944412214
229,2023,44.0,20.76,phases,allcrops,21.68782867253158,21.519669039238185
229,2024,40.0,20.838,phases,allcrops,23.340008589910052,22.18012229695699
229,2025,43.0,31.488,phases,allcrops,31.809306063174354,29.64623635595317
230,2010,40.0,25.814,phases,allcrops,22.839690257589766,24.975090127344597
230,2011,40.0,17.643,phases,allcrops,24.437569208177123,20.029321088991864
230,2012,40.0,22.159,phases,allcrops,24.931990945615816,22.05855152023152
230,2013,40.0,28.546,phases,allcrops,22.67073068500162,23.49382966553968
230,2014,40.0,20.745,phases,allcrops,24.858243688750196,24.153277685949178
230,2015,40.0,20.985,phases,allcrops,21.734593788405537,19.940146798601287
230,2016,40.0,21.473,phases,allcrops,17.37230899352116,19.956266731758785
230,2017,40.0,28.902,phases,allcrops,29.2723341802355,28.216233788776883
230,2018,40.0,16.839,phases,allcrops,20.831066338938115,18.176864748252424
230,2019,44.0,39.929,phases,allcrops,33.22703311304297,40.84940096044756
230,2020,21.0,12.317,phases,allcrops,16.143891143124872,13.65638575229312
230,2021,44.0,31.34,phases,allcrops,34.12514978492342,32.76996669610496
230,2022,40.0,31.92,phases,allcrops,24.37574898446548,28.54537393847292
230,2023,43.0,15.378,phases,allcrops,14.473701806136162,15.309943780889952
230,2024,40.0,31.278,phases,allcrops,28.648242693681333,31.215538689788893
230,2025,43.0,29.788,phases,allcrops,31.534570261840972,31.6922804569667
231,2010,40.0,27.244,phases,allcrops,21.2262633447661,24.998113551198962
231,2011,40.0,16.755,phases,allcrops,21.904423887889966,18.70525838001135
231,2012,40.0,17.558,phases,allcrops,19.01330483058144,18.456999569805692
231,2013,40.0,22.302,phases,allcrops,26.358949837622507,22.862805553083483
231,2014,40.0,26.751,phases,allcrops,24.07863633180986,25.309393612451256
231,2015,40.0,19.308,phases,allcrops,19.88951770584026,19.103155407740545
231,2016,40.0,33.901,phases,allcrops,23.812458540294955,31.162812114150253
231,2017,43.0,22.209,phases,allcrops,21.492658979235742,21.984735025915178
231,2018,36.0,9.584,phases,allcrops,21.401321151933814,14.153414643018897
231,2019,44.0,42.558,phases,allcrops,31.896002079294387,40.82465897700991
231,2020,21.0,16.897,phases,allcrops,14.666875483631243,15.587871817425723
231,2021,44.0,34.016,phases,allcrops,32.382113518957986,33.50415599415709
231,2022,44.0,22.88,phases,allcrops,23.261269087077626,22.754980187921085
231,2023,40.0,22.106,phases,allcrops,19.413707995919783,20.90914231607535
231,2024,43.0,36.423,phases,allcrops,34.93880946646841,38.56283425207014
231,2025,24.0,24.7,phases,allcrops,21.779896951266185,25.133742620259707
232,2010,40.0,20.457,phases,allcrops,22.07098924318785,21.86927877775327
232,2011,40.0,17.736,phases,allcrops,20.23488988930439,17.885349683136653
232,2012,40.0,23.602,phases,allcrops,24.45227482554437,23.504134194379613
232,2013,40.0,23.915,phases,allcrops,22.900344150308854,24.566023206547026
232,2014,40.0,24.254,phases,allcrops,25.05916351838868,25.469964477881785
232,2015,40.0,13.354,phases,allcrops,18.302689664690682,15.136502774897625
232,2016,40.0,22.876,phases,allcrops,23.180298177907055,23.10056519535605
232,2017,43.0,27.603,phases,allcrops,29.974330576211536,28.987480402292988
232,2018,36.0,12.02,phases,allcrops,19.21661310744785,14.090697179812523
232,2019,44.0,41.161,phases,allcrops,29.67174453634648,38.821704030369744
232,2020,21.0,18.421,phases,allcrops,13.948099957340293,15.60369310401931
232,2021,44.0,29.818,phases,allcrops,35.065123939071476,33.05876964133761
232,2022,44.0,18.508,phases,allcrops,20.283297616096213,19.607380558663557
232,2023,40.0,23.085,phases,allcrops,23.406925739745077,23.211472648879123
232,2024,43.0,41.416,phases,allcrops,33.21057093562092,38.715540851144176
232,2025,24.0,24.7,phases,allcrops,20.6085222824047,25.346190275289672
233,2010,40.0,29.024,phases,allcrops,21.86010319716141,26.397197457414716
233,2011,40.0,21.271,phases,allcrops,23.153781989308207,22.659470355632855
233,2012,40.0,19.567,phases,allcrops,20.596292330281276,19.031950628403685
233,2013,40.0,15.523,phases,allcrops,19.908576600329006,15.654661721548317
233,2014,40.0,24.834,phases,allcrops,30.37024671664805,26.869589011956286
233,2015,40.0,22.576,phases,allcrops,22.056504154849893,21.658233585821556
233,2016,40.0,22.677,phases,allcrops,19.02298636009751,21.49106221957381
233,2017,40.0,20.928,phases,allcrops,19.169895430384344,20.644048502389357
233,2018,40.0,19.316,phases,allcrops,24.615192288709547,21.163974960722648
233,2019,40.0,25.64,phases,allcrops,25.591396126617767,23.66006495050803
233,2020,43.0,17.5,phases,allcrops,21.717527763607535,17.831681228271307
233,2021,44.0,34.056,phases,allcrops,34.18900362449002,34.06910056747582
233,2022,46.0,44.169231,phases,allcrops,26.95397689446605,38.47037350148692
234,2010,40.0,30.815,phases,allcrops,24.242997062097754,28.324278987422375
234,2011,40.0,25.765,phases,allcrops,23.188369586517638,24.447469244032703
234,2012,40.0,17.617,phases,allcrops,24.434131401166606,20.406613396983982
234,2013,40.0,21.286,phases,allcrops,26.378997745519612,22.38931027097723
234,2014,40.0,22.455,phases,allcrops,19.485270121885932,21.945513224625884
234,2015,40.0,23.784,phases,allcrops,21.162896568972716,23.025566273411407
234,2016,40.0,27.932,phases,allcrops,24.269037037410115,26.887258926584302
234,2017,40.0,27.084,phases,allcrops,23.104306324974832,25.155506312245
234,2018,40.0,21.424,phases,allcrops,24.473566506517013,22.698094292604587
234,2019,33.0,6.081,phases,allcrops,22.926876145939076,10.063548561123106
234,2021,44.0,38.293,phases,allcrops,35.02728264086385,36.018642827370996
234,2022,43.0,35.318,phases,allcrops,30.828689392949727,36.510756253902855
234,2023,44.0,24.153,phases,allcrops,25.57101613688076,24.991445811187855
234,2024,40.0,26.562,phases,allcrops,28.48523897616765,26.637477150452032
234,2025,62.0,44.593,phases,allcrops,37.60850578859343,43.827315604329264
