field_id,year,crop_id,target_yield_t_ha,model_pred_oof_t_ha,model_pred_train_t_ha
195,2010,40.0,17.763,19.303534089962255,20.336385118680234
195,2011,40.0,16.394,17.392291578144825,16.92213656400559
195,2012,40.0,20.692,23.350847404929333,20.990877715473474
195,2013,40.0,19.425,17.652778421618372,17.940065824359316
195,2014,40.0,27.474,24.2692646146913,25.726567618425396
195,2015,40.0,8.484,13.878623721859894,9.86092149267773
195,2016,40.0,23.569,21.485769988295655,24.177163081242497
195,2017,40.0,16.511,20.406189309448393,17.027404150630037
195,2018,40.0,29.441,27.100438690970424,28.667676188556587
195,2019,43.0,29.511,32.65157918345649,30.968927535064445
195,2020,20.0,14.514,15.157695292749038,13.44210202076386
195,2021,3.0,35.18,32.79196985379977,35.17396950717788
195,2022,44.0,24.872,24.301596909525266,25.840011145547958
195,2023,44.0,18.031,19.177215567443334,18.89551643733782
195,2024,40.0,33.274,28.93831536295846,32.278370939409385
195,2025,43.0,28.708,31.509518442345204,30.842277528327255
197,2010,40.0,22.141,17.39245452126447,19.212795447955124
197,2011,40.0,21.288,24.05204357437783,22.27559847511486
197,2012,40.0,15.663,20.032448094752542,16.798439490727805
197,2013,40.0,16.961,23.38559222518279,20.258870872272247
197,2014,40.0,22.187,21.03693587277403,22.11886252040839
197,2015,40.0,20.006,21.748583500898036,19.263640058857256
197,2016,40.0,24.004,22.19872735715915,23.479653101523304
197,2017,40.0,18.136,22.34034755630821,19.973043449875444
197,2018,40.0,30.602,28.26940102920103,28.81097209180646
197,2019,43.0,33.518,35.86397379565752,34.71273132268767
197,2020,20.0,15.651,16.38626017457964,14.238027579579096
197,2021,3.0,37.068,34.34825960805155,36.32199095463349
197,2022,44.0,32.342,29.70632130958582,32.53739233155291
197,2023,44.0,21.737,23.08843319828456,23.285869619114468
197,2024,40.0,32.481,29.569571772496918,32.86554290143561
197,2025,43.0,31.238,33.211486096522,31.771763040227363
207,2010,40.0,21.087,19.464386711671036,20.550416796150706
207,2011,40.0,17.486,21.819637067440198,18.7683380410554
207,2012,40.0,20.149,21.59718987683384,19.464528910186615
207,2013,40.0,22.497,25.7983619226789,22.92718386786622
207,2014,40.0,22.424,21.004333161517245,22.224295819697026
207,2015,40.0,17.668,16.535396230648743,15.890503652954445
207,2016,40.0,19.816,16.58427036638678,19.187321126719713
207,2017,40.0,15.516,19.23822123989831,16.77270600064887
207,2018,40.0,22.995,28.971221100076708,27.098972711202627
207,2019,43.0,27.728,30.767892042298623,28.134358565319307
207,2020,20.0,11.702,16.00353727268001,12.665934601001684
207,2021,3.0,31.641,32.47829200722904,33.60317184337276
207,2022,44.0,29.544,20.771963625105844,26.557845461257795
207,2023,44.0,21.542,17.78403145838201,19.696363923247493
207,2024,40.0,30.323,26.62496276597764,30.685471207751345
207,2025,43.0,34.044,29.82148102404216,32.8262333443143
208,2010,40.0,24.501,21.130396427679845,23.65477769637284
208,2011,40.0,23.01,25.896256773529792,23.468013492441884
208,2012,40.0,20.003,23.76138235872309,21.29442307767499
208,2013,40.0,27.517,26.269450670263357,26.205874987184245
208,2014,40.0,29.195,22.274167796165816,26.48822175134183
208,2015,40.0,14.288,14.387221468378087,13.558787461970146
208,2016,40.0,21.872,21.56444617588512,23.14136266330297
208,2017,40.0,20.779,23.575509496416398,21.056806048832055
208,2018,40.0,16.354,21.39171583955737,17.967613319426647
208,2019,40.0,21.162,23.12231572777741,21.159280231600736
208,2020,43.0,13.906,17.966542473074252,14.916963842961353
208,2021,40.0,30.769,27.056224609078274,28.736733871428825
208,2022,43.0,34.204,24.86489369636436,33.12520423925086
208,2023,43.0,15.494,17.0331666337446,15.478812035059613
208,2024,40.0,28.781,28.686227400932403,28.41619833094996
208,2025,43.0,30.721,32.872801290264796,32.94069272473788
209,2010,40.0,20.058,20.580575005782915,21.327720096181746
209,2011,40.0,21.288,28.270373520324327,23.24414330360171
209,2012,40.0,21.412,22.5492127942841,21.970860436661038
209,2013,40.0,17.872,21.998785401416065,19.118260040595334
209,2014,40.0,27.874,21.923651330347766,24.45184532915497
209,2015,40.0,19.986,24.204962062049304,21.86861028457928
209,2016,40.0,25.161,20.337289412611263,24.75705127491452
209,2017,44.0,31.563,25.331018736329035,28.787714081225484
209,2018,40.0,23.351,27.021992801659152,25.45355495192894
209,2019,20.0,14.083,18.30756757413738,15.398133410887807
209,2020,16.0,28.142,15.369029200435453,29.682109329192457
209,2021,40.0,23.811,25.81310269023829,25.060086729414255
209,2022,43.0,34.979,30.87129294663772,34.57242382538367
209,2023,44.0,30.968,24.31704267294908,29.225808813536396
209,2024,44.0,56.417,31.342048247293576,55.29514779670349
209,2025,40.0,30.953,28.072880900198154,29.027238210586457
210,2010,40.0,24.812,21.668726086159396,22.970706119483598
210,2011,40.0,23.706,26.32843862127229,22.606297867061752
210,2012,40.0,18.137,18.51819218647039,17.01312124171575
210,2013,40.0,19.414,27.15033043401827,22.532577153582228
210,2014,40.0,29.256,29.320297605624308,29.839344012198705
210,2015,40.0,24.408,26.07459102632294,24.392475178178582
210,2016,40.0,28.707,20.69567454447684,26.127313181452553
210,2017,44.0,24.049,30.327605075597255,27.617782686569445
210,2018,21.0,17.359,20.003065141894663,16.87189306269423
210,2019,40.0,24.037,27.700552166807753,24.335683178968672
210,2020,44.0,21.218,17.61286361925096,20.023095534736772
210,2021,40.0,29.186,28.223834359949137,29.469073507614965
210,2022,43.0,34.1,28.582891800020075,33.190049737078084
210,2023,24.0,16.518,21.859220084692893,16.790322010063974
210,2024,44.0,57.541,29.58949247423709,53.781645078143605
210,2025,40.0,26.162,27.525538626619444,27.882780334379525
211,2017,44.0,18.834,23.02705906584522,20.364970770682273
211,2019,40.0,23.18,25.07053006753369,23.15656249532957
211,2020,44.0,24.044,17.759694570991293,21.91011400868164
211,2021,40.0,29.907,27.83722941847951,29.56519120448202
211,2022,43.0,34.704,27.05095484943252,32.790917924214625
212,2010,40.0,25.729,19.2410674693885,22.581820825242005
212,2011,40.0,21.887,25.343984904752393,24.01267344138449
212,2012,40.0,24.481,26.087493051623095,23.699634491916875
212,2013,40.0,21.99,21.397649405126582,20.625682709904062
212,2014,40.0,24.5,23.335599095538512,24.718810272672332
212,2015,40.0,16.854,21.722899394715764,18.335209255968476
212,2016,40.0,27.669,19.544619562086112,24.462112344234765
212,2017,40.0,16.862,20.29010747032537,17.63952383852276
212,2018,40.0,13.272,18.518031472823317,14.828692037979692
212,2019,40.0,24.78,25.526168870887513,23.455601794788222
212,2020,43.0,13.132,16.006781813969535,13.852306677247498
212,2021,40.0,32.197,26.8427463137513,29.964624932796088
212,2022,43.0,30.777,28.41970680685611,32.16325332066039
212,2023,43.0,16.78,15.758069752986124,16.570455918042324
212,2024,40.0,31.718,28.037266015443173,31.355213707324186
212,2025,43.0,28.967,27.693504756264723,29.1429428455299
213,2010,40.0,21.619,20.332927625330548,21.577453771403267
213,2011,40.0,19.84,24.853747421821723,20.20630565587908
213,2012,40.0,16.418,20.09931373532951,19.125448757375253
213,2013,40.0,20.484,23.635447821779618,20.917939916784366
213,2014,40.0,24.244,24.389720709051836,24.811297676799903
213,2015,40.0,21.305,23.497570271221843,22.623485147426543
213,2016,40.0,24.174,18.66717710133055,23.859885568779305
213,2017,40.0,24.459,19.40030596093766,21.230734960995726
213,2018,40.0,26.765,24.497436312249548,25.242226485872706
213,2019,20.0,19.759,19.224844841819507,17.628119987965317
213,2020,43.0,15.964,18.531949007599533,15.396817415625666
213,2021,43.0,33.956,27.560284805319988,30.804015964900092
213,2022,40.0,23.059,26.59170085610959,24.786850727926982
213,2023,43.0,16.769,19.76109875311641,17.616141616158014
213,2025,3.0,30.796,35.8047778347781,32.422044518855586
214,2010,40.0,19.55,20.264656801512,21.05131766377224
214,2011,40.0,20.53,24.13508137950092,20.40557079722633
214,2012,40.0,16.657,19.62707864400844,17.6013312686055
214,2013,40.0,20.64,23.36963303826821,20.0559946900288
214,2014,40.0,26.513,23.24518558990522,24.49977559117734
214,2015,40.0,22.145,23.97876043828549,22.46775055902543
214,2016,40.0,23.114,17.67887425241223,22.718236744333666
214,2017,40.0,24.927,20.74706668141113,22.633821353825887
214,2018,40.0,26.65,23.50195194312385,24.584431568608277
214,2019,40.0,21.573,24.920827043439644,22.83388603369075
214,2020,43.0,15.097,17.691019650399742,14.467616715173882
214,2021,43.0,28.408,28.33239181014837,29.451694138704983
214,2022,40.0,23.271,25.937534842613758,24.546233338778272
214,2023,43.0,16.104,17.27788413356794,16.457940319612746
214,2025,3.0,30.119,33.65981272977559,31.664865192654023
215,2010,40.0,25.285,18.944443392978677,23.0972075789307
215,2011,40.0,22.013,24.9826663318423,23.038043089280055
215,2012,40.0,19.233,20.524010011667947,18.393173868487374
215,2013,40.0,11.653,16.93508067237913,12.075444888260604
215,2014,40.0,26.138,25.89379055487066,24.88699815185251
215,2015,40.0,14.253,13.106324222555699,12.988612825230208
215,2016,40.0,19.726,23.465739464874538,23.681129009789387
215,2017,20.0,15.818,20.766943956088003,15.457072456063912
215,2018,40.0,23.53,23.530585029199216,23.729071672220844
215,2019,40.0,21.773,25.391709846772752,22.421211547419027
215,2020,43.0,15.953,24.89490075797055,18.678458657893096
215,2021,40.0,26.547,23.809408047711155,24.87219700737379
215,2022,43.0,27.345,24.10979133011269,27.83724174647045
215,2023,3.0,24.396,24.934105679583983,23.863539663365295
215,2024,44.0,42.056,31.286959574016556,42.68631212652381
215,2025,40.0,25.924,25.5843790633909,26.675529813907563
216,2010,40.0,28.838,24.061106323305324,27.018065490113518
216,2011,40.0,24.407,24.426449065349008,24.024000756479353
216,2012,40.0,24.394,23.022242243109595,23.566708778529208
216,2013,40.0,24.091,26.330560173295172,25.041293585496003
216,2014,40.0,29.909,25.283918484046183,28.007662353574265
216,2015,40.0,27.174,25.629231351288627,24.42545970856449
216,2016,40.0,26.756,22.991279900559725,26.829738180629008
216,2017,20.0,16.878,27.78429630356352,17.295494283653706
216,2018,40.0,21.175,26.31222604246753,22.534504524205524
216,2019,40.0,21.598,27.315394628418755,22.266451154975307
216,2020,43.0,21.373,23.18853805609722,21.57653557459219
216,2021,40.0,26.041,27.508249787034174,27.15021305526992
216,2022,43.0,39.809,32.09129160439466,38.885106106492806
216,2023,3.0,25.551,33.74087728915398,27.446807352891653
216,2024,44.0,53.586,34.779624032582305,52.07900211058386
216,2025,40.0,28.421,29.798528603930556,28.636989232042357
217,2010,40.0,20.382,20.557310772842545,20.84322435223515
217,2011,40.0,24.75,22.26103096572652,22.46911829452026
217,2012,40.0,16.152,19.215601350681926,16.292520847125747
217,2013,40.0,22.975,21.401092661816218,20.510120948218894
217,2014,40.0,30.689,26.32219629494157,29.779635250411857
217,2015,40.0,12.51,16.22481623511006,13.09136991826739
217,2016,40.0,22.364,22.5576177320876,23.913572973795485
217,2017,20.0,9.526,21.67749497895896,12.982936346425655
217,2018,40.0,11.881,17.63457549437033,13.22500967079203
217,2019,40.0,21.411,24.66177406723893,21.725126676779038
217,2020,43.0,19.61,15.726879280321116,15.98685252662673
217,2021,40.0,31.133,27.170618464295718,30.440459523200783
217,2022,43.0,34.127,28.228863109186317,33.378345922171405
217,2023,3.0,16.278,24.34595504350352,17.186517850058536
217,2024,40.0,33.542,29.735019069185523,32.86876583266567
217,2025,43.0,27.186,29.786436063663828,29.334871862781455
218,2010,40.0,24.997,19.329020636028055,23.323913480171278
218,2011,40.0,16.986,17.710797280485508,17.263104714016904
218,2012,40.0,18.592,19.768393854072478,18.4240662489261
218,2013,40.0,13.76,17.693416275374183,13.218559690829771
218,2014,40.0,21.887,18.66654873370621,20.35316708817393
218,2015,40.0,18.712,19.71422720521867,18.489834323659778
218,2016,40.0,14.839,15.91056222315606,17.463740947368102
218,2017,40.0,12.974,19.264302013431386,16.146824720069894
218,2018,40.0,16.403,16.49488761850212,16.00927324242073
218,2019,40.0,17.299,22.445755510430367,19.932597208638605
218,2020,43.0,17.929,14.279856423752689,13.99058974040328
218,2021,40.0,25.34,22.655460831687964,24.140990489363222
218,2022,43.0,25.543,22.185336389510375,26.46365298695098
218,2023,3.0,23.995,29.07827116545414,24.734408657113054
218,2024,43.0,34.0,30.29848572222528,35.49840387205605
218,2025,43.0,26.461,28.430513891332154,28.407483796628973
219,2010,40.0,24.063,21.487049194402882,23.426019913265065
219,2011,40.0,20.567,24.244336732312103,21.391568118195046
219,2012,40.0,18.639,22.039607551015386,19.57728168003747
219,2013,40.0,17.676,23.151850822164253,19.919410474411404
219,2014,40.0,23.038,27.441921717070315,25.529574038828173
219,2015,40.0,25.288,25.369017906566356,24.293681453107293
219,2016,40.0,22.132,18.20353537470878,21.16217211918474
219,2017,44.0,30.346,35.008920782147015,31.409805222379024
219,2018,40.0,18.597,21.586516675518507,19.941773125325923
219,2019,40.0,21.936,25.78022605929912,23.31846895849469
219,2020,43.0,11.434,15.47128316784978,12.996129005892884
219,2021,40.0,32.401,28.463397929722422,30.79285401655119
219,2022,43.0,34.281,27.672379030061904,32.01614930108047
219,2023,40.0,26.039,21.5671553274038,22.257846707819702
219,2024,43.0,33.588,33.78169178248223,33.77589236443081
219,2025,3.0,38.607,33.32406501422429,37.75616276093538
220,2010,40.0,19.949,20.226672633442472,20.875851572605526
220,2011,40.0,24.819,21.411475938310545,22.544687375358297
220,2012,40.0,17.906,20.446767942416635,18.166871460870095
220,2013,40.0,18.199,20.870504056412322,18.864159259428902
220,2014,40.0,20.431,22.926864621895902,21.374672248252118
220,2015,40.0,23.007,23.59763773231799,21.487062071453373
220,2016,40.0,27.921,18.8093687265956,25.91128135834281
220,2017,20.0,20.171,18.52575724616421,18.473386209733718
220,2018,40.0,19.641,21.320919496856614,19.833607537016437
220,2019,40.0,22.518,24.724839356884306,23.213893533445443
220,2020,43.0,17.675,25.288688451978512,21.84692484841956
220,2021,40.0,25.487,27.30549597472836,28.139570930382405
220,2022,43.0,32.34,29.976992495481426,33.021029223112954
220,2023,3.0,25.408,30.775503156916,25.629088008083404
220,2024,43.0,39.769,30.917844031536752,38.909336301183565
220,2025,43.0,36.214,29.000106165791905,33.72096718838497
221,2017,20.0,12.331,27.723898023252715,14.268864670177162
221,2019,40.0,28.217,27.34964010407636,24.660653395011895
221,2020,43.0,28.632,26.763403244459838,29.870456020160496
221,2021,40.0,27.167,28.83159655091866,27.88426257384612
221,2022,43.0,41.328,34.15269633480546,41.331649730371176
222,2010,40.0,24.025,19.48640125317618,22.373062282675345
222,2011,40.0,22.814,24.97951459737953,23.960597176364875
222,2012,40.0,13.562,19.266600614628288,15.092393416909182
222,2013,40.0,11.753,16.182644965745244,11.900153773719424
222,2014,40.0,23.248,27.421669501190653,24.21313519112551
222,2015,40.0,19.893,17.174774425270538,18.879121955921406
222,2016,40.0,16.724,22.197826451905804,18.433734686687917
222,2017,20.0,14.756,23.746577053439037,15.149791639444333
222,2018,40.0,20.337,17.45140242803613,17.60599886589998
222,2019,40.0,25.605,22.88031808327815,21.846866644873675
222,2020,43.0,9.872,15.729971915088544,12.438943290326762
222,2021,40.0,27.129,28.189747500515114,28.93784541311271
222,2022,43.0,34.904,30.411832560088705,33.58579402640847
222,2023,3.0,20.631,25.101329218128253,20.47008498713806
222,2024,43.0,42.83,31.64339205774401,40.748523861846316
222,2025,40.0,29.642,24.388234763597747,27.852815450089835
223,2010,40.0,28.213,22.143328547385153,26.187902790141848
223,2011,40.0,29.624,23.043113027874323,25.28794164469111
223,2012,40.0,13.923,21.593235952304855,17.191452898606933
223,2013,40.0,14.59,16.83473074475257,14.721105636791016
223,2014,40.0,24.033,27.855647817379573,24.3647241150703
223,2015,40.0,14.01,17.68595202853715,16.032219368111882
223,2016,40.0,21.369,21.780310171846203,21.04668406253621
223,2017,20.0,15.957,24.39605443269636,15.879753354846692
223,2018,40.0,15.562,15.218027269142674,13.881202302853493
223,2019,40.0,24.601,24.789730489545416,23.731233237436808
223,2020,43.0,11.26,16.566914452123857,13.736990468166692
223,2021,40.0,26.7,28.060747757769303,27.7964405961023
223,2022,43.0,28.408,27.770623041925436,30.1485793258403
223,2023,3.0,19.374,25.16150982640959,20.125048996686246
223,2024,43.0,42.385,32.298483601531466,39.059987396612435
223,2025,40.0,27.165,26.569156405355844,28.578580766075678
224,2010,40.0,27.485,24.677541074810502,28.371187997234212
224,2011,40.0,22.157,25.03914565746573,23.671400469307887
224,2012,40.0,28.529,21.60307750398684,24.27040095962593
224,2013,40.0,24.626,25.951983930245547,24.558583001943784
224,2014,40.0,26.593,24.37829232414717,26.661270708317097
224,2015,40.0,19.421,22.72553887764212,20.44278638077263
224,2016,40.0,27.308,25.237983146757216,26.99970792859696
224,2017,20.0,18.488,22.971463786066153,17.851064432876544
224,2018,40.0,21.925,22.148107588325267,21.11430613686294
224,2019,40.0,23.3,27.367204564098188,24.3603579306184
224,2020,43.0,17.282,18.02473377081057,16.879377795919492
224,2021,40.0,24.671,26.544808781062496,26.359124145285346
224,2022,43.0,33.052,28.570815202192136,34.546947341599406
224,2023,3.0,22.415,29.688375242768874,23.512655008574814
224,2024,44.0,49.363,32.96978967377547,49.94635292465667
224,2025,40.0,29.077,26.14425509168754,27.515545472138413
225,2017,20.0,20.693,29.65176502017305,21.26029942516579
225,2019,40.0,19.401,26.931137097166683,22.10369618338833
225,2020,43.0,35.471,27.636624254329412,31.438701134753828
225,2021,40.0,21.724,23.67889786697749,22.30511090219317
225,2022,43.0,45.8,33.687691061170646,44.24331893534299
226,2010,40.0,20.662,18.511610211352455,19.696830820289062
226,2011,40.0,25.954,24.24113441485427,25.098104396027054
226,2012,40.0,13.478,20.091779422743574,17.051439950098075
226,2013,40.0,18.177,24.186935687455264,19.11839888025103
226,2014,40.0,22.283,26.247242782589147,23.507274941350936
226,2015,40.0,18.338,24.917556266528305,21.8045058193118
226,2016,40.0,27.698,20.80341781557668,25.527877660941957
226,2017,40.0,26.29,23.659611344444944,23.27744431519142
226,2018,40.0,20.143,24.474655909984346,21.859708583479023
226,2019,40.0,23.403,24.81290724821144,23.13299523150548
226,2020,43.0,15.046,16.382537539532784,14.307056207149046
226,2021,40.0,27.516,25.87707046011554,26.63282703826795
226,2022,43.0,29.26,28.315067136501483,31.301089037123123
226,2023,3.0,21.623,27.1164100522959,21.850458050190497
226,2024,44.0,45.445,30.473770210125668,47.32799980967921
226,2025,40.0,32.845,25.671702269742607,29.162218691421522
227,2010,40.0,27.361,21.018860166343547,24.095711668077342
227,2011,40.0,17.692,21.78104631817262,18.703565826005853
227,2012,40.0,16.476,17.283761410920814,16.715446583972135
227,2013,40.0,20.165,22.60378125556374,20.965524351682557
227,2014,40.0,24.01,20.744274010146977,22.47707872293418
227,2015,40.0,16.342,21.141112804322326,18.00124959106166
227,2016,40.0,18.933,18.89897471812332,18.235816366792875
227,2017,40.0,17.968,24.45576116013585,19.527468034743734
227,2018,40.0,24.438,25.065497244869388,24.092833505342554
227,2019,20.0,19.179,16.12245177165729,17.545432284249053
227,2020,44.0,22.098,18.049077801763634,21.164627334714492
227,2021,44.0,35.711,37.40853734580355,37.58421813347968
227,2022,44.0,32.383,27.380879848502556,32.10739719095306
227,2023,40.0,25.029,25.47478642689679,25.02913312281557
227,2024,3.0,35.776,33.52075087070869,36.06547500334807
227,2025,24.0,28.22,21.10369015580895,27.43938366311983
228,2010,40.0,23.478,18.73074762363057,22.917968950292995
228,2011,40.0,18.424,23.476763475357945,22.917273388260682
228,2012,40.0,11.162,16.966989789405893,11.979246178835393
228,2013,40.0,24.112,28.983830449399385,22.799002965545995
228,2014,40.0,30.21,28.5566975225143,30.82460934719306
228,2015,40.0,16.277,18.628470476481954,16.611563297401407
228,2016,40.0,15.54,23.904964822515502,18.22068435782524
228,2017,40.0,30.466,28.13399702629335,29.21775994134596
228,2018,16.0,64.855,17.193865589813814,51.81187722413978
228,2019,36.0,22.165,26.49312621721867,21.529302669339266
228,2020,44.0,20.305,22.014372601475923,21.74999724801315
228,2021,44.0,37.058,37.89794247507024,37.27932655390585
228,2022,43.0,32.991,29.44572325607237,34.36801150819893
228,2023,44.0,22.995,23.68434589161612,23.699582783750124
228,2024,40.0,26.042,32.344005147918075,29.858272876736923
228,2025,43.0,35.23,36.63973814758783,34.609893065350086
229,2010,40.0,14.924,13.577125059573472,15.812275840637962
229,2011,40.0,16.809,15.08508759192293,16.1785790369259
229,2012,40.0,9.024,14.504296975102017,9.960369841732016
229,2013,40.0,18.671,26.042290044696948,20.113575592612815
229,2014,40.0,18.888,21.004895255431602,19.76172786192979
229,2015,40.0,16.917,13.319559652999478,14.574258537796362
229,2016,40.0,15.335,16.99747932841504,15.893350116372828
229,2017,40.0,23.881,24.653394954669476,23.53154422178888
229,2018,16.0,28.837,16.62698355063146,30.349441147568314
229,2019,36.0,16.983,22.334809633638667,17.281066313836067
229,2020,44.0,22.21,20.079878756551146,21.515916982207116
229,2021,44.0,24.469,23.976204853622505,24.338420403454986
229,2022,43.0,26.656,20.67602204265521,26.443159709165542
229,2023,44.0,20.76,22.423622530210444,21.05877155877446
229,2024,40.0,20.838,24.52261540407986,22.630353100461658
229,2025,43.0,31.488,32.177132222492034,29.299520203527326
230,2010,40.0,25.814,22.77999210864134,25.426543370997084
230,2011,40.0,17.643,24.46169304155647,19.71327022396577
230,2012,40.0,22.159,26.070609126778276,22.89750753245358
230,2013,40.0,28.546,22.932899126862917,23.16347876475325
230,2014,40.0,20.745,24.671628503043944,24.171870911284614
230,2015,40.0,20.985,21.46956255100185,20.441137945241692
230,2016,40.0,21.473,17.845635302102153,19.882378817915146
230,2017,40.0,28.902,31.580150087064755,28.42454797753693
230,2018,40.0,16.839,21.04867090977357,18.313110215363498
230,2019,44.0,39.929,30.814658761661317,40.10165374840031
230,2020,21.0,12.317,16.300220035411282,13.555532259742984
230,2021,44.0,31.34,33.27322070968057,32.99793458998121
230,2022,40.0,31.92,23.638379838414167,28.675026283806094
230,2023,43.0,15.378,14.956771329173828,15.424935525171923
230,2024,40.0,31.278,28.179762817622628,31.27641005764809
230,2025,43.0,29.788,31.94544582436829,31.853289511337728
231,2010,40.0,27.244,21.699668703179285,24.559668905630218
231,2011,40.0,16.755,21.582273413886497,18.5272797854055
231,2012,40.0,17.558,19.142050249215238,18.686879833876816
231,2013,40.0,22.302,27.99298931945705,24.371523887032268
231,2014,40.0,26.751,24.396674143773854,25.517121407244797
231,2015,40.0,19.308,19.17369021477691,18.504333897973027
231,2016,40.0,33.901,24.099961921248788,30.779534285321063
231,2017,43.0,22.209,22.04931931663156,21.891328078871787
231,2018,36.0,9.584,22.779173146558534,13.270465526162905
231,2019,44.0,42.558,30.711641082504368,41.04486197498237
231,2020,21.0,16.897,14.534822986152816,16.363243801669103
231,2021,44.0,34.016,31.848905719742923,32.98781936497427
231,2022,44.0,22.88,23.116633388044892,23.519990118435892
231,2023,40.0,22.106,19.06883797994845,20.8578176485145
231,2024,43.0,36.423,34.71730416617642,38.856865582328304
231,2025,24.0,24.7,22.271261088211393,25.3292426795347
232,2010,40.0,20.457,21.77344996061729,21.87820148850719
232,2011,40.0,17.736,18.930521681637195,17.938071991517347
232,2012,40.0,23.602,26.02400614788694,23.7993568110399
232,2013,40.0,23.915,23.424861939143405,24.469364168055176
232,2014,40.0,24.254,24.903730855707046,26.001580378117186
232,2015,40.0,13.354,18.4156066288979,15.622569407423878
232,2016,40.0,22.876,23.18703350859145,23.391014872521154
232,2017,43.0,27.603,29.375762829567645,28.939941153726974
232,2018,36.0,12.02,18.996341702846934,13.104607791261472
232,2019,44.0,41.161,28.05459552367535,38.70800564737344
232,2020,21.0,18.421,13.0231740793383,15.763420026221212
232,2021,44.0,29.818,34.181105973123486,32.802458270350755
232,2022,44.0,18.508,19.336454056457793,19.756007683402526
232,2023,40.0,23.085,22.159089489969855,23.006658833041588
232,2024,43.0,41.416,33.11411167686608,37.95250403624956
232,2025,24.0,24.7,21.216929466545132,25.269856724801247
233,2010,40.0,29.024,21.043635736354084,26.43397337503154
233,2011,40.0,21.271,22.554294913405347,22.663744500585956
233,2012,40.0,19.567,20.879103378306965,18.87060126997608
233,2013,40.0,15.523,20.478063764456696,16.138117108165602
233,2014,40.0,24.834,31.135444283015858,26.838243459004637
233,2015,40.0,22.576,22.27422911548195,21.985097724202983
233,2016,40.0,22.677,18.996014768497183,21.444085306745126
233,2017,40.0,20.928,22.04173041770126,21.186042160094622
233,2018,40.0,19.316,24.76867161905725,21.51704374938156
233,2019,40.0,25.64,24.562597359639902,23.97940107597281
233,2020,43.0,17.5,20.540948258023306,17.72862542666295
233,2021,44.0,34.056,32.01328478393326,34.56019585093333
233,2022,46.0,44.169231,26.548580165462102,38.78946268183259
234,2010,40.0,30.815,23.88529552093721,28.04349703529078
234,2011,40.0,25.765,21.941639521568117,24.142277486216656
234,2012,40.0,17.617,23.409134646026853,19.229985456351944
234,2013,40.0,21.286,27.15690441208149,22.608131649224074
234,2014,40.0,22.455,19.403171321355536,21.459035276080535
234,2015,40.0,23.784,21.593424067756107,23.621815883572
234,2016,40.0,27.932,24.98277078924007,26.412050517339345
234,2017,40.0,27.084,25.126484644212592,25.720744811956266
234,2018,40.0,21.424,24.5364798840097,22.281037634303864
234,2019,33.0,6.081,20.4263754846204,9.367128379260157
234,2021,44.0,38.293,34.266775739750905,37.23079600599862
234,2022,43.0,35.318,29.034218851648447,35.89066586875747
234,2023,44.0,24.153,27.03105373940674,25.038222937047983
234,2024,40.0,26.562,27.944231781495834,25.97051935954128
234,2025,62.0,44.593,36.91752932767076,44.6883250408005
